sample_id,video_path,filename,dataset,directory_class,semantic_class,visual_label,audio_label,final_label,identity,race_group,gender_group,content_id,linked_identities,method_hint,component_id,split
fac_eacf4961a68d,data/raw/fakeavceleb/FakeAVCeleb_v1.2/FakeAVCeleb_v1.2/RealVideo-RealAudio/Asian (South)/women/id00043/00135.mp4,00135.mp4,FakeAVCeleb,RealVideo-RealAudio,REAL,0,0,0,id00043,Asian (South),women,135,,unknown,4,calibration
fac_ca4d3bc10a2d,data/raw/fakeavceleb/FakeAVCeleb_v1.2/FakeAVCeleb_v1.2/RealVideo-RealAudio/Asian (South)/women/id00080/00281.mp4,00281.mp4,FakeAVCeleb,RealVideo-RealAudio,REAL,0,0,0,id00080,Asian (South),women,281,,unknown,4,calibration
fac_656aaa2413db,data/raw/fakeavceleb/FakeAVCeleb_v1.2/FakeAVCeleb_v1.2/RealVideo-RealAudio/Asian (South)/women/id00149/00284.mp4,00284.mp4,FakeAVCeleb,RealVideo-RealAudio,REAL,0,0,0,id00149,Asian (South),women,284,,unknown,4,calibration
fac_d0e4f8a19220,data/raw/fakeavceleb/FakeAVCeleb_v1.2/FakeAVCeleb_v1.2/RealVideo-RealAudio/Asian (South)/women/id00235/00052.mp4,00052.mp4,FakeAVCeleb,RealVideo-RealAudio,REAL,0,0,0,id00235,Asian (South),women,52,,unknown,4,calibration
fac_7efa3fd1af45,data/raw/fakeavceleb/FakeAVCeleb_v1.2/FakeAVCeleb_v1.2/RealVideo-RealAudio/Asian (South)/women/id00417/00069.mp4,00069.mp4,FakeAVCeleb,RealVideo-RealAudio,REAL,0,0,0,id00417,Asian (South),women,69,,unknown,4,calibration
fac_1f0825e9d8bb,data/raw/fakeavceleb/FakeAVCeleb_v1.2/FakeAVCeleb_v1.2/RealVideo-RealAudio/Asian (South)/women/id00461/00043.mp4,00043.mp4,FakeAVCeleb,RealVideo-RealAudio,REAL,0,0,0,id00461,Asian (South),women,43,,unknown,4,calibration
fac_c71295aa30a6,data/raw/fakeavceleb/FakeAVCeleb_v1.2/FakeAVCeleb_v1.2/RealVideo-RealAudio/Asian (South)/women/id00488/00028.mp4,00028.mp4,FakeAVCeleb,RealVideo-RealAudio,REAL,0,0,0,id00488,Asian (South),women,28,,unknown,4,calibration
fac_130fab8b04f6,data/raw/fakeavceleb/FakeAVCeleb_v1.2/FakeAVCeleb_v1.2/RealVideo-RealAudio/Asian (South)/women/id00739/00005.mp4,00005.mp4,FakeAVCeleb,RealVideo-RealAudio,REAL,0,0,0,id00739,Asian (South),women,5,,unknown,4,calibration
fac_0e5f972f32d6,data/raw/fakeavceleb/FakeAVCeleb_v1.2/FakeAVCeleb_v1.2/RealVideo-RealAudio/Asian (South)/women/id00747/00053.mp4,00053.mp4,FakeAVCeleb,RealVideo-RealAudio,REAL,0,0,0,id00747,Asian (South),women,53,,unknown,4,calibration
fac_aa8f2901124f,data/raw/fakeavceleb/FakeAVCeleb_v1.2/FakeAVCeleb_v1.2/RealVideo-RealAudio/Asian (South)/women/id01026/00083.mp4,00083.mp4,FakeAVCeleb,RealVideo-RealAudio,REAL,0,0,0,id01026,Asian (South),women,83,,unknown,4,calibration
fac_2746a474a01b,data/raw/fakeavceleb/FakeAVCeleb_v1.2/FakeAVCeleb_v1.2/RealVideo-RealAudio/Asian (South)/women/id02089/00092.mp4,00092.mp4,FakeAVCeleb,RealVideo-RealAudio,REAL,0,0,0,id02089,Asian (South),women,92,,unknown,4,calibration
fac_25ace5ed7fee,data/raw/fakeavceleb/FakeAVCeleb_v1.2/FakeAVCeleb_v1.2/RealVideo-RealAudio/Asian (South)/women/id02310/00139.mp4,00139.mp4,FakeAVCeleb,RealVideo-RealAudio,REAL,0,0,0,id02310,Asian (South),women,139,,unknown,4,calibration
fac_5057b8c454f4,data/raw/fakeavceleb/FakeAVCeleb_v1.2/FakeAVCeleb_v1.2/RealVideo-RealAudio/Asian (South)/women/id02619/00015.mp4,00015.mp4,FakeAVCeleb,RealVideo-RealAudio,REAL,0,0,0,id02619,Asian (South),women,15,,unknown,4,calibration
fac_5815e695eee1,data/raw/fakeavceleb/FakeAVCeleb_v1.2/FakeAVCeleb_v1.2/RealVideo-RealAudio/Asian (South)/women/id03559/00023.mp4,00023.mp4,FakeAVCeleb,RealVideo-RealAudio,REAL,0,0,0,id03559,Asian (South),women,23,,unknown,4,calibration
fac_4c0b2b4d279c,data/raw/fakeavceleb/FakeAVCeleb_v1.2/FakeAVCeleb_v1.2/RealVideo-RealAudio/Asian (South)/women/id03815/00118.mp4,00118.mp4,FakeAVCeleb,RealVideo-RealAudio,REAL,0,0,0,id03815,Asian (South),women,118,,unknown,4,calibration
fac_1bec83edfc4c,data/raw/fakeavceleb/FakeAVCeleb_v1.2/FakeAVCeleb_v1.2/RealVideo-RealAudio/Asian (South)/women/id03897/00021.mp4,00021.mp4,FakeAVCeleb,RealVideo-RealAudio,REAL,0,0,0,id03897,Asian (South),women,21,,unknown,4,calibration
fac_90ae97e72c70,data/raw/fakeavceleb/FakeAVCeleb_v1.2/FakeAVCeleb_v1.2/RealVideo-RealAudio/Asian (South)/women/id03985/00005.mp4,00005.mp4,FakeAVCeleb,RealVideo-RealAudio,REAL,0,0,0,id03985,Asian (South),women,5,,unknown,4,calibration
fac_f21f4e982e2f,data/raw/fakeavceleb/FakeAVCeleb_v1.2/FakeAVCeleb_v1.2/RealVideo-RealAudio/Asian (South)/women/id04070/00072.mp4,00072.mp4,FakeAVCeleb,RealVideo-RealAudio,REAL,0,0,0,id04070,Asian (South),women,72,,unknown,4,calibration
fac_9b59ff7f40f1,data/raw/fakeavceleb/FakeAVCeleb_v1.2/FakeAVCeleb_v1.2/RealVideo-RealAudio/Asian (South)/women/id04490/00054.mp4,00054.mp4,FakeAVCeleb,RealVideo-RealAudio,REAL,0,0,0,id04490,Asian (South),women,54,,unknown,4,calibration
fac_8a390984ea1c,data/raw/fakeavceleb/FakeAVCeleb_v1.2/FakeAVCeleb_v1.2/RealVideo-RealAudio/Asian (South)/women/id04529/00186.mp4,00186.mp4,FakeAVCeleb,RealVideo-RealAudio,REAL,0,0,0,id04529,Asian (South),women,186,,unknown,4,calibration
fac_436cf1018f4d,data/raw/fakeavceleb/FakeAVCeleb_v1.2/FakeAVCeleb_v1.2/RealVideo-RealAudio/Asian (South)/women/id04530/00231.mp4,00231.mp4,FakeAVCeleb,RealVideo-RealAudio,REAL,0,0,0,id04530,Asian (South),women,231,,unknown,4,calibration
fac_bec57bda4794,data/raw/fakeavceleb/FakeAVCeleb_v1.2/FakeAVCeleb_v1.2/RealVideo-RealAudio/Asian (South)/women/id04564/00417.mp4,00417.mp4,FakeAVCeleb,RealVideo-RealAudio,REAL,0,0,0,id04564,Asian (South),women,417,,unknown,4,calibration
fac_81e49a7ee12f,data/raw/fakeavceleb/FakeAVCeleb_v1.2/FakeAVCeleb_v1.2/RealVideo-RealAudio/Asian (South)/women/id04582/00180.mp4,00180.mp4,FakeAVCeleb,RealVideo-RealAudio,REAL,0,0,0,id04582,Asian (South),women,180,,unknown,4,calibration
fac_4ccad0fb70ac,data/raw/fakeavceleb/FakeAVCeleb_v1.2/FakeAVCeleb_v1.2/RealVideo-RealAudio/Asian (South)/women/id04583/00077.mp4,00077.mp4,FakeAVCeleb,RealVideo-RealAudio,REAL,0,0,0,id04583,Asian (South),women,77,,unknown,4,calibration
fac_22dd6a98a8cb,data/raw/fakeavceleb/FakeAVCeleb_v1.2/FakeAVCeleb_v1.2/RealVideo-RealAudio/Asian (South)/women/id04927/00013.mp4,00013.mp4,FakeAVCeleb,RealVideo-RealAudio,REAL,0,0,0,id04927,Asian (South),women,13,,unknown,4,calibration
fac_9b1b54c7c92e,data/raw/fakeavceleb/FakeAVCeleb_v1.2/FakeAVCeleb_v1.2/RealVideo-RealAudio/Asian (South)/women/id05434/00052.mp4,00052.mp4,FakeAVCeleb,RealVideo-RealAudio,REAL,0,0,0,id05434,Asian (South),women,52,,unknown,4,calibration
fac_77933d7e6c8f,data/raw/fakeavceleb/FakeAVCeleb_v1.2/FakeAVCeleb_v1.2/RealVideo-RealAudio/Asian (South)/women/id05435/00107.mp4,00107.mp4,FakeAVCeleb,RealVideo-RealAudio,REAL,0,0,0,id05435,Asian (South),women,107,,unknown,4,calibration
fac_af7ddcdc0f4f,data/raw/fakeavceleb/FakeAVCeleb_v1.2/FakeAVCeleb_v1.2/RealVideo-RealAudio/Asian (South)/women/id05478/00135.mp4,00135.mp4,FakeAVCeleb,RealVideo-RealAudio,REAL,0,0,0,id05478,Asian (South),women,135,,unknown,4,calibration
fac_60971609d2bf,data/raw/fakeavceleb/FakeAVCeleb_v1.2/FakeAVCeleb_v1.2/RealVideo-RealAudio/Asian (South)/women/id05845/00027.mp4,00027.mp4,FakeAVCeleb,RealVideo-RealAudio,REAL,0,0,0,id05845,Asian (South),women,27,,unknown,4,calibration
fac_3bae6643dd4d,data/raw/fakeavceleb/FakeAVCeleb_v1.2/FakeAVCeleb_v1.2/RealVideo-RealAudio/Asian (South)/women/id05920/00161.mp4,00161.mp4,FakeAVCeleb,RealVideo-RealAudio,REAL,0,0,0,id05920,Asian (South),women,161,,unknown,4,calibration
fac_cbb770cd09f3,data/raw/fakeavceleb/FakeAVCeleb_v1.2/FakeAVCeleb_v1.2/RealVideo-RealAudio/Asian (South)/women/id05931/00013.mp4,00013.mp4,FakeAVCeleb,RealVideo-RealAudio,REAL,0,0,0,id05931,Asian (South),women,13,,unknown,4,calibration
fac_2998074c02dc,data/raw/fakeavceleb/FakeAVCeleb_v1.2/FakeAVCeleb_v1.2/RealVideo-RealAudio/Asian (South)/women/id06232/00025.mp4,00025.mp4,FakeAVCeleb,RealVideo-RealAudio,REAL,0,0,0,id06232,Asian (South),women,25,,unknown,4,calibration
fac_1d5e50f75209,data/raw/fakeavceleb/FakeAVCeleb_v1.2/FakeAVCeleb_v1.2/RealVideo-RealAudio/Asian (South)/women/id06254/00043.mp4,00043.mp4,FakeAVCeleb,RealVideo-RealAudio,REAL,0,0,0,id06254,Asian (South),women,43,,unknown,4,calibration
fac_7e43fb8300ad,data/raw/fakeavceleb/FakeAVCeleb_v1.2/FakeAVCeleb_v1.2/RealVideo-RealAudio/Asian (South)/women/id06268/00159.mp4,00159.mp4,FakeAVCeleb,RealVideo-RealAudio,REAL,0,0,0,id06268,Asian (South),women,159,,unknown,4,calibration
fac_58f00ecdb2fc,data/raw/fakeavceleb/FakeAVCeleb_v1.2/FakeAVCeleb_v1.2/RealVideo-RealAudio/Asian (South)/women/id06343/00023.mp4,00023.mp4,FakeAVCeleb,RealVideo-RealAudio,REAL,0,0,0,id06343,Asian (South),women,23,,unknown,4,calibration
fac_47d6dca67e08,data/raw/fakeavceleb/FakeAVCeleb_v1.2/FakeAVCeleb_v1.2/RealVideo-RealAudio/Asian (South)/women/id06428/00043.mp4,00043.mp4,FakeAVCeleb,RealVideo-RealAudio,REAL,0,0,0,id06428,Asian (South),women,43,,unknown,4,calibration
fac_c65dd950ebd4,data/raw/fakeavceleb/FakeAVCeleb_v1.2/FakeAVCeleb_v1.2/RealVideo-RealAudio/Asian (South)/women/id06437/00028.mp4,00028.mp4,FakeAVCeleb,RealVideo-RealAudio,REAL,0,0,0,id06437,Asian (South),women,28,,unknown,4,calibration
fac_5b8857741e86,data/raw/fakeavceleb/FakeAVCeleb_v1.2/FakeAVCeleb_v1.2/RealVideo-RealAudio/Asian (South)/women/id06438/00110.mp4,00110.mp4,FakeAVCeleb,RealVideo-RealAudio,REAL,0,0,0,id06438,Asian (South),women,110,,unknown,4,calibration
fac_c769a979a454,data/raw/fakeavceleb/FakeAVCeleb_v1.2/FakeAVCeleb_v1.2/RealVideo-RealAudio/Asian (South)/women/id06439/00118.mp4,00118.mp4,FakeAVCeleb,RealVideo-RealAudio,REAL,0,0,0,id06439,Asian (South),women,118,,unknown,4,calibration
fac_a387815879bb,data/raw/fakeavceleb/FakeAVCeleb_v1.2/FakeAVCeleb_v1.2/RealVideo-RealAudio/Asian (South)/women/id06445/00150.mp4,00150.mp4,FakeAVCeleb,RealVideo-RealAudio,REAL,0,0,0,id06445,Asian (South),women,150,,unknown,4,calibration
fac_4932b8a97a9c,data/raw/fakeavceleb/FakeAVCeleb_v1.2/FakeAVCeleb_v1.2/RealVideo-RealAudio/Asian (South)/women/id06752/00221.mp4,00221.mp4,FakeAVCeleb,RealVideo-RealAudio,REAL,0,0,0,id06752,Asian (South),women,221,,unknown,4,calibration
fac_cb56f9fd408a,data/raw/fakeavceleb/FakeAVCeleb_v1.2/FakeAVCeleb_v1.2/RealVideo-RealAudio/Asian (South)/women/id07008/00175.mp4,00175.mp4,FakeAVCeleb,RealVideo-RealAudio,REAL,0,0,0,id07008,Asian (South),women,175,,unknown,4,calibration
fac_b550d23cc8e1,data/raw/fakeavceleb/FakeAVCeleb_v1.2/FakeAVCeleb_v1.2/RealVideo-RealAudio/Asian (South)/women/id07049/00043.mp4,00043.mp4,FakeAVCeleb,RealVideo-RealAudio,REAL,0,0,0,id07049,Asian (South),women,43,,unknown,4,calibration
fac_440feb6f025b,data/raw/fakeavceleb/FakeAVCeleb_v1.2/FakeAVCeleb_v1.2/RealVideo-RealAudio/Asian (South)/women/id07051/00083.mp4,00083.mp4,FakeAVCeleb,RealVideo-RealAudio,REAL,0,0,0,id07051,Asian (South),women,83,,unknown,4,calibration
fac_b9289fbfa10f,data/raw/fakeavceleb/FakeAVCeleb_v1.2/FakeAVCeleb_v1.2/RealVideo-RealAudio/Asian (South)/women/id07078/00405.mp4,00405.mp4,FakeAVCeleb,RealVideo-RealAudio,REAL,0,0,0,id07078,Asian (South),women,405,,unknown,4,calibration
fac_64cc11f53919,data/raw/fakeavceleb/FakeAVCeleb_v1.2/FakeAVCeleb_v1.2/RealVideo-RealAudio/Asian (South)/women/id07136/00052.mp4,00052.mp4,FakeAVCeleb,RealVideo-RealAudio,REAL,0,0,0,id07136,Asian (South),women,52,,unknown,4,calibration
fac_b10500ebf662,data/raw/fakeavceleb/FakeAVCeleb_v1.2/FakeAVCeleb_v1.2/RealVideo-RealAudio/Asian (South)/women/id07236/00143.mp4,00143.mp4,FakeAVCeleb,RealVideo-RealAudio,REAL,0,0,0,id07236,Asian (South),women,143,,unknown,4,calibration
fac_72fd325b912a,data/raw/fakeavceleb/FakeAVCeleb_v1.2/FakeAVCeleb_v1.2/RealVideo-RealAudio/Asian (South)/women/id07377/00025.mp4,00025.mp4,FakeAVCeleb,RealVideo-RealAudio,REAL,0,0,0,id07377,Asian (South),women,25,,unknown,4,calibration
fac_9622bcc0f94e,data/raw/fakeavceleb/FakeAVCeleb_v1.2/FakeAVCeleb_v1.2/RealVideo-RealAudio/Asian (South)/women/id07686/00254.mp4,00254.mp4,FakeAVCeleb,RealVideo-RealAudio,REAL,0,0,0,id07686,Asian (South),women,254,,unknown,4,calibration
fac_1b1b5f15b6d9,data/raw/fakeavceleb/FakeAVCeleb_v1.2/FakeAVCeleb_v1.2/RealVideo-RealAudio/Asian (South)/women/id07689/00028.mp4,00028.mp4,FakeAVCeleb,RealVideo-RealAudio,REAL,0,0,0,id07689,Asian (South),women,28,,unknown,4,calibration
fac_9069f0d83600,data/raw/fakeavceleb/FakeAVCeleb_v1.2/FakeAVCeleb_v1.2/FakeVideo-RealAudio/Asian (South)/women/id00043/00135_id00417_GhIZam3v09g.mp4,00135_id00417_GhIZam3v09g.mp4,FakeAVCeleb,FakeVideo-RealAudio,VISUAL_MANIPULATION,1,0,1,id00043,Asian (South),women,135,id00417,unknown,4,calibration
fac_4622c636a076,data/raw/fakeavceleb/FakeAVCeleb_v1.2/FakeAVCeleb_v1.2/FakeVideo-RealAudio/Asian (South)/women/id00043/00135_id00417_GhIZam3v09g_faceswap.mp4,00135_id00417_GhIZam3v09g_faceswap.mp4,FakeAVCeleb,FakeVideo-RealAudio,VISUAL_MANIPULATION,1,0,1,id00043,Asian (South),women,135,id00417,faceswap,4,calibration
fac_6b5ba4b90325,data/raw/fakeavceleb/FakeAVCeleb_v1.2/FakeAVCeleb_v1.2/FakeVideo-RealAudio/Asian (South)/women/id00043/00135_id01026_rM4ZERt7oM0.mp4,00135_id01026_rM4ZERt7oM0.mp4,FakeAVCeleb,FakeVideo-RealAudio,VISUAL_MANIPULATION,1,0,1,id00043,Asian (South),women,135,id01026,unknown,4,calibration
fac_f6097624e0f2,data/raw/fakeavceleb/FakeAVCeleb_v1.2/FakeAVCeleb_v1.2/FakeVideo-RealAudio/Asian (South)/women/id00043/00135_id01026_wavtolip.mp4,00135_id01026_wavtolip.mp4,FakeAVCeleb,FakeVideo-RealAudio,VISUAL_MANIPULATION,1,0,1,id00043,Asian (South),women,135,id01026,wav2lip,4,calibration
fac_83373abe1955,data/raw/fakeavceleb/FakeAVCeleb_v1.2/FakeAVCeleb_v1.2/FakeVideo-RealAudio/Asian (South)/women/id00043/00135_id02619_6AKIR2gTCNU.mp4,00135_id02619_6AKIR2gTCNU.mp4,FakeAVCeleb,FakeVideo-RealAudio,VISUAL_MANIPULATION,1,0,1,id00043,Asian (South),women,135,id02619,unknown,4,calibration
fac_cb68d161a8a6,data/raw/fakeavceleb/FakeAVCeleb_v1.2/FakeAVCeleb_v1.2/FakeVideo-RealAudio/Asian (South)/women/id00043/00135_id03815_hw41YlLps4w.mp4,00135_id03815_hw41YlLps4w.mp4,FakeAVCeleb,FakeVideo-RealAudio,VISUAL_MANIPULATION,1,0,1,id00043,Asian (South),women,135,id03815,unknown,4,calibration
fac_eb3fe540be83,data/raw/fakeavceleb/FakeAVCeleb_v1.2/FakeAVCeleb_v1.2/FakeVideo-RealAudio/Asian (South)/women/id00043/00135_id04529_S92uo-UShxE.mp4,00135_id04529_S92uo-UShxE.mp4,FakeAVCeleb,FakeVideo-RealAudio,VISUAL_MANIPULATION,1,0,1,id00043,Asian (South),women,135,id04529,unknown,4,calibration
fac_fe5201fc220a,data/raw/fakeavceleb/FakeAVCeleb_v1.2/FakeAVCeleb_v1.2/FakeVideo-RealAudio/Asian (South)/women/id00043/00135_id04530_W5-PTTL9HzU.mp4,00135_id04530_W5-PTTL9HzU.mp4,FakeAVCeleb,FakeVideo-RealAudio,VISUAL_MANIPULATION,1,0,1,id00043,Asian (South),women,135,id04530,unknown,4,calibration
fac_869adfbc0bd0,data/raw/fakeavceleb/FakeAVCeleb_v1.2/FakeAVCeleb_v1.2/FakeVideo-RealAudio/Asian (South)/women/id00043/00135_id04564_wavtolip.mp4,00135_id04564_wavtolip.mp4,FakeAVCeleb,FakeVideo-RealAudio,VISUAL_MANIPULATION,1,0,1,id00043,Asian (South),women,135,id04564,wav2lip,4,calibration
fac_196e945c6bd2,data/raw/fakeavceleb/FakeAVCeleb_v1.2/FakeAVCeleb_v1.2/FakeVideo-RealAudio/Asian (South)/women/id00043/00135_id04927_wavtolip.mp4,00135_id04927_wavtolip.mp4,FakeAVCeleb,FakeVideo-RealAudio,VISUAL_MANIPULATION,1,0,1,id00043,Asian (South),women,135,id04927,wav2lip,4,calibration
fac_98da76001ad7,data/raw/fakeavceleb/FakeAVCeleb_v1.2/FakeAVCeleb_v1.2/FakeVideo-RealAudio/Asian (South)/women/id00043/00135_id05435_wavtolip.mp4,00135_id05435_wavtolip.mp4,FakeAVCeleb,FakeVideo-RealAudio,VISUAL_MANIPULATION,1,0,1,id00043,Asian (South),women,135,id05435,wav2lip,4,calibration
fac_475267369a48,data/raw/fakeavceleb/FakeAVCeleb_v1.2/FakeAVCeleb_v1.2/FakeVideo-RealAudio/Asian (South)/women/id00043/00135_id05478_wavtolip.mp4,00135_id05478_wavtolip.mp4,FakeAVCeleb,FakeVideo-RealAudio,VISUAL_MANIPULATION,1,0,1,id00043,Asian (South),women,135,id05478,wav2lip,4,calibration
fac_d93fede5ed36,data/raw/fakeavceleb/FakeAVCeleb_v1.2/FakeAVCeleb_v1.2/FakeVideo-RealAudio/Asian (South)/women/id00043/00135_id05845_XfMHm6CEwPw.mp4,00135_id05845_XfMHm6CEwPw.mp4,FakeAVCeleb,FakeVideo-RealAudio,VISUAL_MANIPULATION,1,0,1,id00043,Asian (South),women,135,id05845,unknown,4,calibration
fac_366547b2615e,data/raw/fakeavceleb/FakeAVCeleb_v1.2/FakeAVCeleb_v1.2/FakeVideo-RealAudio/Asian (South)/women/id00043/00135_id06232_wavtolip.mp4,00135_id06232_wavtolip.mp4,FakeAVCeleb,FakeVideo-RealAudio,VISUAL_MANIPULATION,1,0,1,id00043,Asian (South),women,135,id06232,wav2lip,4,calibration
fac_d442247a661b,data/raw/fakeavceleb/FakeAVCeleb_v1.2/FakeAVCeleb_v1.2/FakeVideo-RealAudio/Asian (South)/women/id00043/00135_id06268_wavtolip.mp4,00135_id06268_wavtolip.mp4,FakeAVCeleb,FakeVideo-RealAudio,VISUAL_MANIPULATION,1,0,1,id00043,Asian (South),women,135,id06268,wav2lip,4,calibration
fac_486398a0ccc1,data/raw/fakeavceleb/FakeAVCeleb_v1.2/FakeAVCeleb_v1.2/FakeVideo-RealAudio/Asian (South)/women/id00043/00135_id06343_wavtolip.mp4,00135_id06343_wavtolip.mp4,FakeAVCeleb,FakeVideo-RealAudio,VISUAL_MANIPULATION,1,0,1,id00043,Asian (South),women,135,id06343,wav2lip,4,calibration
fac_54df612bb025,data/raw/fakeavceleb/FakeAVCeleb_v1.2/FakeAVCeleb_v1.2/FakeVideo-RealAudio/Asian (South)/women/id00043/00135_id06445_NWtdqOxEbDY.mp4,00135_id06445_NWtdqOxEbDY.mp4,FakeAVCeleb,FakeVideo-RealAudio,VISUAL_MANIPULATION,1,0,1,id00043,Asian (South),women,135,id06445,unknown,4,calibration
fac_ef35d0b13a3d,data/raw/fakeavceleb/FakeAVCeleb_v1.2/FakeAVCeleb_v1.2/FakeVideo-RealAudio/Asian (South)/women/id00043/00135_id06445_wavtolip.mp4,00135_id06445_wavtolip.mp4,FakeAVCeleb,FakeVideo-RealAudio,VISUAL_MANIPULATION,1,0,1,id00043,Asian (South),women,135,id06445,wav2lip,4,calibration
fac_50e6bce51c6e,data/raw/fakeavceleb/FakeAVCeleb_v1.2/FakeAVCeleb_v1.2/FakeVideo-RealAudio/Asian (South)/women/id00043/00135_id07078_wavtolip.mp4,00135_id07078_wavtolip.mp4,FakeAVCeleb,FakeVideo-RealAudio,VISUAL_MANIPULATION,1,0,1,id00043,Asian (South),women,135,id07078,wav2lip,4,calibration
fac_4c62878b42c2,data/raw/fakeavceleb/FakeAVCeleb_v1.2/FakeAVCeleb_v1.2/FakeVideo-RealAudio/Asian (South)/women/id00080/00028_0.mp4,00028_0.mp4,FakeAVCeleb,FakeVideo-RealAudio,VISUAL_MANIPULATION,1,0,1,id00080,Asian (South),women,28,,unknown,4,calibration
fac_e8d0389c57ef,data/raw/fakeavceleb/FakeAVCeleb_v1.2/FakeAVCeleb_v1.2/FakeVideo-RealAudio/Asian (South)/women/id00080/00281_id00417_wavtolip.mp4,00281_id00417_wavtolip.mp4,FakeAVCeleb,FakeVideo-RealAudio,VISUAL_MANIPULATION,1,0,1,id00080,Asian (South),women,281,id00417,wav2lip,4,calibration
fac_641e82634fa6,data/raw/fakeavceleb/FakeAVCeleb_v1.2/FakeAVCeleb_v1.2/FakeVideo-RealAudio/Asian (South)/women/id00080/00281_id00488_wavtolip.mp4,00281_id00488_wavtolip.mp4,FakeAVCeleb,FakeVideo-RealAudio,VISUAL_MANIPULATION,1,0,1,id00080,Asian (South),women,281,id00488,wav2lip,4,calibration
fac_a2f0ddf0c0eb,data/raw/fakeavceleb/FakeAVCeleb_v1.2/FakeAVCeleb_v1.2/FakeVideo-RealAudio/Asian (South)/women/id00080/00281_id01026_rM4ZERt7oM0.mp4,00281_id01026_rM4ZERt7oM0.mp4,FakeAVCeleb,FakeVideo-RealAudio,VISUAL_MANIPULATION,1,0,1,id00080,Asian (South),women,281,id01026,unknown,4,calibration
fac_bf9ddb2646c9,data/raw/fakeavceleb/FakeAVCeleb_v1.2/FakeAVCeleb_v1.2/FakeVideo-RealAudio/Asian (South)/women/id00080/00281_id02310_zA-8Pw0SvZg.mp4,00281_id02310_zA-8Pw0SvZg.mp4,FakeAVCeleb,FakeVideo-RealAudio,VISUAL_MANIPULATION,1,0,1,id00080,Asian (South),women,281,id02310,unknown,4,calibration
fac_255422871fe6,data/raw/fakeavceleb/FakeAVCeleb_v1.2/FakeAVCeleb_v1.2/FakeVideo-RealAudio/Asian (South)/women/id00080/00281_id03815_hw41YlLps4w.mp4,00281_id03815_hw41YlLps4w.mp4,FakeAVCeleb,FakeVideo-RealAudio,VISUAL_MANIPULATION,1,0,1,id00080,Asian (South),women,281,id03815,unknown,4,calibration
fac_39c3181e3f35,data/raw/fakeavceleb/FakeAVCeleb_v1.2/FakeAVCeleb_v1.2/FakeVideo-RealAudio/Asian (South)/women/id00080/00281_id03815_wavtolip.mp4,00281_id03815_wavtolip.mp4,FakeAVCeleb,FakeVideo-RealAudio,VISUAL_MANIPULATION,1,0,1,id00080,Asian (South),women,281,id03815,wav2lip,4,calibration
fac_88c098029117,data/raw/fakeavceleb/FakeAVCeleb_v1.2/FakeAVCeleb_v1.2/FakeVideo-RealAudio/Asian (South)/women/id00080/00281_id03897_wavtolip.mp4,00281_id03897_wavtolip.mp4,FakeAVCeleb,FakeVideo-RealAudio,VISUAL_MANIPULATION,1,0,1,id00080,Asian (South),women,281,id03897,wav2lip,4,calibration
fac_d485c6c090e0,data/raw/fakeavceleb/FakeAVCeleb_v1.2/FakeAVCeleb_v1.2/FakeVideo-RealAudio/Asian (South)/women/id00080/00281_id04070_F3CgrqRjcgw.mp4,00281_id04070_F3CgrqRjcgw.mp4,FakeAVCeleb,FakeVideo-RealAudio,VISUAL_MANIPULATION,1,0,1,id00080,Asian (South),women,281,id04070,unknown,4,calibration
fac_75d953a5c286,data/raw/fakeavceleb/FakeAVCeleb_v1.2/FakeAVCeleb_v1.2/FakeVideo-RealAudio/Asian (South)/women/id00080/00281_id04530_wavtolip.mp4,00281_id04530_wavtolip.mp4,FakeAVCeleb,FakeVideo-RealAudio,VISUAL_MANIPULATION,1,0,1,id00080,Asian (South),women,281,id04530,wav2lip,4,calibration
fac_dabf8f7ad7e7,data/raw/fakeavceleb/FakeAVCeleb_v1.2/FakeAVCeleb_v1.2/FakeVideo-RealAudio/Asian (South)/women/id00080/00281_id04583_wavtolip.mp4,00281_id04583_wavtolip.mp4,FakeAVCeleb,FakeVideo-RealAudio,VISUAL_MANIPULATION,1,0,1,id00080,Asian (South),women,281,id04583,wav2lip,4,calibration
fac_b90f3160daa4,data/raw/fakeavceleb/FakeAVCeleb_v1.2/FakeAVCeleb_v1.2/FakeVideo-RealAudio/Asian (South)/women/id00080/00281_id05435_OvX-Jv_whcU.mp4,00281_id05435_OvX-Jv_whcU.mp4,FakeAVCeleb,FakeVideo-RealAudio,VISUAL_MANIPULATION,1,0,1,id00080,Asian (South),women,281,id05435,unknown,4,calibration
fac_0a7ba041e33c,data/raw/fakeavceleb/FakeAVCeleb_v1.2/FakeAVCeleb_v1.2/FakeVideo-RealAudio/Asian (South)/women/id00080/00281_id06268_wavtolip.mp4,00281_id06268_wavtolip.mp4,FakeAVCeleb,FakeVideo-RealAudio,VISUAL_MANIPULATION,1,0,1,id00080,Asian (South),women,281,id06268,wav2lip,4,calibration
fac_739491fc18ac,data/raw/fakeavceleb/FakeAVCeleb_v1.2/FakeAVCeleb_v1.2/FakeVideo-RealAudio/Asian (South)/women/id00080/00281_id06438_wavtolip.mp4,00281_id06438_wavtolip.mp4,FakeAVCeleb,FakeVideo-RealAudio,VISUAL_MANIPULATION,1,0,1,id00080,Asian (South),women,281,id06438,wav2lip,4,calibration
fac_a1edff5cd15c,data/raw/fakeavceleb/FakeAVCeleb_v1.2/FakeAVCeleb_v1.2/FakeVideo-RealAudio/Asian (South)/women/id00080/00281_id06445_wavtolip.mp4,00281_id06445_wavtolip.mp4,FakeAVCeleb,FakeVideo-RealAudio,VISUAL_MANIPULATION,1,0,1,id00080,Asian (South),women,281,id06445,wav2lip,4,calibration
fac_adc3381b9a26,data/raw/fakeavceleb/FakeAVCeleb_v1.2/FakeAVCeleb_v1.2/FakeVideo-RealAudio/Asian (South)/women/id00080/00281_id07008_hbwmyKv9Hio.mp4,00281_id07008_hbwmyKv9Hio.mp4,FakeAVCeleb,FakeVideo-RealAudio,VISUAL_MANIPULATION,1,0,1,id00080,Asian (South),women,281,id07008,unknown,4,calibration
fac_6ebca596d274,data/raw/fakeavceleb/FakeAVCeleb_v1.2/FakeAVCeleb_v1.2/FakeVideo-RealAudio/Asian (South)/women/id00080/00281_id07136_4e43eS5p3_M.mp4,00281_id07136_4e43eS5p3_M.mp4,FakeAVCeleb,FakeVideo-RealAudio,VISUAL_MANIPULATION,1,0,1,id00080,Asian (South),women,281,id07136,unknown,4,calibration
fac_cf70b4a2e7c1,data/raw/fakeavceleb/FakeAVCeleb_v1.2/FakeAVCeleb_v1.2/FakeVideo-RealAudio/Asian (South)/women/id00080/00281_id07136_4e43eS5p3_M_faceswap.mp4,00281_id07136_4e43eS5p3_M_faceswap.mp4,FakeAVCeleb,FakeVideo-RealAudio,VISUAL_MANIPULATION,1,0,1,id00080,Asian (South),women,281,id07136,faceswap,4,calibration
fac_35c7692b0f07,data/raw/fakeavceleb/FakeAVCeleb_v1.2/FakeAVCeleb_v1.2/FakeVideo-RealAudio/Asian (South)/women/id00080/00281_id07377_FGNavKcGANA.mp4,00281_id07377_FGNavKcGANA.mp4,FakeAVCeleb,FakeVideo-RealAudio,VISUAL_MANIPULATION,1,0,1,id00080,Asian (South),women,281,id07377,unknown,4,calibration
fac_be8609f0edb2,data/raw/fakeavceleb/FakeAVCeleb_v1.2/FakeAVCeleb_v1.2/FakeVideo-RealAudio/Asian (South)/women/id00080/00281_id07377_wavtolip.mp4,00281_id07377_wavtolip.mp4,FakeAVCeleb,FakeVideo-RealAudio,VISUAL_MANIPULATION,1,0,1,id00080,Asian (South),women,281,id07377,wav2lip,4,calibration
fac_fb0a824102b6,data/raw/fakeavceleb/FakeAVCeleb_v1.2/FakeAVCeleb_v1.2/FakeVideo-RealAudio/Asian (South)/women/id00149/00284_0.mp4,00284_0.mp4,FakeAVCeleb,FakeVideo-RealAudio,VISUAL_MANIPULATION,1,0,1,id00149,Asian (South),women,284,,unknown,4,calibration
fac_f4b39587f154,data/raw/fakeavceleb/FakeAVCeleb_v1.2/FakeAVCeleb_v1.2/FakeVideo-RealAudio/Asian (South)/women/id00149/00284_id00149_wavtolip.mp4,00284_id00149_wavtolip.mp4,FakeAVCeleb,FakeVideo-RealAudio,VISUAL_MANIPULATION,1,0,1,id00149,Asian (South),women,284,id00149,wav2lip,4,calibration
fac_845641e2c800,data/raw/fakeavceleb/FakeAVCeleb_v1.2/FakeAVCeleb_v1.2/FakeVideo-RealAudio/Asian (South)/women/id00149/00284_id00417_wavtolip.mp4,00284_id00417_wavtolip.mp4,FakeAVCeleb,FakeVideo-RealAudio,VISUAL_MANIPULATION,1,0,1,id00149,Asian (South),women,284,id00417,wav2lip,4,calibration
fac_3e34a8b6719d,data/raw/fakeavceleb/FakeAVCeleb_v1.2/FakeAVCeleb_v1.2/FakeVideo-RealAudio/Asian (South)/women/id00149/00284_id00461_Ort9NW3SJU4.mp4,00284_id00461_Ort9NW3SJU4.mp4,FakeAVCeleb,FakeVideo-RealAudio,VISUAL_MANIPULATION,1,0,1,id00149,Asian (South),women,284,id00461,unknown,4,calibration
fac_8b09c98e8438,data/raw/fakeavceleb/FakeAVCeleb_v1.2/FakeAVCeleb_v1.2/FakeVideo-RealAudio/Asian (South)/women/id00149/00284_id00747_wavtolip.mp4,00284_id00747_wavtolip.mp4,FakeAVCeleb,FakeVideo-RealAudio,VISUAL_MANIPULATION,1,0,1,id00149,Asian (South),women,284,id00747,wav2lip,4,calibration
fac_9ae486179b61,data/raw/fakeavceleb/FakeAVCeleb_v1.2/FakeAVCeleb_v1.2/FakeVideo-RealAudio/Asian (South)/women/id00149/00284_id02310_zA-8Pw0SvZg.mp4,00284_id02310_zA-8Pw0SvZg.mp4,FakeAVCeleb,FakeVideo-RealAudio,VISUAL_MANIPULATION,1,0,1,id00149,Asian (South),women,284,id02310,unknown,4,calibration
fac_88e9e21ee7eb,data/raw/fakeavceleb/FakeAVCeleb_v1.2/FakeAVCeleb_v1.2/FakeVideo-RealAudio/Asian (South)/women/id00149/00284_id02619_wavtolip.mp4,00284_id02619_wavtolip.mp4,FakeAVCeleb,FakeVideo-RealAudio,VISUAL_MANIPULATION,1,0,1,id00149,Asian (South),women,284,id02619,wav2lip,4,calibration
fac_e017c8657fa8,data/raw/fakeavceleb/FakeAVCeleb_v1.2/FakeAVCeleb_v1.2/FakeVideo-RealAudio/Asian (South)/women/id00149/00284_id03559_pgetxl1qbzM.mp4,00284_id03559_pgetxl1qbzM.mp4,FakeAVCeleb,FakeVideo-RealAudio,VISUAL_MANIPULATION,1,0,1,id00149,Asian (South),women,284,id03559,unknown,4,calibration
fac_3a945324ab43,data/raw/fakeavceleb/FakeAVCeleb_v1.2/FakeAVCeleb_v1.2/FakeVideo-RealAudio/Asian (South)/women/id00149/00284_id04530_W5-PTTL9HzU.mp4,00284_id04530_W5-PTTL9HzU.mp4,FakeAVCeleb,FakeVideo-RealAudio,VISUAL_MANIPULATION,1,0,1,id00149,Asian (South),women,284,id04530,unknown,4,calibration
fac_08715ec9cc56,data/raw/fakeavceleb/FakeAVCeleb_v1.2/FakeAVCeleb_v1.2/FakeVideo-RealAudio/Asian (South)/women/id00149/00284_id04582_wavtolip.mp4,00284_id04582_wavtolip.mp4,FakeAVCeleb,FakeVideo-RealAudio,VISUAL_MANIPULATION,1,0,1,id00149,Asian (South),women,284,id04582,wav2lip,4,calibration
fac_051241efa9e0,data/raw/fakeavceleb/FakeAVCeleb_v1.2/FakeAVCeleb_v1.2/FakeVideo-RealAudio/Asian (South)/women/id00149/00284_id04583_M10zZFjuAb0.mp4,00284_id04583_M10zZFjuAb0.mp4,FakeAVCeleb,FakeVideo-RealAudio,VISUAL_MANIPULATION,1,0,1,id00149,Asian (South),women,284,id04583,unknown,4,calibration
fac_2542e952d745,data/raw/fakeavceleb/FakeAVCeleb_v1.2/FakeAVCeleb_v1.2/FakeVideo-RealAudio/Asian (South)/women/id00149/00284_id04583_wavtolip.mp4,00284_id04583_wavtolip.mp4,FakeAVCeleb,FakeVideo-RealAudio,VISUAL_MANIPULATION,1,0,1,id00149,Asian (South),women,284,id04583,wav2lip,4,calibration
fac_3c5e22706401,data/raw/fakeavceleb/FakeAVCeleb_v1.2/FakeAVCeleb_v1.2/FakeVideo-RealAudio/Asian (South)/women/id00149/00284_id05920_wavtolip.mp4,00284_id05920_wavtolip.mp4,FakeAVCeleb,FakeVideo-RealAudio,VISUAL_MANIPULATION,1,0,1,id00149,Asian (South),women,284,id05920,wav2lip,4,calibration
fac_dd2f29b531a8,data/raw/fakeavceleb/FakeAVCeleb_v1.2/FakeAVCeleb_v1.2/FakeVideo-RealAudio/Asian (South)/women/id00149/00284_id06232_wavtolip.mp4,00284_id06232_wavtolip.mp4,FakeAVCeleb,FakeVideo-RealAudio,VISUAL_MANIPULATION,1,0,1,id00149,Asian (South),women,284,id06232,wav2lip,4,calibration
fac_1f75ea6cd439,data/raw/fakeavceleb/FakeAVCeleb_v1.2/FakeAVCeleb_v1.2/FakeVideo-RealAudio/Asian (South)/women/id00149/00284_id06343_wavtolip.mp4,00284_id06343_wavtolip.mp4,FakeAVCeleb,FakeVideo-RealAudio,VISUAL_MANIPULATION,1,0,1,id00149,Asian (South),women,284,id06343,wav2lip,4,calibration
fac_dbb54fb19cf0,data/raw/fakeavceleb/FakeAVCeleb_v1.2/FakeAVCeleb_v1.2/FakeVideo-RealAudio/Asian (South)/women/id00149/00284_id07136_4e43eS5p3_M.mp4,00284_id07136_4e43eS5p3_M.mp4,FakeAVCeleb,FakeVideo-RealAudio,VISUAL_MANIPULATION,1,0,1,id00149,Asian (South),women,284,id07136,unknown,4,calibration
fac_b28fad24a150,data/raw/fakeavceleb/FakeAVCeleb_v1.2/FakeAVCeleb_v1.2/FakeVideo-RealAudio/Asian (South)/women/id00149/00284_id07136_4e43eS5p3_M_faceswap.mp4,00284_id07136_4e43eS5p3_M_faceswap.mp4,FakeAVCeleb,FakeVideo-RealAudio,VISUAL_MANIPULATION,1,0,1,id00149,Asian (South),women,284,id07136,faceswap,4,calibration
fac_d194df2b921a,data/raw/fakeavceleb/FakeAVCeleb_v1.2/FakeAVCeleb_v1.2/FakeVideo-RealAudio/Asian (South)/women/id00149/00284_id07377_FGNavKcGANA.mp4,00284_id07377_FGNavKcGANA.mp4,FakeAVCeleb,FakeVideo-RealAudio,VISUAL_MANIPULATION,1,0,1,id00149,Asian (South),women,284,id07377,unknown,4,calibration
fac_45f5e329aaaa,data/raw/fakeavceleb/FakeAVCeleb_v1.2/FakeAVCeleb_v1.2/FakeVideo-RealAudio/Asian (South)/women/id00149/00284_id07686_wavtolip.mp4,00284_id07686_wavtolip.mp4,FakeAVCeleb,FakeVideo-RealAudio,VISUAL_MANIPULATION,1,0,1,id00149,Asian (South),women,284,id07686,wav2lip,4,calibration
fac_31747c1fca7a,data/raw/fakeavceleb/FakeAVCeleb_v1.2/FakeAVCeleb_v1.2/FakeVideo-RealAudio/Asian (South)/women/id00149/00284_id07689_2ie0g83JkgA.mp4,00284_id07689_2ie0g83JkgA.mp4,FakeAVCeleb,FakeVideo-RealAudio,VISUAL_MANIPULATION,1,0,1,id00149,Asian (South),women,284,id07689,unknown,4,calibration
fac_78c34a5c2428,data/raw/fakeavceleb/FakeAVCeleb_v1.2/FakeAVCeleb_v1.2/FakeVideo-RealAudio/Asian (South)/women/id00235/00052_0.mp4,00052_0.mp4,FakeAVCeleb,FakeVideo-RealAudio,VISUAL_MANIPULATION,1,0,1,id00235,Asian (South),women,52,,unknown,4,calibration
fac_2af0bb486e52,data/raw/fakeavceleb/FakeAVCeleb_v1.2/FakeAVCeleb_v1.2/FakeVideo-RealAudio/Asian (South)/women/id00235/00052_id00080_wavtolip.mp4,00052_id00080_wavtolip.mp4,FakeAVCeleb,FakeVideo-RealAudio,VISUAL_MANIPULATION,1,0,1,id00235,Asian (South),women,52,id00080,wav2lip,4,calibration
fac_7f841ee0398e,data/raw/fakeavceleb/FakeAVCeleb_v1.2/FakeAVCeleb_v1.2/FakeVideo-RealAudio/Asian (South)/women/id00235/00052_id00461_wavtolip.mp4,00052_id00461_wavtolip.mp4,FakeAVCeleb,FakeVideo-RealAudio,VISUAL_MANIPULATION,1,0,1,id00235,Asian (South),women,52,id00461,wav2lip,4,calibration
fac_8c3d1251f3e5,data/raw/fakeavceleb/FakeAVCeleb_v1.2/FakeAVCeleb_v1.2/FakeVideo-RealAudio/Asian (South)/women/id00235/00052_id00747_l3eOd4UDsGc.mp4,00052_id00747_l3eOd4UDsGc.mp4,FakeAVCeleb,FakeVideo-RealAudio,VISUAL_MANIPULATION,1,0,1,id00235,Asian (South),women,52,id00747,unknown,4,calibration
fac_4818f55c4010,data/raw/fakeavceleb/FakeAVCeleb_v1.2/FakeAVCeleb_v1.2/FakeVideo-RealAudio/Asian (South)/women/id00235/00052_id02089_ZC5FjKDazrM.mp4,00052_id02089_ZC5FjKDazrM.mp4,FakeAVCeleb,FakeVideo-RealAudio,VISUAL_MANIPULATION,1,0,1,id00235,Asian (South),women,52,id02089,unknown,4,calibration
fac_3e0c688a4f0c,data/raw/fakeavceleb/FakeAVCeleb_v1.2/FakeAVCeleb_v1.2/FakeVideo-RealAudio/Asian (South)/women/id00235/00052_id02619_6AKIR2gTCNU.mp4,00052_id02619_6AKIR2gTCNU.mp4,FakeAVCeleb,FakeVideo-RealAudio,VISUAL_MANIPULATION,1,0,1,id00235,Asian (South),women,52,id02619,unknown,4,calibration
fac_81301dbf10b7,data/raw/fakeavceleb/FakeAVCeleb_v1.2/FakeAVCeleb_v1.2/FakeVideo-RealAudio/Asian (South)/women/id00235/00052_id03559_pgetxl1qbzM.mp4,00052_id03559_pgetxl1qbzM.mp4,FakeAVCeleb,FakeVideo-RealAudio,VISUAL_MANIPULATION,1,0,1,id00235,Asian (South),women,52,id03559,unknown,4,calibration
fac_4712750213e3,data/raw/fakeavceleb/FakeAVCeleb_v1.2/FakeAVCeleb_v1.2/FakeVideo-RealAudio/Asian (South)/women/id00235/00052_id04070_wavtolip.mp4,00052_id04070_wavtolip.mp4,FakeAVCeleb,FakeVideo-RealAudio,VISUAL_MANIPULATION,1,0,1,id00235,Asian (South),women,52,id04070,wav2lip,4,calibration
fac_b52fc8cc6d9d,data/raw/fakeavceleb/FakeAVCeleb_v1.2/FakeAVCeleb_v1.2/FakeVideo-RealAudio/Asian (South)/women/id00235/00052_id04529_wavtolip.mp4,00052_id04529_wavtolip.mp4,FakeAVCeleb,FakeVideo-RealAudio,VISUAL_MANIPULATION,1,0,1,id00235,Asian (South),women,52,id04529,wav2lip,4,calibration
fac_c40ff88d71a1,data/raw/fakeavceleb/FakeAVCeleb_v1.2/FakeAVCeleb_v1.2/FakeVideo-RealAudio/Asian (South)/women/id00235/00052_id04564_wavtolip.mp4,00052_id04564_wavtolip.mp4,FakeAVCeleb,FakeVideo-RealAudio,VISUAL_MANIPULATION,1,0,1,id00235,Asian (South),women,52,id04564,wav2lip,4,calibration
fac_5491fe9a87f8,data/raw/fakeavceleb/FakeAVCeleb_v1.2/FakeAVCeleb_v1.2/FakeVideo-RealAudio/Asian (South)/women/id00235/00052_id04582_wavtolip.mp4,00052_id04582_wavtolip.mp4,FakeAVCeleb,FakeVideo-RealAudio,VISUAL_MANIPULATION,1,0,1,id00235,Asian (South),women,52,id04582,wav2lip,4,calibration
fac_a1fafee47456,data/raw/fakeavceleb/FakeAVCeleb_v1.2/FakeAVCeleb_v1.2/FakeVideo-RealAudio/Asian (South)/women/id00235/00052_id04583_M10zZFjuAb0.mp4,00052_id04583_M10zZFjuAb0.mp4,FakeAVCeleb,FakeVideo-RealAudio,VISUAL_MANIPULATION,1,0,1,id00235,Asian (South),women,52,id04583,unknown,4,calibration
fac_08dcd01a2864,data/raw/fakeavceleb/FakeAVCeleb_v1.2/FakeAVCeleb_v1.2/FakeVideo-RealAudio/Asian (South)/women/id00235/00052_id04583_wavtolip.mp4,00052_id04583_wavtolip.mp4,FakeAVCeleb,FakeVideo-RealAudio,VISUAL_MANIPULATION,1,0,1,id00235,Asian (South),women,52,id04583,wav2lip,4,calibration
fac_b3ad6e1a4fee,data/raw/fakeavceleb/FakeAVCeleb_v1.2/FakeAVCeleb_v1.2/FakeVideo-RealAudio/Asian (South)/women/id00235/00052_id04927_8MD618FRyfA.mp4,00052_id04927_8MD618FRyfA.mp4,FakeAVCeleb,FakeVideo-RealAudio,VISUAL_MANIPULATION,1,0,1,id00235,Asian (South),women,52,id04927,unknown,4,calibration
fac_acd3cc610116,data/raw/fakeavceleb/FakeAVCeleb_v1.2/FakeAVCeleb_v1.2/FakeVideo-RealAudio/Asian (South)/women/id00235/00052_id05478_wavtolip.mp4,00052_id05478_wavtolip.mp4,FakeAVCeleb,FakeVideo-RealAudio,VISUAL_MANIPULATION,1,0,1,id00235,Asian (South),women,52,id05478,wav2lip,4,calibration
fac_c2036d119d61,data/raw/fakeavceleb/FakeAVCeleb_v1.2/FakeAVCeleb_v1.2/FakeVideo-RealAudio/Asian (South)/women/id00235/00052_id05845_XfMHm6CEwPw.mp4,00052_id05845_XfMHm6CEwPw.mp4,FakeAVCeleb,FakeVideo-RealAudio,VISUAL_MANIPULATION,1,0,1,id00235,Asian (South),women,52,id05845,unknown,4,calibration
fac_a7052b6245c8,data/raw/fakeavceleb/FakeAVCeleb_v1.2/FakeAVCeleb_v1.2/FakeVideo-RealAudio/Asian (South)/women/id00235/00052_id05845_XfMHm6CEwPw_faceswap.mp4,00052_id05845_XfMHm6CEwPw_faceswap.mp4,FakeAVCeleb,FakeVideo-RealAudio,VISUAL_MANIPULATION,1,0,1,id00235,Asian (South),women,52,id05845,faceswap,4,calibration
fac_c434015bdb33,data/raw/fakeavceleb/FakeAVCeleb_v1.2/FakeAVCeleb_v1.2/FakeVideo-RealAudio/Asian (South)/women/id00235/00052_id05920_LuLTJu54joo.mp4,00052_id05920_LuLTJu54joo.mp4,FakeAVCeleb,FakeVideo-RealAudio,VISUAL_MANIPULATION,1,0,1,id00235,Asian (South),women,52,id05920,unknown,4,calibration
fac_f08c1e428c01,data/raw/fakeavceleb/FakeAVCeleb_v1.2/FakeAVCeleb_v1.2/FakeVideo-RealAudio/Asian (South)/women/id00235/00052_id07136_wavtolip.mp4,00052_id07136_wavtolip.mp4,FakeAVCeleb,FakeVideo-RealAudio,VISUAL_MANIPULATION,1,0,1,id00235,Asian (South),women,52,id07136,wav2lip,4,calibration
fac_33fe9ea4fef3,data/raw/fakeavceleb/FakeAVCeleb_v1.2/FakeAVCeleb_v1.2/FakeVideo-RealAudio/Asian (South)/women/id00235/00052_id07689_wavtolip.mp4,00052_id07689_wavtolip.mp4,FakeAVCeleb,FakeVideo-RealAudio,VISUAL_MANIPULATION,1,0,1,id00235,Asian (South),women,52,id07689,wav2lip,4,calibration
fac_ac216fa98d1a,data/raw/fakeavceleb/FakeAVCeleb_v1.2/FakeAVCeleb_v1.2/FakeVideo-RealAudio/Asian (South)/women/id00417/00069_id00235_F7aHtfdzytQ.mp4,00069_id00235_F7aHtfdzytQ.mp4,FakeAVCeleb,FakeVideo-RealAudio,VISUAL_MANIPULATION,1,0,1,id00417,Asian (South),women,69,id00235,unknown,4,calibration
fac_110c518c48bf,data/raw/fakeavceleb/FakeAVCeleb_v1.2/FakeAVCeleb_v1.2/FakeVideo-RealAudio/Asian (South)/women/id00417/00069_id00461_wavtolip.mp4,00069_id00461_wavtolip.mp4,FakeAVCeleb,FakeVideo-RealAudio,VISUAL_MANIPULATION,1,0,1,id00417,Asian (South),women,69,id00461,wav2lip,4,calibration
fac_f75b2b2ab704,data/raw/fakeavceleb/FakeAVCeleb_v1.2/FakeAVCeleb_v1.2/FakeVideo-RealAudio/Asian (South)/women/id00417/00069_id00739_CT-6UmfLiU0.mp4,00069_id00739_CT-6UmfLiU0.mp4,FakeAVCeleb,FakeVideo-RealAudio,VISUAL_MANIPULATION,1,0,1,id00417,Asian (South),women,69,id00739,unknown,4,calibration
fac_7de653764cbb,data/raw/fakeavceleb/FakeAVCeleb_v1.2/FakeAVCeleb_v1.2/FakeVideo-RealAudio/Asian (South)/women/id00417/00069_id00739_CT-6UmfLiU0_faceswap.mp4,00069_id00739_CT-6UmfLiU0_faceswap.mp4,FakeAVCeleb,FakeVideo-RealAudio,VISUAL_MANIPULATION,1,0,1,id00417,Asian (South),women,69,id00739,faceswap,4,calibration
fac_e1c26e6ae876,data/raw/fakeavceleb/FakeAVCeleb_v1.2/FakeAVCeleb_v1.2/FakeVideo-RealAudio/Asian (South)/women/id00417/00069_id00747_wavtolip.mp4,00069_id00747_wavtolip.mp4,FakeAVCeleb,FakeVideo-RealAudio,VISUAL_MANIPULATION,1,0,1,id00417,Asian (South),women,69,id00747,wav2lip,4,calibration
fac_1dda41aef168,data/raw/fakeavceleb/FakeAVCeleb_v1.2/FakeAVCeleb_v1.2/FakeVideo-RealAudio/Asian (South)/women/id00417/00069_id03559_pgetxl1qbzM.mp4,00069_id03559_pgetxl1qbzM.mp4,FakeAVCeleb,FakeVideo-RealAudio,VISUAL_MANIPULATION,1,0,1,id00417,Asian (South),women,69,id03559,unknown,4,calibration
fac_8ba033818c5e,data/raw/fakeavceleb/FakeAVCeleb_v1.2/FakeAVCeleb_v1.2/FakeVideo-RealAudio/Asian (South)/women/id00417/00069_id03559_wavtolip.mp4,00069_id03559_wavtolip.mp4,FakeAVCeleb,FakeVideo-RealAudio,VISUAL_MANIPULATION,1,0,1,id00417,Asian (South),women,69,id03559,wav2lip,4,calibration
fac_06865d4b241c,data/raw/fakeavceleb/FakeAVCeleb_v1.2/FakeAVCeleb_v1.2/FakeVideo-RealAudio/Asian (South)/women/id00417/00069_id03897_wavtolip.mp4,00069_id03897_wavtolip.mp4,FakeAVCeleb,FakeVideo-RealAudio,VISUAL_MANIPULATION,1,0,1,id00417,Asian (South),women,69,id03897,wav2lip,4,calibration
fac_4fc854863032,data/raw/fakeavceleb/FakeAVCeleb_v1.2/FakeAVCeleb_v1.2/FakeVideo-RealAudio/Asian (South)/women/id00417/00069_id04530_W5-PTTL9HzU.mp4,00069_id04530_W5-PTTL9HzU.mp4,FakeAVCeleb,FakeVideo-RealAudio,VISUAL_MANIPULATION,1,0,1,id00417,Asian (South),women,69,id04530,unknown,4,calibration
fac_697b7e0243e0,data/raw/fakeavceleb/FakeAVCeleb_v1.2/FakeAVCeleb_v1.2/FakeVideo-RealAudio/Asian (South)/women/id00417/00069_id04583_M10zZFjuAb0.mp4,00069_id04583_M10zZFjuAb0.mp4,FakeAVCeleb,FakeVideo-RealAudio,VISUAL_MANIPULATION,1,0,1,id00417,Asian (South),women,69,id04583,unknown,4,calibration
fac_704aa47be5c2,data/raw/fakeavceleb/FakeAVCeleb_v1.2/FakeAVCeleb_v1.2/FakeVideo-RealAudio/Asian (South)/women/id00417/00069_id05434_6p7kCmdOjDQ.mp4,00069_id05434_6p7kCmdOjDQ.mp4,FakeAVCeleb,FakeVideo-RealAudio,VISUAL_MANIPULATION,1,0,1,id00417,Asian (South),women,69,id05434,unknown,4,calibration
fac_6a6564b7d972,data/raw/fakeavceleb/FakeAVCeleb_v1.2/FakeAVCeleb_v1.2/FakeVideo-RealAudio/Asian (South)/women/id00417/00069_id05478_VJkjRzPt-Jw.mp4,00069_id05478_VJkjRzPt-Jw.mp4,FakeAVCeleb,FakeVideo-RealAudio,VISUAL_MANIPULATION,1,0,1,id00417,Asian (South),women,69,id05478,unknown,4,calibration
fac_a83e61dcf2a9,data/raw/fakeavceleb/FakeAVCeleb_v1.2/FakeAVCeleb_v1.2/FakeVideo-RealAudio/Asian (South)/women/id00417/00069_id05478_wavtolip.mp4,00069_id05478_wavtolip.mp4,FakeAVCeleb,FakeVideo-RealAudio,VISUAL_MANIPULATION,1,0,1,id00417,Asian (South),women,69,id05478,wav2lip,4,calibration
fac_0a9ab794dcaf,data/raw/fakeavceleb/FakeAVCeleb_v1.2/FakeAVCeleb_v1.2/FakeVideo-RealAudio/Asian (South)/women/id00417/00069_id05845_XfMHm6CEwPw.mp4,00069_id05845_XfMHm6CEwPw.mp4,FakeAVCeleb,FakeVideo-RealAudio,VISUAL_MANIPULATION,1,0,1,id00417,Asian (South),women,69,id05845,unknown,4,calibration
fac_0c7a0de5d5c3,data/raw/fakeavceleb/FakeAVCeleb_v1.2/FakeAVCeleb_v1.2/FakeVideo-RealAudio/Asian (South)/women/id00417/00069_id06232_wavtolip.mp4,00069_id06232_wavtolip.mp4,FakeAVCeleb,FakeVideo-RealAudio,VISUAL_MANIPULATION,1,0,1,id00417,Asian (South),women,69,id06232,wav2lip,4,calibration
fac_d6aa3db09167,data/raw/fakeavceleb/FakeAVCeleb_v1.2/FakeAVCeleb_v1.2/FakeVideo-RealAudio/Asian (South)/women/id00417/00069_id06268_wavtolip.mp4,00069_id06268_wavtolip.mp4,FakeAVCeleb,FakeVideo-RealAudio,VISUAL_MANIPULATION,1,0,1,id00417,Asian (South),women,69,id06268,wav2lip,4,calibration
fac_5ae591b2d520,data/raw/fakeavceleb/FakeAVCeleb_v1.2/FakeAVCeleb_v1.2/FakeVideo-RealAudio/Asian (South)/women/id00417/00069_id06445_wavtolip.mp4,00069_id06445_wavtolip.mp4,FakeAVCeleb,FakeVideo-RealAudio,VISUAL_MANIPULATION,1,0,1,id00417,Asian (South),women,69,id06445,wav2lip,4,calibration
fac_f24cc828a56c,data/raw/fakeavceleb/FakeAVCeleb_v1.2/FakeAVCeleb_v1.2/FakeVideo-RealAudio/Asian (South)/women/id00417/00069_id06752_wavtolip.mp4,00069_id06752_wavtolip.mp4,FakeAVCeleb,FakeVideo-RealAudio,VISUAL_MANIPULATION,1,0,1,id00417,Asian (South),women,69,id06752,wav2lip,4,calibration
fac_1f4425df7e18,data/raw/fakeavceleb/FakeAVCeleb_v1.2/FakeAVCeleb_v1.2/FakeVideo-RealAudio/Asian (South)/women/id00417/00069_id07689_wavtolip.mp4,00069_id07689_wavtolip.mp4,FakeAVCeleb,FakeVideo-RealAudio,VISUAL_MANIPULATION,1,0,1,id00417,Asian (South),women,69,id07689,wav2lip,4,calibration
fac_6638947a1b0f,data/raw/fakeavceleb/FakeAVCeleb_v1.2/FakeAVCeleb_v1.2/FakeVideo-RealAudio/Asian (South)/women/id00461/00043_id00461_wavtolip.mp4,00043_id00461_wavtolip.mp4,FakeAVCeleb,FakeVideo-RealAudio,VISUAL_MANIPULATION,1,0,1,id00461,Asian (South),women,43,id00461,wav2lip,4,calibration
fac_ccb1b30bf4aa,data/raw/fakeavceleb/FakeAVCeleb_v1.2/FakeAVCeleb_v1.2/FakeVideo-RealAudio/Asian (South)/women/id00461/00043_id00488_F3YxmZ9CYFw.mp4,00043_id00488_F3YxmZ9CYFw.mp4,FakeAVCeleb,FakeVideo-RealAudio,VISUAL_MANIPULATION,1,0,1,id00461,Asian (South),women,43,id00488,unknown,4,calibration
fac_4fc07218c4ea,data/raw/fakeavceleb/FakeAVCeleb_v1.2/FakeAVCeleb_v1.2/FakeVideo-RealAudio/Asian (South)/women/id00461/00043_id00488_F3YxmZ9CYFw_faceswap.mp4,00043_id00488_F3YxmZ9CYFw_faceswap.mp4,FakeAVCeleb,FakeVideo-RealAudio,VISUAL_MANIPULATION,1,0,1,id00461,Asian (South),women,43,id00488,faceswap,4,calibration
fac_9650621582bd,data/raw/fakeavceleb/FakeAVCeleb_v1.2/FakeAVCeleb_v1.2/FakeVideo-RealAudio/Asian (South)/women/id00461/00043_id00488_wavtolip.mp4,00043_id00488_wavtolip.mp4,FakeAVCeleb,FakeVideo-RealAudio,VISUAL_MANIPULATION,1,0,1,id00461,Asian (South),women,43,id00488,wav2lip,4,calibration
fac_4c8747788668,data/raw/fakeavceleb/FakeAVCeleb_v1.2/FakeAVCeleb_v1.2/FakeVideo-RealAudio/Asian (South)/women/id00461/00043_id01026_rM4ZERt7oM0.mp4,00043_id01026_rM4ZERt7oM0.mp4,FakeAVCeleb,FakeVideo-RealAudio,VISUAL_MANIPULATION,1,0,1,id00461,Asian (South),women,43,id01026,unknown,4,calibration
fac_eb98490cb132,data/raw/fakeavceleb/FakeAVCeleb_v1.2/FakeAVCeleb_v1.2/FakeVideo-RealAudio/Asian (South)/women/id00461/00043_id02619_6AKIR2gTCNU.mp4,00043_id02619_6AKIR2gTCNU.mp4,FakeAVCeleb,FakeVideo-RealAudio,VISUAL_MANIPULATION,1,0,1,id00461,Asian (South),women,43,id02619,unknown,4,calibration
fac_9cd38313ec62,data/raw/fakeavceleb/FakeAVCeleb_v1.2/FakeAVCeleb_v1.2/FakeVideo-RealAudio/Asian (South)/women/id00461/00043_id04530_W5-PTTL9HzU.mp4,00043_id04530_W5-PTTL9HzU.mp4,FakeAVCeleb,FakeVideo-RealAudio,VISUAL_MANIPULATION,1,0,1,id00461,Asian (South),women,43,id04530,unknown,4,calibration
fac_7096e6710125,data/raw/fakeavceleb/FakeAVCeleb_v1.2/FakeAVCeleb_v1.2/FakeVideo-RealAudio/Asian (South)/women/id00461/00043_id04583_wavtolip.mp4,00043_id04583_wavtolip.mp4,FakeAVCeleb,FakeVideo-RealAudio,VISUAL_MANIPULATION,1,0,1,id00461,Asian (South),women,43,id04583,wav2lip,4,calibration
fac_167b59e26829,data/raw/fakeavceleb/FakeAVCeleb_v1.2/FakeAVCeleb_v1.2/FakeVideo-RealAudio/Asian (South)/women/id00461/00043_id05434_wavtolip.mp4,00043_id05434_wavtolip.mp4,FakeAVCeleb,FakeVideo-RealAudio,VISUAL_MANIPULATION,1,0,1,id00461,Asian (South),women,43,id05434,wav2lip,4,calibration
fac_3fe15316a336,data/raw/fakeavceleb/FakeAVCeleb_v1.2/FakeAVCeleb_v1.2/FakeVideo-RealAudio/Asian (South)/women/id00461/00043_id05435_wavtolip.mp4,00043_id05435_wavtolip.mp4,FakeAVCeleb,FakeVideo-RealAudio,VISUAL_MANIPULATION,1,0,1,id00461,Asian (South),women,43,id05435,wav2lip,4,calibration
fac_850dcef19a1f,data/raw/fakeavceleb/FakeAVCeleb_v1.2/FakeAVCeleb_v1.2/FakeVideo-RealAudio/Asian (South)/women/id00461/00043_id05845_XfMHm6CEwPw.mp4,00043_id05845_XfMHm6CEwPw.mp4,FakeAVCeleb,FakeVideo-RealAudio,VISUAL_MANIPULATION,1,0,1,id00461,Asian (South),women,43,id05845,unknown,4,calibration
fac_9f9a00c456d5,data/raw/fakeavceleb/FakeAVCeleb_v1.2/FakeAVCeleb_v1.2/FakeVideo-RealAudio/Asian (South)/women/id00461/00043_id05920_wavtolip.mp4,00043_id05920_wavtolip.mp4,FakeAVCeleb,FakeVideo-RealAudio,VISUAL_MANIPULATION,1,0,1,id00461,Asian (South),women,43,id05920,wav2lip,4,calibration
fac_823e1aebd36e,data/raw/fakeavceleb/FakeAVCeleb_v1.2/FakeAVCeleb_v1.2/FakeVideo-RealAudio/Asian (South)/women/id00461/00043_id06268_wavtolip.mp4,00043_id06268_wavtolip.mp4,FakeAVCeleb,FakeVideo-RealAudio,VISUAL_MANIPULATION,1,0,1,id00461,Asian (South),women,43,id06268,wav2lip,4,calibration
fac_0fc5c667856b,data/raw/fakeavceleb/FakeAVCeleb_v1.2/FakeAVCeleb_v1.2/FakeVideo-RealAudio/Asian (South)/women/id00461/00043_id06428_A9nvRKd1afA.mp4,00043_id06428_A9nvRKd1afA.mp4,FakeAVCeleb,FakeVideo-RealAudio,VISUAL_MANIPULATION,1,0,1,id00461,Asian (South),women,43,id06428,unknown,4,calibration
fac_4997b29a75a2,data/raw/fakeavceleb/FakeAVCeleb_v1.2/FakeAVCeleb_v1.2/FakeVideo-RealAudio/Asian (South)/women/id00461/00043_id06437_3BZvvzBhj8s.mp4,00043_id06437_3BZvvzBhj8s.mp4,FakeAVCeleb,FakeVideo-RealAudio,VISUAL_MANIPULATION,1,0,1,id00461,Asian (South),women,43,id06437,unknown,4,calibration
fac_08ee8335c964,data/raw/fakeavceleb/FakeAVCeleb_v1.2/FakeAVCeleb_v1.2/FakeVideo-RealAudio/Asian (South)/women/id00461/00043_id06437_wavtolip.mp4,00043_id06437_wavtolip.mp4,FakeAVCeleb,FakeVideo-RealAudio,VISUAL_MANIPULATION,1,0,1,id00461,Asian (South),women,43,id06437,wav2lip,4,calibration
fac_30f91ba5d324,data/raw/fakeavceleb/FakeAVCeleb_v1.2/FakeAVCeleb_v1.2/FakeVideo-RealAudio/Asian (South)/women/id00461/00043_id06445_NWtdqOxEbDY.mp4,00043_id06445_NWtdqOxEbDY.mp4,FakeAVCeleb,FakeVideo-RealAudio,VISUAL_MANIPULATION,1,0,1,id00461,Asian (South),women,43,id06445,unknown,4,calibration
fac_6dc246086e74,data/raw/fakeavceleb/FakeAVCeleb_v1.2/FakeAVCeleb_v1.2/FakeVideo-RealAudio/Asian (South)/women/id00461/00043_id06445_wavtolip.mp4,00043_id06445_wavtolip.mp4,FakeAVCeleb,FakeVideo-RealAudio,VISUAL_MANIPULATION,1,0,1,id00461,Asian (South),women,43,id06445,wav2lip,4,calibration
fac_3f1be1ac9e6a,data/raw/fakeavceleb/FakeAVCeleb_v1.2/FakeAVCeleb_v1.2/FakeVideo-RealAudio/Asian (South)/women/id00461/00043_id07049_wavtolip.mp4,00043_id07049_wavtolip.mp4,FakeAVCeleb,FakeVideo-RealAudio,VISUAL_MANIPULATION,1,0,1,id00461,Asian (South),women,43,id07049,wav2lip,4,calibration
fac_b538d4882a5b,data/raw/fakeavceleb/FakeAVCeleb_v1.2/FakeAVCeleb_v1.2/FakeVideo-RealAudio/Asian (South)/women/id00488/00028_id00488_wavtolip.mp4,00028_id00488_wavtolip.mp4,FakeAVCeleb,FakeVideo-RealAudio,VISUAL_MANIPULATION,1,0,1,id00488,Asian (South),women,28,id00488,wav2lip,4,calibration
fac_ccab515d334b,data/raw/fakeavceleb/FakeAVCeleb_v1.2/FakeAVCeleb_v1.2/FakeVideo-RealAudio/Asian (South)/women/id00488/00028_id01026_rM4ZERt7oM0.mp4,00028_id01026_rM4ZERt7oM0.mp4,FakeAVCeleb,FakeVideo-RealAudio,VISUAL_MANIPULATION,1,0,1,id00488,Asian (South),women,28,id01026,unknown,4,calibration
fac_b322c1fe8ddf,data/raw/fakeavceleb/FakeAVCeleb_v1.2/FakeAVCeleb_v1.2/FakeVideo-RealAudio/Asian (South)/women/id00488/00028_id01026_wavtolip.mp4,00028_id01026_wavtolip.mp4,FakeAVCeleb,FakeVideo-RealAudio,VISUAL_MANIPULATION,1,0,1,id00488,Asian (South),women,28,id01026,wav2lip,4,calibration
fac_b2264f1babd1,data/raw/fakeavceleb/FakeAVCeleb_v1.2/FakeAVCeleb_v1.2/FakeVideo-RealAudio/Asian (South)/women/id00488/00028_id03815_hw41YlLps4w.mp4,00028_id03815_hw41YlLps4w.mp4,FakeAVCeleb,FakeVideo-RealAudio,VISUAL_MANIPULATION,1,0,1,id00488,Asian (South),women,28,id03815,unknown,4,calibration
fac_afd495d73b81,data/raw/fakeavceleb/FakeAVCeleb_v1.2/FakeAVCeleb_v1.2/FakeVideo-RealAudio/Asian (South)/women/id00488/00028_id03985_wavtolip.mp4,00028_id03985_wavtolip.mp4,FakeAVCeleb,FakeVideo-RealAudio,VISUAL_MANIPULATION,1,0,1,id00488,Asian (South),women,28,id03985,wav2lip,4,calibration
fac_84bb69daf742,data/raw/fakeavceleb/FakeAVCeleb_v1.2/FakeAVCeleb_v1.2/FakeVideo-RealAudio/Asian (South)/women/id00488/00028_id04490_G00MMIdUOTc.mp4,00028_id04490_G00MMIdUOTc.mp4,FakeAVCeleb,FakeVideo-RealAudio,VISUAL_MANIPULATION,1,0,1,id00488,Asian (South),women,28,id04490,unknown,4,calibration
fac_4f6d64c3c992,data/raw/fakeavceleb/FakeAVCeleb_v1.2/FakeAVCeleb_v1.2/FakeVideo-RealAudio/Asian (South)/women/id00488/00028_id04583_M10zZFjuAb0.mp4,00028_id04583_M10zZFjuAb0.mp4,FakeAVCeleb,FakeVideo-RealAudio,VISUAL_MANIPULATION,1,0,1,id00488,Asian (South),women,28,id04583,unknown,4,calibration
fac_9ed671a0ea81,data/raw/fakeavceleb/FakeAVCeleb_v1.2/FakeAVCeleb_v1.2/FakeVideo-RealAudio/Asian (South)/women/id00488/00028_id04927_wavtolip.mp4,00028_id04927_wavtolip.mp4,FakeAVCeleb,FakeVideo-RealAudio,VISUAL_MANIPULATION,1,0,1,id00488,Asian (South),women,28,id04927,wav2lip,4,calibration
fac_59520c87c1e6,data/raw/fakeavceleb/FakeAVCeleb_v1.2/FakeAVCeleb_v1.2/FakeVideo-RealAudio/Asian (South)/women/id00488/00028_id05434_wavtolip.mp4,00028_id05434_wavtolip.mp4,FakeAVCeleb,FakeVideo-RealAudio,VISUAL_MANIPULATION,1,0,1,id00488,Asian (South),women,28,id05434,wav2lip,4,calibration
fac_c1738426ab6b,data/raw/fakeavceleb/FakeAVCeleb_v1.2/FakeAVCeleb_v1.2/FakeVideo-RealAudio/Asian (South)/women/id00488/00028_id05435_OvX-Jv_whcU.mp4,00028_id05435_OvX-Jv_whcU.mp4,FakeAVCeleb,FakeVideo-RealAudio,VISUAL_MANIPULATION,1,0,1,id00488,Asian (South),women,28,id05435,unknown,4,calibration
fac_78477d5a9008,data/raw/fakeavceleb/FakeAVCeleb_v1.2/FakeAVCeleb_v1.2/FakeVideo-RealAudio/Asian (South)/women/id00488/00028_id05435_OvX-Jv_whcU_faceswap.mp4,00028_id05435_OvX-Jv_whcU_faceswap.mp4,FakeAVCeleb,FakeVideo-RealAudio,VISUAL_MANIPULATION,1,0,1,id00488,Asian (South),women,28,id05435,faceswap,4,calibration
fac_63f0ccf1f291,data/raw/fakeavceleb/FakeAVCeleb_v1.2/FakeAVCeleb_v1.2/FakeVideo-RealAudio/Asian (South)/women/id00488/00028_id05435_wavtolip.mp4,00028_id05435_wavtolip.mp4,FakeAVCeleb,FakeVideo-RealAudio,VISUAL_MANIPULATION,1,0,1,id00488,Asian (South),women,28,id05435,wav2lip,4,calibration
fac_b48eb3c07ad3,data/raw/fakeavceleb/FakeAVCeleb_v1.2/FakeAVCeleb_v1.2/FakeVideo-RealAudio/Asian (South)/women/id00488/00028_id06232_wavtolip.mp4,00028_id06232_wavtolip.mp4,FakeAVCeleb,FakeVideo-RealAudio,VISUAL_MANIPULATION,1,0,1,id00488,Asian (South),women,28,id06232,wav2lip,4,calibration
fac_ac7dab477073,data/raw/fakeavceleb/FakeAVCeleb_v1.2/FakeAVCeleb_v1.2/FakeVideo-RealAudio/Asian (South)/women/id00488/00028_id06428_A9nvRKd1afA.mp4,00028_id06428_A9nvRKd1afA.mp4,FakeAVCeleb,FakeVideo-RealAudio,VISUAL_MANIPULATION,1,0,1,id00488,Asian (South),women,28,id06428,unknown,4,calibration
fac_05b1dee555ee,data/raw/fakeavceleb/FakeAVCeleb_v1.2/FakeAVCeleb_v1.2/FakeVideo-RealAudio/Asian (South)/women/id00488/00028_id06438_vf3xBVgYqYA.mp4,00028_id06438_vf3xBVgYqYA.mp4,FakeAVCeleb,FakeVideo-RealAudio,VISUAL_MANIPULATION,1,0,1,id00488,Asian (South),women,28,id06438,unknown,4,calibration
fac_f13605d06c5d,data/raw/fakeavceleb/FakeAVCeleb_v1.2/FakeAVCeleb_v1.2/FakeVideo-RealAudio/Asian (South)/women/id00488/00028_id06438_wavtolip.mp4,00028_id06438_wavtolip.mp4,FakeAVCeleb,FakeVideo-RealAudio,VISUAL_MANIPULATION,1,0,1,id00488,Asian (South),women,28,id06438,wav2lip,4,calibration
fac_65abc8729ab6,data/raw/fakeavceleb/FakeAVCeleb_v1.2/FakeAVCeleb_v1.2/FakeVideo-RealAudio/Asian (South)/women/id00488/00028_id06445_wavtolip.mp4,00028_id06445_wavtolip.mp4,FakeAVCeleb,FakeVideo-RealAudio,VISUAL_MANIPULATION,1,0,1,id00488,Asian (South),women,28,id06445,wav2lip,4,calibration
fac_16bb08768d3c,data/raw/fakeavceleb/FakeAVCeleb_v1.2/FakeAVCeleb_v1.2/FakeVideo-RealAudio/Asian (South)/women/id00488/00028_id06752_wavtolip.mp4,00028_id06752_wavtolip.mp4,FakeAVCeleb,FakeVideo-RealAudio,VISUAL_MANIPULATION,1,0,1,id00488,Asian (South),women,28,id06752,wav2lip,4,calibration
fac_fd5207533f92,data/raw/fakeavceleb/FakeAVCeleb_v1.2/FakeAVCeleb_v1.2/FakeVideo-RealAudio/Asian (South)/women/id00488/00028_id07236_Fe0sdHw3sc4.mp4,00028_id07236_Fe0sdHw3sc4.mp4,FakeAVCeleb,FakeVideo-RealAudio,VISUAL_MANIPULATION,1,0,1,id00488,Asian (South),women,28,id07236,unknown,4,calibration
fac_b9b40458a359,data/raw/fakeavceleb/FakeAVCeleb_v1.2/FakeAVCeleb_v1.2/FakeVideo-RealAudio/Asian (South)/women/id00739/00005_id00417_GhIZam3v09g.mp4,00005_id00417_GhIZam3v09g.mp4,FakeAVCeleb,FakeVideo-RealAudio,VISUAL_MANIPULATION,1,0,1,id00739,Asian (South),women,5,id00417,unknown,4,calibration
fac_8d995ea623c2,data/raw/fakeavceleb/FakeAVCeleb_v1.2/FakeAVCeleb_v1.2/FakeVideo-RealAudio/Asian (South)/women/id00739/00005_id00417_GhIZam3v09g_faceswap.mp4,00005_id00417_GhIZam3v09g_faceswap.mp4,FakeAVCeleb,FakeVideo-RealAudio,VISUAL_MANIPULATION,1,0,1,id00739,Asian (South),women,5,id00417,faceswap,4,calibration
fac_b98814dc0530,data/raw/fakeavceleb/FakeAVCeleb_v1.2/FakeAVCeleb_v1.2/FakeVideo-RealAudio/Asian (South)/women/id00739/00005_id01026_rM4ZERt7oM0.mp4,00005_id01026_rM4ZERt7oM0.mp4,FakeAVCeleb,FakeVideo-RealAudio,VISUAL_MANIPULATION,1,0,1,id00739,Asian (South),women,5,id01026,unknown,4,calibration
fac_d48130fad34c,data/raw/fakeavceleb/FakeAVCeleb_v1.2/FakeAVCeleb_v1.2/FakeVideo-RealAudio/Asian (South)/women/id00739/00005_id01026_wavtolip.mp4,00005_id01026_wavtolip.mp4,FakeAVCeleb,FakeVideo-RealAudio,VISUAL_MANIPULATION,1,0,1,id00739,Asian (South),women,5,id01026,wav2lip,4,calibration
fac_a7fcfd3d9c7a,data/raw/fakeavceleb/FakeAVCeleb_v1.2/FakeAVCeleb_v1.2/FakeVideo-RealAudio/Asian (South)/women/id00739/00005_id03559_wavtolip.mp4,00005_id03559_wavtolip.mp4,FakeAVCeleb,FakeVideo-RealAudio,VISUAL_MANIPULATION,1,0,1,id00739,Asian (South),women,5,id03559,wav2lip,4,calibration
fac_814d9be2c1c0,data/raw/fakeavceleb/FakeAVCeleb_v1.2/FakeAVCeleb_v1.2/FakeVideo-RealAudio/Asian (South)/women/id00739/00005_id03815_wavtolip.mp4,00005_id03815_wavtolip.mp4,FakeAVCeleb,FakeVideo-RealAudio,VISUAL_MANIPULATION,1,0,1,id00739,Asian (South),women,5,id03815,wav2lip,4,calibration
fac_955d06f8e5ff,data/raw/fakeavceleb/FakeAVCeleb_v1.2/FakeAVCeleb_v1.2/FakeVideo-RealAudio/Asian (South)/women/id00739/00005_id04529_S92uo-UShxE.mp4,00005_id04529_S92uo-UShxE.mp4,FakeAVCeleb,FakeVideo-RealAudio,VISUAL_MANIPULATION,1,0,1,id00739,Asian (South),women,5,id04529,unknown,4,calibration
fac_2053bda372f3,data/raw/fakeavceleb/FakeAVCeleb_v1.2/FakeAVCeleb_v1.2/FakeVideo-RealAudio/Asian (South)/women/id00739/00005_id04564_xUz03LwKRtQ.mp4,00005_id04564_xUz03LwKRtQ.mp4,FakeAVCeleb,FakeVideo-RealAudio,VISUAL_MANIPULATION,1,0,1,id00739,Asian (South),women,5,id04564,unknown,4,calibration
fac_c21469b829fa,data/raw/fakeavceleb/FakeAVCeleb_v1.2/FakeAVCeleb_v1.2/FakeVideo-RealAudio/Asian (South)/women/id00739/00005_id04927_8MD618FRyfA.mp4,00005_id04927_8MD618FRyfA.mp4,FakeAVCeleb,FakeVideo-RealAudio,VISUAL_MANIPULATION,1,0,1,id00739,Asian (South),women,5,id04927,unknown,4,calibration
fac_fa7646d49460,data/raw/fakeavceleb/FakeAVCeleb_v1.2/FakeAVCeleb_v1.2/FakeVideo-RealAudio/Asian (South)/women/id00739/00005_id05434_wavtolip.mp4,00005_id05434_wavtolip.mp4,FakeAVCeleb,FakeVideo-RealAudio,VISUAL_MANIPULATION,1,0,1,id00739,Asian (South),women,5,id05434,wav2lip,4,calibration
fac_f32e0cdf5f39,data/raw/fakeavceleb/FakeAVCeleb_v1.2/FakeAVCeleb_v1.2/FakeVideo-RealAudio/Asian (South)/women/id00739/00005_id05435_wavtolip.mp4,00005_id05435_wavtolip.mp4,FakeAVCeleb,FakeVideo-RealAudio,VISUAL_MANIPULATION,1,0,1,id00739,Asian (South),women,5,id05435,wav2lip,4,calibration
fac_4ff167b476bd,data/raw/fakeavceleb/FakeAVCeleb_v1.2/FakeAVCeleb_v1.2/FakeVideo-RealAudio/Asian (South)/women/id00739/00005_id05845_wavtolip.mp4,00005_id05845_wavtolip.mp4,FakeAVCeleb,FakeVideo-RealAudio,VISUAL_MANIPULATION,1,0,1,id00739,Asian (South),women,5,id05845,wav2lip,4,calibration
fac_fa23b558ec55,data/raw/fakeavceleb/FakeAVCeleb_v1.2/FakeAVCeleb_v1.2/FakeVideo-RealAudio/Asian (South)/women/id00739/00005_id05931_bFqu86NV3hk.mp4,00005_id05931_bFqu86NV3hk.mp4,FakeAVCeleb,FakeVideo-RealAudio,VISUAL_MANIPULATION,1,0,1,id00739,Asian (South),women,5,id05931,unknown,4,calibration
fac_d3be396bd72c,data/raw/fakeavceleb/FakeAVCeleb_v1.2/FakeAVCeleb_v1.2/FakeVideo-RealAudio/Asian (South)/women/id00739/00005_id05931_wavtolip.mp4,00005_id05931_wavtolip.mp4,FakeAVCeleb,FakeVideo-RealAudio,VISUAL_MANIPULATION,1,0,1,id00739,Asian (South),women,5,id05931,wav2lip,4,calibration
fac_48fbd4c0ce7e,data/raw/fakeavceleb/FakeAVCeleb_v1.2/FakeAVCeleb_v1.2/FakeVideo-RealAudio/Asian (South)/women/id00739/00005_id06438_wavtolip.mp4,00005_id06438_wavtolip.mp4,FakeAVCeleb,FakeVideo-RealAudio,VISUAL_MANIPULATION,1,0,1,id00739,Asian (South),women,5,id06438,wav2lip,4,calibration
fac_5d5efa1c4374,data/raw/fakeavceleb/FakeAVCeleb_v1.2/FakeAVCeleb_v1.2/FakeVideo-RealAudio/Asian (South)/women/id00739/00005_id06752_PYYIloTJiH0.mp4,00005_id06752_PYYIloTJiH0.mp4,FakeAVCeleb,FakeVideo-RealAudio,VISUAL_MANIPULATION,1,0,1,id00739,Asian (South),women,5,id06752,unknown,4,calibration
fac_031a24e708b9,data/raw/fakeavceleb/FakeAVCeleb_v1.2/FakeAVCeleb_v1.2/FakeVideo-RealAudio/Asian (South)/women/id00739/00005_id07051_wavtolip.mp4,00005_id07051_wavtolip.mp4,FakeAVCeleb,FakeVideo-RealAudio,VISUAL_MANIPULATION,1,0,1,id00739,Asian (South),women,5,id07051,wav2lip,4,calibration
fac_40653e21c8cf,data/raw/fakeavceleb/FakeAVCeleb_v1.2/FakeAVCeleb_v1.2/FakeVideo-RealAudio/Asian (South)/women/id00739/00005_id07136_4e43eS5p3_M.mp4,00005_id07136_4e43eS5p3_M.mp4,FakeAVCeleb,FakeVideo-RealAudio,VISUAL_MANIPULATION,1,0,1,id00739,Asian (South),women,5,id07136,unknown,4,calibration
fac_14ea69690014,data/raw/fakeavceleb/FakeAVCeleb_v1.2/FakeAVCeleb_v1.2/FakeVideo-RealAudio/Asian (South)/women/id00739/00005_id07236_wavtolip.mp4,00005_id07236_wavtolip.mp4,FakeAVCeleb,FakeVideo-RealAudio,VISUAL_MANIPULATION,1,0,1,id00739,Asian (South),women,5,id07236,wav2lip,4,calibration
fac_144692750e31,data/raw/fakeavceleb/FakeAVCeleb_v1.2/FakeAVCeleb_v1.2/FakeVideo-RealAudio/Asian (South)/women/id00747/00053_0.mp4,00053_0.mp4,FakeAVCeleb,FakeVideo-RealAudio,VISUAL_MANIPULATION,1,0,1,id00747,Asian (South),women,53,,unknown,4,calibration
fac_49eaed3ccff8,data/raw/fakeavceleb/FakeAVCeleb_v1.2/FakeAVCeleb_v1.2/FakeVideo-RealAudio/Asian (South)/women/id00747/00053_id00235_F7aHtfdzytQ.mp4,00053_id00235_F7aHtfdzytQ.mp4,FakeAVCeleb,FakeVideo-RealAudio,VISUAL_MANIPULATION,1,0,1,id00747,Asian (South),women,53,id00235,unknown,4,calibration
fac_f1e00934b2bd,data/raw/fakeavceleb/FakeAVCeleb_v1.2/FakeAVCeleb_v1.2/FakeVideo-RealAudio/Asian (South)/women/id00747/00053_id00739_wavtolip.mp4,00053_id00739_wavtolip.mp4,FakeAVCeleb,FakeVideo-RealAudio,VISUAL_MANIPULATION,1,0,1,id00747,Asian (South),women,53,id00739,wav2lip,4,calibration
fac_74d74ed0aa6d,data/raw/fakeavceleb/FakeAVCeleb_v1.2/FakeAVCeleb_v1.2/FakeVideo-RealAudio/Asian (South)/women/id00747/00053_id00747_wavtolip.mp4,00053_id00747_wavtolip.mp4,FakeAVCeleb,FakeVideo-RealAudio,VISUAL_MANIPULATION,1,0,1,id00747,Asian (South),women,53,id00747,wav2lip,4,calibration
fac_e4646045cac0,data/raw/fakeavceleb/FakeAVCeleb_v1.2/FakeAVCeleb_v1.2/FakeVideo-RealAudio/Asian (South)/women/id00747/00053_id02089_wavtolip.mp4,00053_id02089_wavtolip.mp4,FakeAVCeleb,FakeVideo-RealAudio,VISUAL_MANIPULATION,1,0,1,id00747,Asian (South),women,53,id02089,wav2lip,4,calibration
fac_5687dbf5bf4b,data/raw/fakeavceleb/FakeAVCeleb_v1.2/FakeAVCeleb_v1.2/FakeVideo-RealAudio/Asian (South)/women/id00747/00053_id02310_zA-8Pw0SvZg.mp4,00053_id02310_zA-8Pw0SvZg.mp4,FakeAVCeleb,FakeVideo-RealAudio,VISUAL_MANIPULATION,1,0,1,id00747,Asian (South),women,53,id02310,unknown,4,calibration
fac_979121b42bbd,data/raw/fakeavceleb/FakeAVCeleb_v1.2/FakeAVCeleb_v1.2/FakeVideo-RealAudio/Asian (South)/women/id00747/00053_id02310_zA-8Pw0SvZg_faceswap.mp4,00053_id02310_zA-8Pw0SvZg_faceswap.mp4,FakeAVCeleb,FakeVideo-RealAudio,VISUAL_MANIPULATION,1,0,1,id00747,Asian (South),women,53,id02310,faceswap,4,calibration
fac_75f7c3dee20a,data/raw/fakeavceleb/FakeAVCeleb_v1.2/FakeAVCeleb_v1.2/FakeVideo-RealAudio/Asian (South)/women/id00747/00053_id02619_6AKIR2gTCNU.mp4,00053_id02619_6AKIR2gTCNU.mp4,FakeAVCeleb,FakeVideo-RealAudio,VISUAL_MANIPULATION,1,0,1,id00747,Asian (South),women,53,id02619,unknown,4,calibration
fac_3d97fc3f675f,data/raw/fakeavceleb/FakeAVCeleb_v1.2/FakeAVCeleb_v1.2/FakeVideo-RealAudio/Asian (South)/women/id00747/00053_id03815_wavtolip.mp4,00053_id03815_wavtolip.mp4,FakeAVCeleb,FakeVideo-RealAudio,VISUAL_MANIPULATION,1,0,1,id00747,Asian (South),women,53,id03815,wav2lip,4,calibration
fac_3ba8fb2e909f,data/raw/fakeavceleb/FakeAVCeleb_v1.2/FakeAVCeleb_v1.2/FakeVideo-RealAudio/Asian (South)/women/id00747/00053_id04490_wavtolip.mp4,00053_id04490_wavtolip.mp4,FakeAVCeleb,FakeVideo-RealAudio,VISUAL_MANIPULATION,1,0,1,id00747,Asian (South),women,53,id04490,wav2lip,4,calibration
fac_03f6481c7ba8,data/raw/fakeavceleb/FakeAVCeleb_v1.2/FakeAVCeleb_v1.2/FakeVideo-RealAudio/Asian (South)/women/id00747/00053_id04564_xUz03LwKRtQ.mp4,00053_id04564_xUz03LwKRtQ.mp4,FakeAVCeleb,FakeVideo-RealAudio,VISUAL_MANIPULATION,1,0,1,id00747,Asian (South),women,53,id04564,unknown,4,calibration
fac_9c67c5d3a545,data/raw/fakeavceleb/FakeAVCeleb_v1.2/FakeAVCeleb_v1.2/FakeVideo-RealAudio/Asian (South)/women/id00747/00053_id04582_Pm9dX-TxNx0.mp4,00053_id04582_Pm9dX-TxNx0.mp4,FakeAVCeleb,FakeVideo-RealAudio,VISUAL_MANIPULATION,1,0,1,id00747,Asian (South),women,53,id04582,unknown,4,calibration
fac_c011da04cb0f,data/raw/fakeavceleb/FakeAVCeleb_v1.2/FakeAVCeleb_v1.2/FakeVideo-RealAudio/Asian (South)/women/id00747/00053_id04583_wavtolip.mp4,00053_id04583_wavtolip.mp4,FakeAVCeleb,FakeVideo-RealAudio,VISUAL_MANIPULATION,1,0,1,id00747,Asian (South),women,53,id04583,wav2lip,4,calibration
fac_80f6750b2155,data/raw/fakeavceleb/FakeAVCeleb_v1.2/FakeAVCeleb_v1.2/FakeVideo-RealAudio/Asian (South)/women/id00747/00053_id04927_8MD618FRyfA.mp4,00053_id04927_8MD618FRyfA.mp4,FakeAVCeleb,FakeVideo-RealAudio,VISUAL_MANIPULATION,1,0,1,id00747,Asian (South),women,53,id04927,unknown,4,calibration
fac_1f9158bfc44d,data/raw/fakeavceleb/FakeAVCeleb_v1.2/FakeAVCeleb_v1.2/FakeVideo-RealAudio/Asian (South)/women/id00747/00053_id05920_wavtolip.mp4,00053_id05920_wavtolip.mp4,FakeAVCeleb,FakeVideo-RealAudio,VISUAL_MANIPULATION,1,0,1,id00747,Asian (South),women,53,id05920,wav2lip,4,calibration
fac_32b313830cbf,data/raw/fakeavceleb/FakeAVCeleb_v1.2/FakeAVCeleb_v1.2/FakeVideo-RealAudio/Asian (South)/women/id00747/00053_id06254_wavtolip.mp4,00053_id06254_wavtolip.mp4,FakeAVCeleb,FakeVideo-RealAudio,VISUAL_MANIPULATION,1,0,1,id00747,Asian (South),women,53,id06254,wav2lip,4,calibration
fac_be271d0e97e6,data/raw/fakeavceleb/FakeAVCeleb_v1.2/FakeAVCeleb_v1.2/FakeVideo-RealAudio/Asian (South)/women/id00747/00053_id06268_h9p-Na_iA1s.mp4,00053_id06268_h9p-Na_iA1s.mp4,FakeAVCeleb,FakeVideo-RealAudio,VISUAL_MANIPULATION,1,0,1,id00747,Asian (South),women,53,id06268,unknown,4,calibration
fac_320be151b56d,data/raw/fakeavceleb/FakeAVCeleb_v1.2/FakeAVCeleb_v1.2/FakeVideo-RealAudio/Asian (South)/women/id00747/00053_id06343_wavtolip.mp4,00053_id06343_wavtolip.mp4,FakeAVCeleb,FakeVideo-RealAudio,VISUAL_MANIPULATION,1,0,1,id00747,Asian (South),women,53,id06343,wav2lip,4,calibration
fac_af903ec359e9,data/raw/fakeavceleb/FakeAVCeleb_v1.2/FakeAVCeleb_v1.2/FakeVideo-RealAudio/Asian (South)/women/id00747/00053_id06428_wavtolip.mp4,00053_id06428_wavtolip.mp4,FakeAVCeleb,FakeVideo-RealAudio,VISUAL_MANIPULATION,1,0,1,id00747,Asian (South),women,53,id06428,wav2lip,4,calibration
fac_3990476a045f,data/raw/fakeavceleb/FakeAVCeleb_v1.2/FakeAVCeleb_v1.2/FakeVideo-RealAudio/Asian (South)/women/id00747/00053_id07236_Fe0sdHw3sc4.mp4,00053_id07236_Fe0sdHw3sc4.mp4,FakeAVCeleb,FakeVideo-RealAudio,VISUAL_MANIPULATION,1,0,1,id00747,Asian (South),women,53,id07236,unknown,4,calibration
fac_816a22f69315,data/raw/fakeavceleb/FakeAVCeleb_v1.2/FakeAVCeleb_v1.2/FakeVideo-RealAudio/Asian (South)/women/id01026/00083_1.mp4,00083_1.mp4,FakeAVCeleb,FakeVideo-RealAudio,VISUAL_MANIPULATION,1,0,1,id01026,Asian (South),women,83,,unknown,4,calibration
fac_27390706e90a,data/raw/fakeavceleb/FakeAVCeleb_v1.2/FakeAVCeleb_v1.2/FakeVideo-RealAudio/Asian (South)/women/id01026/00083_2.mp4,00083_2.mp4,FakeAVCeleb,FakeVideo-RealAudio,VISUAL_MANIPULATION,1,0,1,id01026,Asian (South),women,83,,unknown,4,calibration
fac_8894c1422844,data/raw/fakeavceleb/FakeAVCeleb_v1.2/FakeAVCeleb_v1.2/FakeVideo-RealAudio/Asian (South)/women/id01026/00083_id00080_wavtolip.mp4,00083_id00080_wavtolip.mp4,FakeAVCeleb,FakeVideo-RealAudio,VISUAL_MANIPULATION,1,0,1,id01026,Asian (South),women,83,id00080,wav2lip,4,calibration
fac_7d88a0d7a423,data/raw/fakeavceleb/FakeAVCeleb_v1.2/FakeAVCeleb_v1.2/FakeVideo-RealAudio/Asian (South)/women/id01026/00083_id00417_GhIZam3v09g.mp4,00083_id00417_GhIZam3v09g.mp4,FakeAVCeleb,FakeVideo-RealAudio,VISUAL_MANIPULATION,1,0,1,id01026,Asian (South),women,83,id00417,unknown,4,calibration
fac_3e99cc5962c3,data/raw/fakeavceleb/FakeAVCeleb_v1.2/FakeAVCeleb_v1.2/FakeVideo-RealAudio/Asian (South)/women/id01026/00083_id02089_wavtolip.mp4,00083_id02089_wavtolip.mp4,FakeAVCeleb,FakeVideo-RealAudio,VISUAL_MANIPULATION,1,0,1,id01026,Asian (South),women,83,id02089,wav2lip,4,calibration
fac_d772f5a6da07,data/raw/fakeavceleb/FakeAVCeleb_v1.2/FakeAVCeleb_v1.2/FakeVideo-RealAudio/Asian (South)/women/id01026/00083_id02310_zA-8Pw0SvZg.mp4,00083_id02310_zA-8Pw0SvZg.mp4,FakeAVCeleb,FakeVideo-RealAudio,VISUAL_MANIPULATION,1,0,1,id01026,Asian (South),women,83,id02310,unknown,4,calibration
fac_9cb15e957fa9,data/raw/fakeavceleb/FakeAVCeleb_v1.2/FakeAVCeleb_v1.2/FakeVideo-RealAudio/Asian (South)/women/id01026/00083_id03815_hw41YlLps4w.mp4,00083_id03815_hw41YlLps4w.mp4,FakeAVCeleb,FakeVideo-RealAudio,VISUAL_MANIPULATION,1,0,1,id01026,Asian (South),women,83,id03815,unknown,4,calibration
fac_6d6e4b320ae2,data/raw/fakeavceleb/FakeAVCeleb_v1.2/FakeAVCeleb_v1.2/FakeVideo-RealAudio/Asian (South)/women/id01026/00083_id03897_wavtolip.mp4,00083_id03897_wavtolip.mp4,FakeAVCeleb,FakeVideo-RealAudio,VISUAL_MANIPULATION,1,0,1,id01026,Asian (South),women,83,id03897,wav2lip,4,calibration
fac_86fd724f8d0a,data/raw/fakeavceleb/FakeAVCeleb_v1.2/FakeAVCeleb_v1.2/FakeVideo-RealAudio/Asian (South)/women/id01026/00083_id03985_01aVtyjfVFM.mp4,00083_id03985_01aVtyjfVFM.mp4,FakeAVCeleb,FakeVideo-RealAudio,VISUAL_MANIPULATION,1,0,1,id01026,Asian (South),women,83,id03985,unknown,4,calibration
fac_4d4fee3134d7,data/raw/fakeavceleb/FakeAVCeleb_v1.2/FakeAVCeleb_v1.2/FakeVideo-RealAudio/Asian (South)/women/id01026/00083_id04070_wavtolip.mp4,00083_id04070_wavtolip.mp4,FakeAVCeleb,FakeVideo-RealAudio,VISUAL_MANIPULATION,1,0,1,id01026,Asian (South),women,83,id04070,wav2lip,4,calibration
fac_c133ab05dd11,data/raw/fakeavceleb/FakeAVCeleb_v1.2/FakeAVCeleb_v1.2/FakeVideo-RealAudio/Asian (South)/women/id01026/00083_id04529_S92uo-UShxE.mp4,00083_id04529_S92uo-UShxE.mp4,FakeAVCeleb,FakeVideo-RealAudio,VISUAL_MANIPULATION,1,0,1,id01026,Asian (South),women,83,id04529,unknown,4,calibration
fac_a9aafb9e11d8,data/raw/fakeavceleb/FakeAVCeleb_v1.2/FakeAVCeleb_v1.2/FakeVideo-RealAudio/Asian (South)/women/id01026/00083_id04530_W5-PTTL9HzU.mp4,00083_id04530_W5-PTTL9HzU.mp4,FakeAVCeleb,FakeVideo-RealAudio,VISUAL_MANIPULATION,1,0,1,id01026,Asian (South),women,83,id04530,unknown,4,calibration
fac_e56eff1a22cb,data/raw/fakeavceleb/FakeAVCeleb_v1.2/FakeAVCeleb_v1.2/FakeVideo-RealAudio/Asian (South)/women/id01026/00083_id04583_wavtolip.mp4,00083_id04583_wavtolip.mp4,FakeAVCeleb,FakeVideo-RealAudio,VISUAL_MANIPULATION,1,0,1,id01026,Asian (South),women,83,id04583,wav2lip,4,calibration
fac_6487a43c254a,data/raw/fakeavceleb/FakeAVCeleb_v1.2/FakeAVCeleb_v1.2/FakeVideo-RealAudio/Asian (South)/women/id01026/00083_id05845_wavtolip.mp4,00083_id05845_wavtolip.mp4,FakeAVCeleb,FakeVideo-RealAudio,VISUAL_MANIPULATION,1,0,1,id01026,Asian (South),women,83,id05845,wav2lip,4,calibration
fac_58edcb8ba581,data/raw/fakeavceleb/FakeAVCeleb_v1.2/FakeAVCeleb_v1.2/FakeVideo-RealAudio/Asian (South)/women/id01026/00083_id05920_wavtolip.mp4,00083_id05920_wavtolip.mp4,FakeAVCeleb,FakeVideo-RealAudio,VISUAL_MANIPULATION,1,0,1,id01026,Asian (South),women,83,id05920,wav2lip,4,calibration
fac_4d5aed9d0c74,data/raw/fakeavceleb/FakeAVCeleb_v1.2/FakeAVCeleb_v1.2/FakeVideo-RealAudio/Asian (South)/women/id01026/00083_id06268_wavtolip.mp4,00083_id06268_wavtolip.mp4,FakeAVCeleb,FakeVideo-RealAudio,VISUAL_MANIPULATION,1,0,1,id01026,Asian (South),women,83,id06268,wav2lip,4,calibration
fac_cbd7f6606e90,data/raw/fakeavceleb/FakeAVCeleb_v1.2/FakeAVCeleb_v1.2/FakeVideo-RealAudio/Asian (South)/women/id01026/00083_id06438_wavtolip.mp4,00083_id06438_wavtolip.mp4,FakeAVCeleb,FakeVideo-RealAudio,VISUAL_MANIPULATION,1,0,1,id01026,Asian (South),women,83,id06438,wav2lip,4,calibration
fac_4b0333a44513,data/raw/fakeavceleb/FakeAVCeleb_v1.2/FakeAVCeleb_v1.2/FakeVideo-RealAudio/Asian (South)/women/id01026/00083_id06445_wavtolip.mp4,00083_id06445_wavtolip.mp4,FakeAVCeleb,FakeVideo-RealAudio,VISUAL_MANIPULATION,1,0,1,id01026,Asian (South),women,83,id06445,wav2lip,4,calibration
fac_334d95e5f7e4,data/raw/fakeavceleb/FakeAVCeleb_v1.2/FakeAVCeleb_v1.2/FakeVideo-RealAudio/Asian (South)/women/id01026/00083_id07136_4e43eS5p3_M.mp4,00083_id07136_4e43eS5p3_M.mp4,FakeAVCeleb,FakeVideo-RealAudio,VISUAL_MANIPULATION,1,0,1,id01026,Asian (South),women,83,id07136,unknown,4,calibration
fac_05e50199356c,data/raw/fakeavceleb/FakeAVCeleb_v1.2/FakeAVCeleb_v1.2/FakeVideo-RealAudio/Asian (South)/women/id01026/00083_id07377_FGNavKcGANA.mp4,00083_id07377_FGNavKcGANA.mp4,FakeAVCeleb,FakeVideo-RealAudio,VISUAL_MANIPULATION,1,0,1,id01026,Asian (South),women,83,id07377,unknown,4,calibration
fac_d77631551363,data/raw/fakeavceleb/FakeAVCeleb_v1.2/FakeAVCeleb_v1.2/FakeVideo-RealAudio/Asian (South)/women/id02089/00092_0.mp4,00092_0.mp4,FakeAVCeleb,FakeVideo-RealAudio,VISUAL_MANIPULATION,1,0,1,id02089,Asian (South),women,92,,unknown,4,calibration
fac_4a35de12c8de,data/raw/fakeavceleb/FakeAVCeleb_v1.2/FakeAVCeleb_v1.2/FakeVideo-RealAudio/Asian (South)/women/id02089/00092_id02310_wavtolip.mp4,00092_id02310_wavtolip.mp4,FakeAVCeleb,FakeVideo-RealAudio,VISUAL_MANIPULATION,1,0,1,id02089,Asian (South),women,92,id02310,wav2lip,4,calibration
fac_82180cf95073,data/raw/fakeavceleb/FakeAVCeleb_v1.2/FakeAVCeleb_v1.2/FakeVideo-RealAudio/Asian (South)/women/id02089/00092_id03559_pgetxl1qbzM.mp4,00092_id03559_pgetxl1qbzM.mp4,FakeAVCeleb,FakeVideo-RealAudio,VISUAL_MANIPULATION,1,0,1,id02089,Asian (South),women,92,id03559,unknown,4,calibration
fac_e490ecccba31,data/raw/fakeavceleb/FakeAVCeleb_v1.2/FakeAVCeleb_v1.2/FakeVideo-RealAudio/Asian (South)/women/id02089/00092_id03985_wavtolip.mp4,00092_id03985_wavtolip.mp4,FakeAVCeleb,FakeVideo-RealAudio,VISUAL_MANIPULATION,1,0,1,id02089,Asian (South),women,92,id03985,wav2lip,4,calibration
fac_b9cf6d1a4fc0,data/raw/fakeavceleb/FakeAVCeleb_v1.2/FakeAVCeleb_v1.2/FakeVideo-RealAudio/Asian (South)/women/id02089/00092_id04529_S92uo-UShxE.mp4,00092_id04529_S92uo-UShxE.mp4,FakeAVCeleb,FakeVideo-RealAudio,VISUAL_MANIPULATION,1,0,1,id02089,Asian (South),women,92,id04529,unknown,4,calibration
fac_7a539ff47464,data/raw/fakeavceleb/FakeAVCeleb_v1.2/FakeAVCeleb_v1.2/FakeVideo-RealAudio/Asian (South)/women/id02089/00092_id04529_S92uo-UShxE_faceswap.mp4,00092_id04529_S92uo-UShxE_faceswap.mp4,FakeAVCeleb,FakeVideo-RealAudio,VISUAL_MANIPULATION,1,0,1,id02089,Asian (South),women,92,id04529,faceswap,4,calibration
fac_73b958a72758,data/raw/fakeavceleb/FakeAVCeleb_v1.2/FakeAVCeleb_v1.2/FakeVideo-RealAudio/Asian (South)/women/id02089/00092_id04564_xUz03LwKRtQ.mp4,00092_id04564_xUz03LwKRtQ.mp4,FakeAVCeleb,FakeVideo-RealAudio,VISUAL_MANIPULATION,1,0,1,id02089,Asian (South),women,92,id04564,unknown,4,calibration
fac_ee1c435da997,data/raw/fakeavceleb/FakeAVCeleb_v1.2/FakeAVCeleb_v1.2/FakeVideo-RealAudio/Asian (South)/women/id02089/00092_id04582_Pm9dX-TxNx0.mp4,00092_id04582_Pm9dX-TxNx0.mp4,FakeAVCeleb,FakeVideo-RealAudio,VISUAL_MANIPULATION,1,0,1,id02089,Asian (South),women,92,id04582,unknown,4,calibration
fac_5d938eb6e917,data/raw/fakeavceleb/FakeAVCeleb_v1.2/FakeAVCeleb_v1.2/FakeVideo-RealAudio/Asian (South)/women/id02089/00092_id04582_wavtolip.mp4,00092_id04582_wavtolip.mp4,FakeAVCeleb,FakeVideo-RealAudio,VISUAL_MANIPULATION,1,0,1,id02089,Asian (South),women,92,id04582,wav2lip,4,calibration
fac_dce14d4876a1,data/raw/fakeavceleb/FakeAVCeleb_v1.2/FakeAVCeleb_v1.2/FakeVideo-RealAudio/Asian (South)/women/id02089/00092_id04927_8MD618FRyfA.mp4,00092_id04927_8MD618FRyfA.mp4,FakeAVCeleb,FakeVideo-RealAudio,VISUAL_MANIPULATION,1,0,1,id02089,Asian (South),women,92,id04927,unknown,4,calibration
fac_dceb971fa567,data/raw/fakeavceleb/FakeAVCeleb_v1.2/FakeAVCeleb_v1.2/FakeVideo-RealAudio/Asian (South)/women/id02089/00092_id05434_6p7kCmdOjDQ.mp4,00092_id05434_6p7kCmdOjDQ.mp4,FakeAVCeleb,FakeVideo-RealAudio,VISUAL_MANIPULATION,1,0,1,id02089,Asian (South),women,92,id05434,unknown,4,calibration
fac_dc4713f2442d,data/raw/fakeavceleb/FakeAVCeleb_v1.2/FakeAVCeleb_v1.2/FakeVideo-RealAudio/Asian (South)/women/id02089/00092_id05478_wavtolip.mp4,00092_id05478_wavtolip.mp4,FakeAVCeleb,FakeVideo-RealAudio,VISUAL_MANIPULATION,1,0,1,id02089,Asian (South),women,92,id05478,wav2lip,4,calibration
fac_e09e088a642a,data/raw/fakeavceleb/FakeAVCeleb_v1.2/FakeAVCeleb_v1.2/FakeVideo-RealAudio/Asian (South)/women/id02089/00092_id05845_wavtolip.mp4,00092_id05845_wavtolip.mp4,FakeAVCeleb,FakeVideo-RealAudio,VISUAL_MANIPULATION,1,0,1,id02089,Asian (South),women,92,id05845,wav2lip,4,calibration
fac_72436fd10642,data/raw/fakeavceleb/FakeAVCeleb_v1.2/FakeAVCeleb_v1.2/FakeVideo-RealAudio/Asian (South)/women/id02089/00092_id06254_8VSfI86Fua4.mp4,00092_id06254_8VSfI86Fua4.mp4,FakeAVCeleb,FakeVideo-RealAudio,VISUAL_MANIPULATION,1,0,1,id02089,Asian (South),women,92,id06254,unknown,4,calibration
fac_8b90b5daa1a2,data/raw/fakeavceleb/FakeAVCeleb_v1.2/FakeAVCeleb_v1.2/FakeVideo-RealAudio/Asian (South)/women/id02089/00092_id06254_wavtolip.mp4,00092_id06254_wavtolip.mp4,FakeAVCeleb,FakeVideo-RealAudio,VISUAL_MANIPULATION,1,0,1,id02089,Asian (South),women,92,id06254,wav2lip,4,calibration
fac_ea509b6535e5,data/raw/fakeavceleb/FakeAVCeleb_v1.2/FakeAVCeleb_v1.2/FakeVideo-RealAudio/Asian (South)/women/id02089/00092_id06343_wavtolip.mp4,00092_id06343_wavtolip.mp4,FakeAVCeleb,FakeVideo-RealAudio,VISUAL_MANIPULATION,1,0,1,id02089,Asian (South),women,92,id06343,wav2lip,4,calibration
fac_3d78501fe573,data/raw/fakeavceleb/FakeAVCeleb_v1.2/FakeAVCeleb_v1.2/FakeVideo-RealAudio/Asian (South)/women/id02089/00092_id06445_NWtdqOxEbDY.mp4,00092_id06445_NWtdqOxEbDY.mp4,FakeAVCeleb,FakeVideo-RealAudio,VISUAL_MANIPULATION,1,0,1,id02089,Asian (South),women,92,id06445,unknown,4,calibration
fac_abb8dce011a8,data/raw/fakeavceleb/FakeAVCeleb_v1.2/FakeAVCeleb_v1.2/FakeVideo-RealAudio/Asian (South)/women/id02089/00092_id06752_wavtolip.mp4,00092_id06752_wavtolip.mp4,FakeAVCeleb,FakeVideo-RealAudio,VISUAL_MANIPULATION,1,0,1,id02089,Asian (South),women,92,id06752,wav2lip,4,calibration
fac_99bbfe87af23,data/raw/fakeavceleb/FakeAVCeleb_v1.2/FakeAVCeleb_v1.2/FakeVideo-RealAudio/Asian (South)/women/id02089/00092_id07377_wavtolip.mp4,00092_id07377_wavtolip.mp4,FakeAVCeleb,FakeVideo-RealAudio,VISUAL_MANIPULATION,1,0,1,id02089,Asian (South),women,92,id07377,wav2lip,4,calibration
fac_67b0407fe9a4,data/raw/fakeavceleb/FakeAVCeleb_v1.2/FakeAVCeleb_v1.2/FakeVideo-RealAudio/Asian (South)/women/id02089/00092_id07686_wavtolip.mp4,00092_id07686_wavtolip.mp4,FakeAVCeleb,FakeVideo-RealAudio,VISUAL_MANIPULATION,1,0,1,id02089,Asian (South),women,92,id07686,wav2lip,4,calibration
fac_f3466e25c35d,data/raw/fakeavceleb/FakeAVCeleb_v1.2/FakeAVCeleb_v1.2/FakeVideo-RealAudio/Asian (South)/women/id02310/00139_0.mp4,00139_0.mp4,FakeAVCeleb,FakeVideo-RealAudio,VISUAL_MANIPULATION,1,0,1,id02310,Asian (South),women,139,,unknown,4,calibration
fac_cb0a09272e29,data/raw/fakeavceleb/FakeAVCeleb_v1.2/FakeAVCeleb_v1.2/FakeVideo-RealAudio/Asian (South)/women/id02310/00139_2.mp4,00139_2.mp4,FakeAVCeleb,FakeVideo-RealAudio,VISUAL_MANIPULATION,1,0,1,id02310,Asian (South),women,139,,unknown,4,calibration
fac_c35bd884e5d4,data/raw/fakeavceleb/FakeAVCeleb_v1.2/FakeAVCeleb_v1.2/FakeVideo-RealAudio/Asian (South)/women/id02310/00139_id00080_y29QtxBTASE.mp4,00139_id00080_y29QtxBTASE.mp4,FakeAVCeleb,FakeVideo-RealAudio,VISUAL_MANIPULATION,1,0,1,id02310,Asian (South),women,139,id00080,unknown,4,calibration
fac_2a5f9d8c5e59,data/raw/fakeavceleb/FakeAVCeleb_v1.2/FakeAVCeleb_v1.2/FakeVideo-RealAudio/Asian (South)/women/id02310/00139_id00417_wavtolip.mp4,00139_id00417_wavtolip.mp4,FakeAVCeleb,FakeVideo-RealAudio,VISUAL_MANIPULATION,1,0,1,id02310,Asian (South),women,139,id00417,wav2lip,4,calibration
fac_1b13cc911798,data/raw/fakeavceleb/FakeAVCeleb_v1.2/FakeAVCeleb_v1.2/FakeVideo-RealAudio/Asian (South)/women/id02310/00139_id00461_wavtolip.mp4,00139_id00461_wavtolip.mp4,FakeAVCeleb,FakeVideo-RealAudio,VISUAL_MANIPULATION,1,0,1,id02310,Asian (South),women,139,id00461,wav2lip,4,calibration
fac_a6daf79f5d17,data/raw/fakeavceleb/FakeAVCeleb_v1.2/FakeAVCeleb_v1.2/FakeVideo-RealAudio/Asian (South)/women/id02310/00139_id01026_rM4ZERt7oM0.mp4,00139_id01026_rM4ZERt7oM0.mp4,FakeAVCeleb,FakeVideo-RealAudio,VISUAL_MANIPULATION,1,0,1,id02310,Asian (South),women,139,id01026,unknown,4,calibration
fac_c3d81e2b3818,data/raw/fakeavceleb/FakeAVCeleb_v1.2/FakeAVCeleb_v1.2/FakeVideo-RealAudio/Asian (South)/women/id02310/00139_id02619_wavtolip.mp4,00139_id02619_wavtolip.mp4,FakeAVCeleb,FakeVideo-RealAudio,VISUAL_MANIPULATION,1,0,1,id02310,Asian (South),women,139,id02619,wav2lip,4,calibration
fac_e2703f492a39,data/raw/fakeavceleb/FakeAVCeleb_v1.2/FakeAVCeleb_v1.2/FakeVideo-RealAudio/Asian (South)/women/id02310/00139_id03815_hw41YlLps4w.mp4,00139_id03815_hw41YlLps4w.mp4,FakeAVCeleb,FakeVideo-RealAudio,VISUAL_MANIPULATION,1,0,1,id02310,Asian (South),women,139,id03815,unknown,4,calibration
fac_df4e55897ab3,data/raw/fakeavceleb/FakeAVCeleb_v1.2/FakeAVCeleb_v1.2/FakeVideo-RealAudio/Asian (South)/women/id02310/00139_id03985_wavtolip.mp4,00139_id03985_wavtolip.mp4,FakeAVCeleb,FakeVideo-RealAudio,VISUAL_MANIPULATION,1,0,1,id02310,Asian (South),women,139,id03985,wav2lip,4,calibration
fac_60cffc0dfa39,data/raw/fakeavceleb/FakeAVCeleb_v1.2/FakeAVCeleb_v1.2/FakeVideo-RealAudio/Asian (South)/women/id02310/00139_id04530_W5-PTTL9HzU.mp4,00139_id04530_W5-PTTL9HzU.mp4,FakeAVCeleb,FakeVideo-RealAudio,VISUAL_MANIPULATION,1,0,1,id02310,Asian (South),women,139,id04530,unknown,4,calibration
fac_eb74acacd2d7,data/raw/fakeavceleb/FakeAVCeleb_v1.2/FakeAVCeleb_v1.2/FakeVideo-RealAudio/Asian (South)/women/id02310/00139_id04583_M10zZFjuAb0.mp4,00139_id04583_M10zZFjuAb0.mp4,FakeAVCeleb,FakeVideo-RealAudio,VISUAL_MANIPULATION,1,0,1,id02310,Asian (South),women,139,id04583,unknown,4,calibration
fac_755fbe414053,data/raw/fakeavceleb/FakeAVCeleb_v1.2/FakeAVCeleb_v1.2/FakeVideo-RealAudio/Asian (South)/women/id02310/00139_id05435_OvX-Jv_whcU.mp4,00139_id05435_OvX-Jv_whcU.mp4,FakeAVCeleb,FakeVideo-RealAudio,VISUAL_MANIPULATION,1,0,1,id02310,Asian (South),women,139,id05435,unknown,4,calibration
fac_b28fbd2f6ac8,data/raw/fakeavceleb/FakeAVCeleb_v1.2/FakeAVCeleb_v1.2/FakeVideo-RealAudio/Asian (South)/women/id02310/00139_id05435_wavtolip.mp4,00139_id05435_wavtolip.mp4,FakeAVCeleb,FakeVideo-RealAudio,VISUAL_MANIPULATION,1,0,1,id02310,Asian (South),women,139,id05435,wav2lip,4,calibration
fac_a2093d2aa3dc,data/raw/fakeavceleb/FakeAVCeleb_v1.2/FakeAVCeleb_v1.2/FakeVideo-RealAudio/Asian (South)/women/id02310/00139_id05920_wavtolip.mp4,00139_id05920_wavtolip.mp4,FakeAVCeleb,FakeVideo-RealAudio,VISUAL_MANIPULATION,1,0,1,id02310,Asian (South),women,139,id05920,wav2lip,4,calibration
fac_c7e744cde82f,data/raw/fakeavceleb/FakeAVCeleb_v1.2/FakeAVCeleb_v1.2/FakeVideo-RealAudio/Asian (South)/women/id02310/00139_id05931_wavtolip.mp4,00139_id05931_wavtolip.mp4,FakeAVCeleb,FakeVideo-RealAudio,VISUAL_MANIPULATION,1,0,1,id02310,Asian (South),women,139,id05931,wav2lip,4,calibration
fac_da2e4348e8b7,data/raw/fakeavceleb/FakeAVCeleb_v1.2/FakeAVCeleb_v1.2/FakeVideo-RealAudio/Asian (South)/women/id02310/00139_id06428_A9nvRKd1afA.mp4,00139_id06428_A9nvRKd1afA.mp4,FakeAVCeleb,FakeVideo-RealAudio,VISUAL_MANIPULATION,1,0,1,id02310,Asian (South),women,139,id06428,unknown,4,calibration
fac_b0470d2a8e76,data/raw/fakeavceleb/FakeAVCeleb_v1.2/FakeAVCeleb_v1.2/FakeVideo-RealAudio/Asian (South)/women/id02310/00139_id06438_vf3xBVgYqYA.mp4,00139_id06438_vf3xBVgYqYA.mp4,FakeAVCeleb,FakeVideo-RealAudio,VISUAL_MANIPULATION,1,0,1,id02310,Asian (South),women,139,id06438,unknown,4,calibration
fac_6ede750d8329,data/raw/fakeavceleb/FakeAVCeleb_v1.2/FakeAVCeleb_v1.2/FakeVideo-RealAudio/Asian (South)/women/id02310/00139_id06445_wavtolip.mp4,00139_id06445_wavtolip.mp4,FakeAVCeleb,FakeVideo-RealAudio,VISUAL_MANIPULATION,1,0,1,id02310,Asian (South),women,139,id06445,wav2lip,4,calibration
fac_c86d1e3e0a40,data/raw/fakeavceleb/FakeAVCeleb_v1.2/FakeAVCeleb_v1.2/FakeVideo-RealAudio/Asian (South)/women/id02310/00139_id07008_wavtolip.mp4,00139_id07008_wavtolip.mp4,FakeAVCeleb,FakeVideo-RealAudio,VISUAL_MANIPULATION,1,0,1,id02310,Asian (South),women,139,id07008,wav2lip,4,calibration
fac_f7092f44bc1f,data/raw/fakeavceleb/FakeAVCeleb_v1.2/FakeAVCeleb_v1.2/FakeVideo-RealAudio/Asian (South)/women/id02310/00139_id07051_wavtolip.mp4,00139_id07051_wavtolip.mp4,FakeAVCeleb,FakeVideo-RealAudio,VISUAL_MANIPULATION,1,0,1,id02310,Asian (South),women,139,id07051,wav2lip,4,calibration
fac_64bc52ad10f3,data/raw/fakeavceleb/FakeAVCeleb_v1.2/FakeAVCeleb_v1.2/FakeVideo-RealAudio/Asian (South)/women/id02619/00015_0.mp4,00015_0.mp4,FakeAVCeleb,FakeVideo-RealAudio,VISUAL_MANIPULATION,1,0,1,id02619,Asian (South),women,15,,unknown,4,calibration
fac_3df5af630313,data/raw/fakeavceleb/FakeAVCeleb_v1.2/FakeAVCeleb_v1.2/FakeVideo-RealAudio/Asian (South)/women/id02619/00015_id00043_DxY87QyzDN8.mp4,00015_id00043_DxY87QyzDN8.mp4,FakeAVCeleb,FakeVideo-RealAudio,VISUAL_MANIPULATION,1,0,1,id02619,Asian (South),women,15,id00043,unknown,4,calibration
fac_02992b463b72,data/raw/fakeavceleb/FakeAVCeleb_v1.2/FakeAVCeleb_v1.2/FakeVideo-RealAudio/Asian (South)/women/id02619/00015_id00043_wavtolip.mp4,00015_id00043_wavtolip.mp4,FakeAVCeleb,FakeVideo-RealAudio,VISUAL_MANIPULATION,1,0,1,id02619,Asian (South),women,15,id00043,wav2lip,4,calibration
fac_502b4352d33b,data/raw/fakeavceleb/FakeAVCeleb_v1.2/FakeAVCeleb_v1.2/FakeVideo-RealAudio/Asian (South)/women/id02619/00015_id00149_wavtolip.mp4,00015_id00149_wavtolip.mp4,FakeAVCeleb,FakeVideo-RealAudio,VISUAL_MANIPULATION,1,0,1,id02619,Asian (South),women,15,id00149,wav2lip,4,calibration
fac_ed210395f981,data/raw/fakeavceleb/FakeAVCeleb_v1.2/FakeAVCeleb_v1.2/FakeVideo-RealAudio/Asian (South)/women/id02619/00015_id00235_wavtolip.mp4,00015_id00235_wavtolip.mp4,FakeAVCeleb,FakeVideo-RealAudio,VISUAL_MANIPULATION,1,0,1,id02619,Asian (South),women,15,id00235,wav2lip,4,calibration
fac_feead7952d3c,data/raw/fakeavceleb/FakeAVCeleb_v1.2/FakeAVCeleb_v1.2/FakeVideo-RealAudio/Asian (South)/women/id02619/00015_id00417_GhIZam3v09g.mp4,00015_id00417_GhIZam3v09g.mp4,FakeAVCeleb,FakeVideo-RealAudio,VISUAL_MANIPULATION,1,0,1,id02619,Asian (South),women,15,id00417,unknown,4,calibration
fac_9a741ad4c696,data/raw/fakeavceleb/FakeAVCeleb_v1.2/FakeAVCeleb_v1.2/FakeVideo-RealAudio/Asian (South)/women/id02619/00015_id00417_GhIZam3v09g_faceswap.mp4,00015_id00417_GhIZam3v09g_faceswap.mp4,FakeAVCeleb,FakeVideo-RealAudio,VISUAL_MANIPULATION,1,0,1,id02619,Asian (South),women,15,id00417,faceswap,4,calibration
fac_d6e312849ad9,data/raw/fakeavceleb/FakeAVCeleb_v1.2/FakeAVCeleb_v1.2/FakeVideo-RealAudio/Asian (South)/women/id02619/00015_id00461_Ort9NW3SJU4.mp4,00015_id00461_Ort9NW3SJU4.mp4,FakeAVCeleb,FakeVideo-RealAudio,VISUAL_MANIPULATION,1,0,1,id02619,Asian (South),women,15,id00461,unknown,4,calibration
fac_89e478caf78e,data/raw/fakeavceleb/FakeAVCeleb_v1.2/FakeAVCeleb_v1.2/FakeVideo-RealAudio/Asian (South)/women/id02619/00015_id01026_rM4ZERt7oM0.mp4,00015_id01026_rM4ZERt7oM0.mp4,FakeAVCeleb,FakeVideo-RealAudio,VISUAL_MANIPULATION,1,0,1,id02619,Asian (South),women,15,id01026,unknown,4,calibration
fac_c41c43484d84,data/raw/fakeavceleb/FakeAVCeleb_v1.2/FakeAVCeleb_v1.2/FakeVideo-RealAudio/Asian (South)/women/id02619/00015_id03559_wavtolip.mp4,00015_id03559_wavtolip.mp4,FakeAVCeleb,FakeVideo-RealAudio,VISUAL_MANIPULATION,1,0,1,id02619,Asian (South),women,15,id03559,wav2lip,4,calibration
fac_2fac814ef839,data/raw/fakeavceleb/FakeAVCeleb_v1.2/FakeAVCeleb_v1.2/FakeVideo-RealAudio/Asian (South)/women/id02619/00015_id03815_hw41YlLps4w.mp4,00015_id03815_hw41YlLps4w.mp4,FakeAVCeleb,FakeVideo-RealAudio,VISUAL_MANIPULATION,1,0,1,id02619,Asian (South),women,15,id03815,unknown,4,calibration
fac_c508b8601210,data/raw/fakeavceleb/FakeAVCeleb_v1.2/FakeAVCeleb_v1.2/FakeVideo-RealAudio/Asian (South)/women/id02619/00015_id04490_wavtolip.mp4,00015_id04490_wavtolip.mp4,FakeAVCeleb,FakeVideo-RealAudio,VISUAL_MANIPULATION,1,0,1,id02619,Asian (South),women,15,id04490,wav2lip,4,calibration
fac_a8e8925f6f1f,data/raw/fakeavceleb/FakeAVCeleb_v1.2/FakeAVCeleb_v1.2/FakeVideo-RealAudio/Asian (South)/women/id02619/00015_id04529_S92uo-UShxE.mp4,00015_id04529_S92uo-UShxE.mp4,FakeAVCeleb,FakeVideo-RealAudio,VISUAL_MANIPULATION,1,0,1,id02619,Asian (South),women,15,id04529,unknown,4,calibration
fac_adc5d4f537ee,data/raw/fakeavceleb/FakeAVCeleb_v1.2/FakeAVCeleb_v1.2/FakeVideo-RealAudio/Asian (South)/women/id02619/00015_id04564_wavtolip.mp4,00015_id04564_wavtolip.mp4,FakeAVCeleb,FakeVideo-RealAudio,VISUAL_MANIPULATION,1,0,1,id02619,Asian (South),women,15,id04564,wav2lip,4,calibration
fac_1e977bb32d30,data/raw/fakeavceleb/FakeAVCeleb_v1.2/FakeAVCeleb_v1.2/FakeVideo-RealAudio/Asian (South)/women/id02619/00015_id04564_xUz03LwKRtQ.mp4,00015_id04564_xUz03LwKRtQ.mp4,FakeAVCeleb,FakeVideo-RealAudio,VISUAL_MANIPULATION,1,0,1,id02619,Asian (South),women,15,id04564,unknown,4,calibration
fac_d7fca7c933f1,data/raw/fakeavceleb/FakeAVCeleb_v1.2/FakeAVCeleb_v1.2/FakeVideo-RealAudio/Asian (South)/women/id02619/00015_id04927_wavtolip.mp4,00015_id04927_wavtolip.mp4,FakeAVCeleb,FakeVideo-RealAudio,VISUAL_MANIPULATION,1,0,1,id02619,Asian (South),women,15,id04927,wav2lip,4,calibration
fac_275f03a21956,data/raw/fakeavceleb/FakeAVCeleb_v1.2/FakeAVCeleb_v1.2/FakeVideo-RealAudio/Asian (South)/women/id02619/00015_id05435_OvX-Jv_whcU.mp4,00015_id05435_OvX-Jv_whcU.mp4,FakeAVCeleb,FakeVideo-RealAudio,VISUAL_MANIPULATION,1,0,1,id02619,Asian (South),women,15,id05435,unknown,4,calibration
fac_e687eed55d7d,data/raw/fakeavceleb/FakeAVCeleb_v1.2/FakeAVCeleb_v1.2/FakeVideo-RealAudio/Asian (South)/women/id02619/00015_id06232_wavtolip.mp4,00015_id06232_wavtolip.mp4,FakeAVCeleb,FakeVideo-RealAudio,VISUAL_MANIPULATION,1,0,1,id02619,Asian (South),women,15,id06232,wav2lip,4,calibration
fac_4d738761e82c,data/raw/fakeavceleb/FakeAVCeleb_v1.2/FakeAVCeleb_v1.2/FakeVideo-RealAudio/Asian (South)/women/id02619/00015_id06268_wavtolip.mp4,00015_id06268_wavtolip.mp4,FakeAVCeleb,FakeVideo-RealAudio,VISUAL_MANIPULATION,1,0,1,id02619,Asian (South),women,15,id06268,wav2lip,4,calibration
fac_9da7947188d4,data/raw/fakeavceleb/FakeAVCeleb_v1.2/FakeAVCeleb_v1.2/FakeVideo-RealAudio/Asian (South)/women/id02619/00015_id07008_wavtolip.mp4,00015_id07008_wavtolip.mp4,FakeAVCeleb,FakeVideo-RealAudio,VISUAL_MANIPULATION,1,0,1,id02619,Asian (South),women,15,id07008,wav2lip,4,calibration
fac_bc8fdc9abe0b,data/raw/fakeavceleb/FakeAVCeleb_v1.2/FakeAVCeleb_v1.2/FakeVideo-RealAudio/Asian (South)/women/id03559/00023_id00043_wavtolip.mp4,00023_id00043_wavtolip.mp4,FakeAVCeleb,FakeVideo-RealAudio,VISUAL_MANIPULATION,1,0,1,id03559,Asian (South),women,23,id00043,wav2lip,4,calibration
fac_f475a24e2b5c,data/raw/fakeavceleb/FakeAVCeleb_v1.2/FakeAVCeleb_v1.2/FakeVideo-RealAudio/Asian (South)/women/id03559/00023_id00149_wavtolip.mp4,00023_id00149_wavtolip.mp4,FakeAVCeleb,FakeVideo-RealAudio,VISUAL_MANIPULATION,1,0,1,id03559,Asian (South),women,23,id00149,wav2lip,4,calibration
fac_38942f20f63f,data/raw/fakeavceleb/FakeAVCeleb_v1.2/FakeAVCeleb_v1.2/FakeVideo-RealAudio/Asian (South)/women/id03559/00023_id00235_F7aHtfdzytQ.mp4,00023_id00235_F7aHtfdzytQ.mp4,FakeAVCeleb,FakeVideo-RealAudio,VISUAL_MANIPULATION,1,0,1,id03559,Asian (South),women,23,id00235,unknown,4,calibration
fac_270f463f4fcd,data/raw/fakeavceleb/FakeAVCeleb_v1.2/FakeAVCeleb_v1.2/FakeVideo-RealAudio/Asian (South)/women/id03559/00023_id00747_l3eOd4UDsGc.mp4,00023_id00747_l3eOd4UDsGc.mp4,FakeAVCeleb,FakeVideo-RealAudio,VISUAL_MANIPULATION,1,0,1,id03559,Asian (South),women,23,id00747,unknown,4,calibration
fac_93d920837115,data/raw/fakeavceleb/FakeAVCeleb_v1.2/FakeAVCeleb_v1.2/FakeVideo-RealAudio/Asian (South)/women/id03559/00023_id02619_wavtolip.mp4,00023_id02619_wavtolip.mp4,FakeAVCeleb,FakeVideo-RealAudio,VISUAL_MANIPULATION,1,0,1,id03559,Asian (South),women,23,id02619,wav2lip,4,calibration
fac_0b4b054fba16,data/raw/fakeavceleb/FakeAVCeleb_v1.2/FakeAVCeleb_v1.2/FakeVideo-RealAudio/Asian (South)/women/id03559/00023_id03815_wavtolip.mp4,00023_id03815_wavtolip.mp4,FakeAVCeleb,FakeVideo-RealAudio,VISUAL_MANIPULATION,1,0,1,id03559,Asian (South),women,23,id03815,wav2lip,4,calibration
fac_bbadd6dbba73,data/raw/fakeavceleb/FakeAVCeleb_v1.2/FakeAVCeleb_v1.2/FakeVideo-RealAudio/Asian (South)/women/id03559/00023_id04070_wavtolip.mp4,00023_id04070_wavtolip.mp4,FakeAVCeleb,FakeVideo-RealAudio,VISUAL_MANIPULATION,1,0,1,id03559,Asian (South),women,23,id04070,wav2lip,4,calibration
fac_a40bc65d2956,data/raw/fakeavceleb/FakeAVCeleb_v1.2/FakeAVCeleb_v1.2/FakeVideo-RealAudio/Asian (South)/women/id03559/00023_id04564_wavtolip.mp4,00023_id04564_wavtolip.mp4,FakeAVCeleb,FakeVideo-RealAudio,VISUAL_MANIPULATION,1,0,1,id03559,Asian (South),women,23,id04564,wav2lip,4,calibration
fac_f905fa8a49a4,data/raw/fakeavceleb/FakeAVCeleb_v1.2/FakeAVCeleb_v1.2/FakeVideo-RealAudio/Asian (South)/women/id03559/00023_id04583_M10zZFjuAb0.mp4,00023_id04583_M10zZFjuAb0.mp4,FakeAVCeleb,FakeVideo-RealAudio,VISUAL_MANIPULATION,1,0,1,id03559,Asian (South),women,23,id04583,unknown,4,calibration
fac_cfb2772a4027,data/raw/fakeavceleb/FakeAVCeleb_v1.2/FakeAVCeleb_v1.2/FakeVideo-RealAudio/Asian (South)/women/id03559/00023_id04583_wavtolip.mp4,00023_id04583_wavtolip.mp4,FakeAVCeleb,FakeVideo-RealAudio,VISUAL_MANIPULATION,1,0,1,id03559,Asian (South),women,23,id04583,wav2lip,4,calibration
fac_b9ecd62847d3,data/raw/fakeavceleb/FakeAVCeleb_v1.2/FakeAVCeleb_v1.2/FakeVideo-RealAudio/Asian (South)/women/id03559/00023_id05478_VJkjRzPt-Jw.mp4,00023_id05478_VJkjRzPt-Jw.mp4,FakeAVCeleb,FakeVideo-RealAudio,VISUAL_MANIPULATION,1,0,1,id03559,Asian (South),women,23,id05478,unknown,4,calibration
fac_94b7e0fdd7f6,data/raw/fakeavceleb/FakeAVCeleb_v1.2/FakeAVCeleb_v1.2/FakeVideo-RealAudio/Asian (South)/women/id03559/00023_id05845_XfMHm6CEwPw.mp4,00023_id05845_XfMHm6CEwPw.mp4,FakeAVCeleb,FakeVideo-RealAudio,VISUAL_MANIPULATION,1,0,1,id03559,Asian (South),women,23,id05845,unknown,4,calibration
fac_41f655451150,data/raw/fakeavceleb/FakeAVCeleb_v1.2/FakeAVCeleb_v1.2/FakeVideo-RealAudio/Asian (South)/women/id03559/00023_id05845_XfMHm6CEwPw_faceswap.mp4,00023_id05845_XfMHm6CEwPw_faceswap.mp4,FakeAVCeleb,FakeVideo-RealAudio,VISUAL_MANIPULATION,1,0,1,id03559,Asian (South),women,23,id05845,faceswap,4,calibration
fac_cce84c8d8ba3,data/raw/fakeavceleb/FakeAVCeleb_v1.2/FakeAVCeleb_v1.2/FakeVideo-RealAudio/Asian (South)/women/id03559/00023_id05931_bFqu86NV3hk.mp4,00023_id05931_bFqu86NV3hk.mp4,FakeAVCeleb,FakeVideo-RealAudio,VISUAL_MANIPULATION,1,0,1,id03559,Asian (South),women,23,id05931,unknown,4,calibration
fac_0f74a91c8ecb,data/raw/fakeavceleb/FakeAVCeleb_v1.2/FakeAVCeleb_v1.2/FakeVideo-RealAudio/Asian (South)/women/id03559/00023_id06232_GiPuw-FvbeM.mp4,00023_id06232_GiPuw-FvbeM.mp4,FakeAVCeleb,FakeVideo-RealAudio,VISUAL_MANIPULATION,1,0,1,id03559,Asian (South),women,23,id06232,unknown,4,calibration
fac_b630b82d738b,data/raw/fakeavceleb/FakeAVCeleb_v1.2/FakeAVCeleb_v1.2/FakeVideo-RealAudio/Asian (South)/women/id03559/00023_id06428_wavtolip.mp4,00023_id06428_wavtolip.mp4,FakeAVCeleb,FakeVideo-RealAudio,VISUAL_MANIPULATION,1,0,1,id03559,Asian (South),women,23,id06428,wav2lip,4,calibration
fac_49ee4249c1bc,data/raw/fakeavceleb/FakeAVCeleb_v1.2/FakeAVCeleb_v1.2/FakeVideo-RealAudio/Asian (South)/women/id03559/00023_id06439_wavtolip.mp4,00023_id06439_wavtolip.mp4,FakeAVCeleb,FakeVideo-RealAudio,VISUAL_MANIPULATION,1,0,1,id03559,Asian (South),women,23,id06439,wav2lip,4,calibration
fac_21193bae8ab5,data/raw/fakeavceleb/FakeAVCeleb_v1.2/FakeAVCeleb_v1.2/FakeVideo-RealAudio/Asian (South)/women/id03559/00023_id07008_wavtolip.mp4,00023_id07008_wavtolip.mp4,FakeAVCeleb,FakeVideo-RealAudio,VISUAL_MANIPULATION,1,0,1,id03559,Asian (South),women,23,id07008,wav2lip,4,calibration
fac_7ca78e468b78,data/raw/fakeavceleb/FakeAVCeleb_v1.2/FakeAVCeleb_v1.2/FakeVideo-RealAudio/Asian (South)/women/id03559/00023_id07051_d1c0Pl2aP_4.mp4,00023_id07051_d1c0Pl2aP_4.mp4,FakeAVCeleb,FakeVideo-RealAudio,VISUAL_MANIPULATION,1,0,1,id03559,Asian (South),women,23,id07051,unknown,4,calibration
fac_2b6df1f73173,data/raw/fakeavceleb/FakeAVCeleb_v1.2/FakeAVCeleb_v1.2/FakeVideo-RealAudio/Asian (South)/women/id03815/00118_1.mp4,00118_1.mp4,FakeAVCeleb,FakeVideo-RealAudio,VISUAL_MANIPULATION,1,0,1,id03815,Asian (South),women,118,,unknown,4,calibration
fac_9c4cc0d2192c,data/raw/fakeavceleb/FakeAVCeleb_v1.2/FakeAVCeleb_v1.2/FakeVideo-RealAudio/Asian (South)/women/id03815/00118_id00080_y29QtxBTASE.mp4,00118_id00080_y29QtxBTASE.mp4,FakeAVCeleb,FakeVideo-RealAudio,VISUAL_MANIPULATION,1,0,1,id03815,Asian (South),women,118,id00080,unknown,4,calibration
fac_067e6252d165,data/raw/fakeavceleb/FakeAVCeleb_v1.2/FakeAVCeleb_v1.2/FakeVideo-RealAudio/Asian (South)/women/id03815/00118_id00747_wavtolip.mp4,00118_id00747_wavtolip.mp4,FakeAVCeleb,FakeVideo-RealAudio,VISUAL_MANIPULATION,1,0,1,id03815,Asian (South),women,118,id00747,wav2lip,4,calibration
fac_1db4a94a8334,data/raw/fakeavceleb/FakeAVCeleb_v1.2/FakeAVCeleb_v1.2/FakeVideo-RealAudio/Asian (South)/women/id03815/00118_id01026_rM4ZERt7oM0.mp4,00118_id01026_rM4ZERt7oM0.mp4,FakeAVCeleb,FakeVideo-RealAudio,VISUAL_MANIPULATION,1,0,1,id03815,Asian (South),women,118,id01026,unknown,4,calibration
fac_c0ded203f64c,data/raw/fakeavceleb/FakeAVCeleb_v1.2/FakeAVCeleb_v1.2/FakeVideo-RealAudio/Asian (South)/women/id03815/00118_id02310_wavtolip.mp4,00118_id02310_wavtolip.mp4,FakeAVCeleb,FakeVideo-RealAudio,VISUAL_MANIPULATION,1,0,1,id03815,Asian (South),women,118,id02310,wav2lip,4,calibration
fac_56032038a878,data/raw/fakeavceleb/FakeAVCeleb_v1.2/FakeAVCeleb_v1.2/FakeVideo-RealAudio/Asian (South)/women/id03815/00118_id02619_6AKIR2gTCNU.mp4,00118_id02619_6AKIR2gTCNU.mp4,FakeAVCeleb,FakeVideo-RealAudio,VISUAL_MANIPULATION,1,0,1,id03815,Asian (South),women,118,id02619,unknown,4,calibration
fac_57e53490023c,data/raw/fakeavceleb/FakeAVCeleb_v1.2/FakeAVCeleb_v1.2/FakeVideo-RealAudio/Asian (South)/women/id03815/00118_id02619_wavtolip.mp4,00118_id02619_wavtolip.mp4,FakeAVCeleb,FakeVideo-RealAudio,VISUAL_MANIPULATION,1,0,1,id03815,Asian (South),women,118,id02619,wav2lip,4,calibration
fac_302ab89e9a75,data/raw/fakeavceleb/FakeAVCeleb_v1.2/FakeAVCeleb_v1.2/FakeVideo-RealAudio/Asian (South)/women/id03815/00118_id03559_pgetxl1qbzM.mp4,00118_id03559_pgetxl1qbzM.mp4,FakeAVCeleb,FakeVideo-RealAudio,VISUAL_MANIPULATION,1,0,1,id03815,Asian (South),women,118,id03559,unknown,4,calibration
fac_8121f17f8b17,data/raw/fakeavceleb/FakeAVCeleb_v1.2/FakeAVCeleb_v1.2/FakeVideo-RealAudio/Asian (South)/women/id03815/00118_id04530_wavtolip.mp4,00118_id04530_wavtolip.mp4,FakeAVCeleb,FakeVideo-RealAudio,VISUAL_MANIPULATION,1,0,1,id03815,Asian (South),women,118,id04530,wav2lip,4,calibration
fac_e0f7a62bed1c,data/raw/fakeavceleb/FakeAVCeleb_v1.2/FakeAVCeleb_v1.2/FakeVideo-RealAudio/Asian (South)/women/id03815/00118_id05435_wavtolip.mp4,00118_id05435_wavtolip.mp4,FakeAVCeleb,FakeVideo-RealAudio,VISUAL_MANIPULATION,1,0,1,id03815,Asian (South),women,118,id05435,wav2lip,4,calibration
fac_c285aecb21f3,data/raw/fakeavceleb/FakeAVCeleb_v1.2/FakeAVCeleb_v1.2/FakeVideo-RealAudio/Asian (South)/women/id03815/00118_id05920_LuLTJu54joo.mp4,00118_id05920_LuLTJu54joo.mp4,FakeAVCeleb,FakeVideo-RealAudio,VISUAL_MANIPULATION,1,0,1,id03815,Asian (South),women,118,id05920,unknown,4,calibration
fac_9b2b96f73f0e,data/raw/fakeavceleb/FakeAVCeleb_v1.2/FakeAVCeleb_v1.2/FakeVideo-RealAudio/Asian (South)/women/id03815/00118_id05931_bFqu86NV3hk.mp4,00118_id05931_bFqu86NV3hk.mp4,FakeAVCeleb,FakeVideo-RealAudio,VISUAL_MANIPULATION,1,0,1,id03815,Asian (South),women,118,id05931,unknown,4,calibration
fac_8d478d31b7db,data/raw/fakeavceleb/FakeAVCeleb_v1.2/FakeAVCeleb_v1.2/FakeVideo-RealAudio/Asian (South)/women/id03815/00118_id06428_A9nvRKd1afA.mp4,00118_id06428_A9nvRKd1afA.mp4,FakeAVCeleb,FakeVideo-RealAudio,VISUAL_MANIPULATION,1,0,1,id03815,Asian (South),women,118,id06428,unknown,4,calibration
fac_7f223be2dc58,data/raw/fakeavceleb/FakeAVCeleb_v1.2/FakeAVCeleb_v1.2/FakeVideo-RealAudio/Asian (South)/women/id03815/00118_id06428_wavtolip.mp4,00118_id06428_wavtolip.mp4,FakeAVCeleb,FakeVideo-RealAudio,VISUAL_MANIPULATION,1,0,1,id03815,Asian (South),women,118,id06428,wav2lip,4,calibration
fac_0fa256051e88,data/raw/fakeavceleb/FakeAVCeleb_v1.2/FakeAVCeleb_v1.2/FakeVideo-RealAudio/Asian (South)/women/id03815/00118_id06438_wavtolip.mp4,00118_id06438_wavtolip.mp4,FakeAVCeleb,FakeVideo-RealAudio,VISUAL_MANIPULATION,1,0,1,id03815,Asian (South),women,118,id06438,wav2lip,4,calibration
fac_3c761c43bb98,data/raw/fakeavceleb/FakeAVCeleb_v1.2/FakeAVCeleb_v1.2/FakeVideo-RealAudio/Asian (South)/women/id03815/00118_id06439_wavtolip.mp4,00118_id06439_wavtolip.mp4,FakeAVCeleb,FakeVideo-RealAudio,VISUAL_MANIPULATION,1,0,1,id03815,Asian (South),women,118,id06439,wav2lip,4,calibration
fac_167ee10ce914,data/raw/fakeavceleb/FakeAVCeleb_v1.2/FakeAVCeleb_v1.2/FakeVideo-RealAudio/Asian (South)/women/id03815/00118_id07051_wavtolip.mp4,00118_id07051_wavtolip.mp4,FakeAVCeleb,FakeVideo-RealAudio,VISUAL_MANIPULATION,1,0,1,id03815,Asian (South),women,118,id07051,wav2lip,4,calibration
fac_b9fa33b546c7,data/raw/fakeavceleb/FakeAVCeleb_v1.2/FakeAVCeleb_v1.2/FakeVideo-RealAudio/Asian (South)/women/id03815/00118_id07236_wavtolip.mp4,00118_id07236_wavtolip.mp4,FakeAVCeleb,FakeVideo-RealAudio,VISUAL_MANIPULATION,1,0,1,id03815,Asian (South),women,118,id07236,wav2lip,4,calibration
fac_993324b4a49f,data/raw/fakeavceleb/FakeAVCeleb_v1.2/FakeAVCeleb_v1.2/FakeVideo-RealAudio/Asian (South)/women/id03815/00118_id07377_FGNavKcGANA.mp4,00118_id07377_FGNavKcGANA.mp4,FakeAVCeleb,FakeVideo-RealAudio,VISUAL_MANIPULATION,1,0,1,id03815,Asian (South),women,118,id07377,unknown,4,calibration
fac_e22757bee16e,data/raw/fakeavceleb/FakeAVCeleb_v1.2/FakeAVCeleb_v1.2/FakeVideo-RealAudio/Asian (South)/women/id03897/00021_id00043_wavtolip.mp4,00021_id00043_wavtolip.mp4,FakeAVCeleb,FakeVideo-RealAudio,VISUAL_MANIPULATION,1,0,1,id03897,Asian (South),women,21,id00043,wav2lip,4,calibration
fac_83f0bd6560d0,data/raw/fakeavceleb/FakeAVCeleb_v1.2/FakeAVCeleb_v1.2/FakeVideo-RealAudio/Asian (South)/women/id03897/00021_id00149_s2evR-nUhVY.mp4,00021_id00149_s2evR-nUhVY.mp4,FakeAVCeleb,FakeVideo-RealAudio,VISUAL_MANIPULATION,1,0,1,id03897,Asian (South),women,21,id00149,unknown,4,calibration
fac_1ee5992c1e29,data/raw/fakeavceleb/FakeAVCeleb_v1.2/FakeAVCeleb_v1.2/FakeVideo-RealAudio/Asian (South)/women/id03897/00021_id00417_GhIZam3v09g.mp4,00021_id00417_GhIZam3v09g.mp4,FakeAVCeleb,FakeVideo-RealAudio,VISUAL_MANIPULATION,1,0,1,id03897,Asian (South),women,21,id00417,unknown,4,calibration
fac_47ed5c95177b,data/raw/fakeavceleb/FakeAVCeleb_v1.2/FakeAVCeleb_v1.2/FakeVideo-RealAudio/Asian (South)/women/id03897/00021_id03559_pgetxl1qbzM.mp4,00021_id03559_pgetxl1qbzM.mp4,FakeAVCeleb,FakeVideo-RealAudio,VISUAL_MANIPULATION,1,0,1,id03897,Asian (South),women,21,id03559,unknown,4,calibration
fac_7b2e499674d3,data/raw/fakeavceleb/FakeAVCeleb_v1.2/FakeAVCeleb_v1.2/FakeVideo-RealAudio/Asian (South)/women/id03897/00021_id03559_wavtolip.mp4,00021_id03559_wavtolip.mp4,FakeAVCeleb,FakeVideo-RealAudio,VISUAL_MANIPULATION,1,0,1,id03897,Asian (South),women,21,id03559,wav2lip,4,calibration
fac_463965f38990,data/raw/fakeavceleb/FakeAVCeleb_v1.2/FakeAVCeleb_v1.2/FakeVideo-RealAudio/Asian (South)/women/id03897/00021_id04070_wavtolip.mp4,00021_id04070_wavtolip.mp4,FakeAVCeleb,FakeVideo-RealAudio,VISUAL_MANIPULATION,1,0,1,id03897,Asian (South),women,21,id04070,wav2lip,4,calibration
fac_9e6ce9e7420d,data/raw/fakeavceleb/FakeAVCeleb_v1.2/FakeAVCeleb_v1.2/FakeVideo-RealAudio/Asian (South)/women/id03897/00021_id04490_G00MMIdUOTc.mp4,00021_id04490_G00MMIdUOTc.mp4,FakeAVCeleb,FakeVideo-RealAudio,VISUAL_MANIPULATION,1,0,1,id03897,Asian (South),women,21,id04490,unknown,4,calibration
fac_7abe424904b9,data/raw/fakeavceleb/FakeAVCeleb_v1.2/FakeAVCeleb_v1.2/FakeVideo-RealAudio/Asian (South)/women/id03897/00021_id04490_G00MMIdUOTc_faceswap.mp4,00021_id04490_G00MMIdUOTc_faceswap.mp4,FakeAVCeleb,FakeVideo-RealAudio,VISUAL_MANIPULATION,1,0,1,id03897,Asian (South),women,21,id04490,faceswap,4,calibration
fac_09a6f49c3603,data/raw/fakeavceleb/FakeAVCeleb_v1.2/FakeAVCeleb_v1.2/FakeVideo-RealAudio/Asian (South)/women/id03897/00021_id04529_S92uo-UShxE.mp4,00021_id04529_S92uo-UShxE.mp4,FakeAVCeleb,FakeVideo-RealAudio,VISUAL_MANIPULATION,1,0,1,id03897,Asian (South),women,21,id04529,unknown,4,calibration
fac_00705cb44a24,data/raw/fakeavceleb/FakeAVCeleb_v1.2/FakeAVCeleb_v1.2/FakeVideo-RealAudio/Asian (South)/women/id03897/00021_id04529_wavtolip.mp4,00021_id04529_wavtolip.mp4,FakeAVCeleb,FakeVideo-RealAudio,VISUAL_MANIPULATION,1,0,1,id03897,Asian (South),women,21,id04529,wav2lip,4,calibration
fac_988655783230,data/raw/fakeavceleb/FakeAVCeleb_v1.2/FakeAVCeleb_v1.2/FakeVideo-RealAudio/Asian (South)/women/id03897/00021_id04530_wavtolip.mp4,00021_id04530_wavtolip.mp4,FakeAVCeleb,FakeVideo-RealAudio,VISUAL_MANIPULATION,1,0,1,id03897,Asian (South),women,21,id04530,wav2lip,4,calibration
fac_65cedc59132e,data/raw/fakeavceleb/FakeAVCeleb_v1.2/FakeAVCeleb_v1.2/FakeVideo-RealAudio/Asian (South)/women/id03897/00021_id04583_M10zZFjuAb0.mp4,00021_id04583_M10zZFjuAb0.mp4,FakeAVCeleb,FakeVideo-RealAudio,VISUAL_MANIPULATION,1,0,1,id03897,Asian (South),women,21,id04583,unknown,4,calibration
fac_4f279a6ee82b,data/raw/fakeavceleb/FakeAVCeleb_v1.2/FakeAVCeleb_v1.2/FakeVideo-RealAudio/Asian (South)/women/id03897/00021_id05435_OvX-Jv_whcU.mp4,00021_id05435_OvX-Jv_whcU.mp4,FakeAVCeleb,FakeVideo-RealAudio,VISUAL_MANIPULATION,1,0,1,id03897,Asian (South),women,21,id05435,unknown,4,calibration
fac_8faf42dd751f,data/raw/fakeavceleb/FakeAVCeleb_v1.2/FakeAVCeleb_v1.2/FakeVideo-RealAudio/Asian (South)/women/id03897/00021_id05931_wavtolip.mp4,00021_id05931_wavtolip.mp4,FakeAVCeleb,FakeVideo-RealAudio,VISUAL_MANIPULATION,1,0,1,id03897,Asian (South),women,21,id05931,wav2lip,4,calibration
fac_4e61f2365324,data/raw/fakeavceleb/FakeAVCeleb_v1.2/FakeAVCeleb_v1.2/FakeVideo-RealAudio/Asian (South)/women/id03897/00021_id06268_wavtolip.mp4,00021_id06268_wavtolip.mp4,FakeAVCeleb,FakeVideo-RealAudio,VISUAL_MANIPULATION,1,0,1,id03897,Asian (South),women,21,id06268,wav2lip,4,calibration
fac_0bf0de5c2331,data/raw/fakeavceleb/FakeAVCeleb_v1.2/FakeAVCeleb_v1.2/FakeVideo-RealAudio/Asian (South)/women/id03897/00021_id06343_wavtolip.mp4,00021_id06343_wavtolip.mp4,FakeAVCeleb,FakeVideo-RealAudio,VISUAL_MANIPULATION,1,0,1,id03897,Asian (South),women,21,id06343,wav2lip,4,calibration
fac_ad343ff5e0aa,data/raw/fakeavceleb/FakeAVCeleb_v1.2/FakeAVCeleb_v1.2/FakeVideo-RealAudio/Asian (South)/women/id03897/00021_id07136_4e43eS5p3_M.mp4,00021_id07136_4e43eS5p3_M.mp4,FakeAVCeleb,FakeVideo-RealAudio,VISUAL_MANIPULATION,1,0,1,id03897,Asian (South),women,21,id07136,unknown,4,calibration
fac_6f08a1fb65b3,data/raw/fakeavceleb/FakeAVCeleb_v1.2/FakeAVCeleb_v1.2/FakeVideo-RealAudio/Asian (South)/women/id03897/00021_id07236_wavtolip.mp4,00021_id07236_wavtolip.mp4,FakeAVCeleb,FakeVideo-RealAudio,VISUAL_MANIPULATION,1,0,1,id03897,Asian (South),women,21,id07236,wav2lip,4,calibration
fac_cecd74db735c,data/raw/fakeavceleb/FakeAVCeleb_v1.2/FakeAVCeleb_v1.2/FakeVideo-RealAudio/Asian (South)/women/id03897/00021_id07689_wavtolip.mp4,00021_id07689_wavtolip.mp4,FakeAVCeleb,FakeVideo-RealAudio,VISUAL_MANIPULATION,1,0,1,id03897,Asian (South),women,21,id07689,wav2lip,4,calibration
fac_6fd70fb21dd8,data/raw/fakeavceleb/FakeAVCeleb_v1.2/FakeAVCeleb_v1.2/FakeVideo-RealAudio/Asian (South)/women/id03985/00005_id00149_s2evR-nUhVY.mp4,00005_id00149_s2evR-nUhVY.mp4,FakeAVCeleb,FakeVideo-RealAudio,VISUAL_MANIPULATION,1,0,1,id03985,Asian (South),women,5,id00149,unknown,4,calibration
fac_36f8d1fc1a7f,data/raw/fakeavceleb/FakeAVCeleb_v1.2/FakeAVCeleb_v1.2/FakeVideo-RealAudio/Asian (South)/women/id03985/00005_id00149_wavtolip.mp4,00005_id00149_wavtolip.mp4,FakeAVCeleb,FakeVideo-RealAudio,VISUAL_MANIPULATION,1,0,1,id03985,Asian (South),women,5,id00149,wav2lip,4,calibration
fac_20735f5014b0,data/raw/fakeavceleb/FakeAVCeleb_v1.2/FakeAVCeleb_v1.2/FakeVideo-RealAudio/Asian (South)/women/id03985/00005_id01026_rM4ZERt7oM0.mp4,00005_id01026_rM4ZERt7oM0.mp4,FakeAVCeleb,FakeVideo-RealAudio,VISUAL_MANIPULATION,1,0,1,id03985,Asian (South),women,5,id01026,unknown,4,calibration
fac_1437159bf7a5,data/raw/fakeavceleb/FakeAVCeleb_v1.2/FakeAVCeleb_v1.2/FakeVideo-RealAudio/Asian (South)/women/id03985/00005_id01026_wavtolip.mp4,00005_id01026_wavtolip.mp4,FakeAVCeleb,FakeVideo-RealAudio,VISUAL_MANIPULATION,1,0,1,id03985,Asian (South),women,5,id01026,wav2lip,4,calibration
fac_869ba793327e,data/raw/fakeavceleb/FakeAVCeleb_v1.2/FakeAVCeleb_v1.2/FakeVideo-RealAudio/Asian (South)/women/id03985/00005_id02619_wavtolip.mp4,00005_id02619_wavtolip.mp4,FakeAVCeleb,FakeVideo-RealAudio,VISUAL_MANIPULATION,1,0,1,id03985,Asian (South),women,5,id02619,wav2lip,4,calibration
fac_825331b2aca9,data/raw/fakeavceleb/FakeAVCeleb_v1.2/FakeAVCeleb_v1.2/FakeVideo-RealAudio/Asian (South)/women/id03985/00005_id04529_S92uo-UShxE.mp4,00005_id04529_S92uo-UShxE.mp4,FakeAVCeleb,FakeVideo-RealAudio,VISUAL_MANIPULATION,1,0,1,id03985,Asian (South),women,5,id04529,unknown,4,calibration
fac_acdd46f4801d,data/raw/fakeavceleb/FakeAVCeleb_v1.2/FakeAVCeleb_v1.2/FakeVideo-RealAudio/Asian (South)/women/id03985/00005_id04530_W5-PTTL9HzU.mp4,00005_id04530_W5-PTTL9HzU.mp4,FakeAVCeleb,FakeVideo-RealAudio,VISUAL_MANIPULATION,1,0,1,id03985,Asian (South),women,5,id04530,unknown,4,calibration
fac_1d9cb3653179,data/raw/fakeavceleb/FakeAVCeleb_v1.2/FakeAVCeleb_v1.2/FakeVideo-RealAudio/Asian (South)/women/id03985/00005_id04564_wavtolip.mp4,00005_id04564_wavtolip.mp4,FakeAVCeleb,FakeVideo-RealAudio,VISUAL_MANIPULATION,1,0,1,id03985,Asian (South),women,5,id04564,wav2lip,4,calibration
fac_cff9a9e7b81b,data/raw/fakeavceleb/FakeAVCeleb_v1.2/FakeAVCeleb_v1.2/FakeVideo-RealAudio/Asian (South)/women/id03985/00005_id06268_wavtolip.mp4,00005_id06268_wavtolip.mp4,FakeAVCeleb,FakeVideo-RealAudio,VISUAL_MANIPULATION,1,0,1,id03985,Asian (South),women,5,id06268,wav2lip,4,calibration
fac_da3ebe9cff7d,data/raw/fakeavceleb/FakeAVCeleb_v1.2/FakeAVCeleb_v1.2/FakeVideo-RealAudio/Asian (South)/women/id03985/00005_id06428_A9nvRKd1afA.mp4,00005_id06428_A9nvRKd1afA.mp4,FakeAVCeleb,FakeVideo-RealAudio,VISUAL_MANIPULATION,1,0,1,id03985,Asian (South),women,5,id06428,unknown,4,calibration
fac_71b7ba927284,data/raw/fakeavceleb/FakeAVCeleb_v1.2/FakeAVCeleb_v1.2/FakeVideo-RealAudio/Asian (South)/women/id03985/00005_id06438_wavtolip.mp4,00005_id06438_wavtolip.mp4,FakeAVCeleb,FakeVideo-RealAudio,VISUAL_MANIPULATION,1,0,1,id03985,Asian (South),women,5,id06438,wav2lip,4,calibration
fac_5f52be6b01e2,data/raw/fakeavceleb/FakeAVCeleb_v1.2/FakeAVCeleb_v1.2/FakeVideo-RealAudio/Asian (South)/women/id03985/00005_id06445_wavtolip.mp4,00005_id06445_wavtolip.mp4,FakeAVCeleb,FakeVideo-RealAudio,VISUAL_MANIPULATION,1,0,1,id03985,Asian (South),women,5,id06445,wav2lip,4,calibration
fac_1fe2979c86ec,data/raw/fakeavceleb/FakeAVCeleb_v1.2/FakeAVCeleb_v1.2/FakeVideo-RealAudio/Asian (South)/women/id03985/00005_id07051_d1c0Pl2aP_4.mp4,00005_id07051_d1c0Pl2aP_4.mp4,FakeAVCeleb,FakeVideo-RealAudio,VISUAL_MANIPULATION,1,0,1,id03985,Asian (South),women,5,id07051,unknown,4,calibration
fac_161197958184,data/raw/fakeavceleb/FakeAVCeleb_v1.2/FakeAVCeleb_v1.2/FakeVideo-RealAudio/Asian (South)/women/id03985/00005_id07051_wavtolip.mp4,00005_id07051_wavtolip.mp4,FakeAVCeleb,FakeVideo-RealAudio,VISUAL_MANIPULATION,1,0,1,id03985,Asian (South),women,5,id07051,wav2lip,4,calibration
fac_b0fc8639b3c8,data/raw/fakeavceleb/FakeAVCeleb_v1.2/FakeAVCeleb_v1.2/FakeVideo-RealAudio/Asian (South)/women/id03985/00005_id07377_FGNavKcGANA.mp4,00005_id07377_FGNavKcGANA.mp4,FakeAVCeleb,FakeVideo-RealAudio,VISUAL_MANIPULATION,1,0,1,id03985,Asian (South),women,5,id07377,unknown,4,calibration
fac_23dc7378ba68,data/raw/fakeavceleb/FakeAVCeleb_v1.2/FakeAVCeleb_v1.2/FakeVideo-RealAudio/Asian (South)/women/id03985/00005_id07686_lwSGz24c1Bs.mp4,00005_id07686_lwSGz24c1Bs.mp4,FakeAVCeleb,FakeVideo-RealAudio,VISUAL_MANIPULATION,1,0,1,id03985,Asian (South),women,5,id07686,unknown,4,calibration
fac_ad0ddf6c2856,data/raw/fakeavceleb/FakeAVCeleb_v1.2/FakeAVCeleb_v1.2/FakeVideo-RealAudio/Asian (South)/women/id03985/00005_id07686_lwSGz24c1Bs_faceswap.mp4,00005_id07686_lwSGz24c1Bs_faceswap.mp4,FakeAVCeleb,FakeVideo-RealAudio,VISUAL_MANIPULATION,1,0,1,id03985,Asian (South),women,5,id07686,faceswap,4,calibration
fac_e949d391ef9d,data/raw/fakeavceleb/FakeAVCeleb_v1.2/FakeAVCeleb_v1.2/FakeVideo-RealAudio/Asian (South)/women/id03985/00005_id07686_wavtolip.mp4,00005_id07686_wavtolip.mp4,FakeAVCeleb,FakeVideo-RealAudio,VISUAL_MANIPULATION,1,0,1,id03985,Asian (South),women,5,id07686,wav2lip,4,calibration
fac_711b14c82178,data/raw/fakeavceleb/FakeAVCeleb_v1.2/FakeAVCeleb_v1.2/FakeVideo-RealAudio/Asian (South)/women/id03985/00005_id07689_wavtolip.mp4,00005_id07689_wavtolip.mp4,FakeAVCeleb,FakeVideo-RealAudio,VISUAL_MANIPULATION,1,0,1,id03985,Asian (South),women,5,id07689,wav2lip,4,calibration
fac_763cf8e29666,data/raw/fakeavceleb/FakeAVCeleb_v1.2/FakeAVCeleb_v1.2/FakeVideo-RealAudio/Asian (South)/women/id04070/00072_id00043_wavtolip.mp4,00072_id00043_wavtolip.mp4,FakeAVCeleb,FakeVideo-RealAudio,VISUAL_MANIPULATION,1,0,1,id04070,Asian (South),women,72,id00043,wav2lip,4,calibration
fac_e40064c6657b,data/raw/fakeavceleb/FakeAVCeleb_v1.2/FakeAVCeleb_v1.2/FakeVideo-RealAudio/Asian (South)/women/id04070/00072_id00739_wavtolip.mp4,00072_id00739_wavtolip.mp4,FakeAVCeleb,FakeVideo-RealAudio,VISUAL_MANIPULATION,1,0,1,id04070,Asian (South),women,72,id00739,wav2lip,4,calibration
fac_bc94e4b839df,data/raw/fakeavceleb/FakeAVCeleb_v1.2/FakeAVCeleb_v1.2/FakeVideo-RealAudio/Asian (South)/women/id04070/00072_id02089_wavtolip.mp4,00072_id02089_wavtolip.mp4,FakeAVCeleb,FakeVideo-RealAudio,VISUAL_MANIPULATION,1,0,1,id04070,Asian (South),women,72,id02089,wav2lip,4,calibration
fac_0671bea745ec,data/raw/fakeavceleb/FakeAVCeleb_v1.2/FakeAVCeleb_v1.2/FakeVideo-RealAudio/Asian (South)/women/id04070/00072_id02310_zA-8Pw0SvZg.mp4,00072_id02310_zA-8Pw0SvZg.mp4,FakeAVCeleb,FakeVideo-RealAudio,VISUAL_MANIPULATION,1,0,1,id04070,Asian (South),women,72,id02310,unknown,4,calibration
fac_abdd43d56bca,data/raw/fakeavceleb/FakeAVCeleb_v1.2/FakeAVCeleb_v1.2/FakeVideo-RealAudio/Asian (South)/women/id04070/00072_id02619_wavtolip.mp4,00072_id02619_wavtolip.mp4,FakeAVCeleb,FakeVideo-RealAudio,VISUAL_MANIPULATION,1,0,1,id04070,Asian (South),women,72,id02619,wav2lip,4,calibration
fac_20a73795fa13,data/raw/fakeavceleb/FakeAVCeleb_v1.2/FakeAVCeleb_v1.2/FakeVideo-RealAudio/Asian (South)/women/id04070/00072_id04490_wavtolip.mp4,00072_id04490_wavtolip.mp4,FakeAVCeleb,FakeVideo-RealAudio,VISUAL_MANIPULATION,1,0,1,id04070,Asian (South),women,72,id04490,wav2lip,4,calibration
fac_e21d9a83ad6d,data/raw/fakeavceleb/FakeAVCeleb_v1.2/FakeAVCeleb_v1.2/FakeVideo-RealAudio/Asian (South)/women/id04070/00072_id04530_wavtolip.mp4,00072_id04530_wavtolip.mp4,FakeAVCeleb,FakeVideo-RealAudio,VISUAL_MANIPULATION,1,0,1,id04070,Asian (South),women,72,id04530,wav2lip,4,calibration
fac_685524bff702,data/raw/fakeavceleb/FakeAVCeleb_v1.2/FakeAVCeleb_v1.2/FakeVideo-RealAudio/Asian (South)/women/id04070/00072_id04583_wavtolip.mp4,00072_id04583_wavtolip.mp4,FakeAVCeleb,FakeVideo-RealAudio,VISUAL_MANIPULATION,1,0,1,id04070,Asian (South),women,72,id04583,wav2lip,4,calibration
fac_8bc826f9b4e6,data/raw/fakeavceleb/FakeAVCeleb_v1.2/FakeAVCeleb_v1.2/FakeVideo-RealAudio/Asian (South)/women/id04070/00072_id04927_wavtolip.mp4,00072_id04927_wavtolip.mp4,FakeAVCeleb,FakeVideo-RealAudio,VISUAL_MANIPULATION,1,0,1,id04070,Asian (South),women,72,id04927,wav2lip,4,calibration
fac_7ba4444978b1,data/raw/fakeavceleb/FakeAVCeleb_v1.2/FakeAVCeleb_v1.2/FakeVideo-RealAudio/Asian (South)/women/id04070/00072_id05435_wavtolip.mp4,00072_id05435_wavtolip.mp4,FakeAVCeleb,FakeVideo-RealAudio,VISUAL_MANIPULATION,1,0,1,id04070,Asian (South),women,72,id05435,wav2lip,4,calibration
fac_d19f919fc0b9,data/raw/fakeavceleb/FakeAVCeleb_v1.2/FakeAVCeleb_v1.2/FakeVideo-RealAudio/Asian (South)/women/id04070/00072_id05920_LuLTJu54joo.mp4,00072_id05920_LuLTJu54joo.mp4,FakeAVCeleb,FakeVideo-RealAudio,VISUAL_MANIPULATION,1,0,1,id04070,Asian (South),women,72,id05920,unknown,4,calibration
fac_7286133d5e62,data/raw/fakeavceleb/FakeAVCeleb_v1.2/FakeAVCeleb_v1.2/FakeVideo-RealAudio/Asian (South)/women/id04070/00072_id06254_8VSfI86Fua4.mp4,00072_id06254_8VSfI86Fua4.mp4,FakeAVCeleb,FakeVideo-RealAudio,VISUAL_MANIPULATION,1,0,1,id04070,Asian (South),women,72,id06254,unknown,4,calibration
fac_eb03fbc638aa,data/raw/fakeavceleb/FakeAVCeleb_v1.2/FakeAVCeleb_v1.2/FakeVideo-RealAudio/Asian (South)/women/id04070/00072_id06254_wavtolip.mp4,00072_id06254_wavtolip.mp4,FakeAVCeleb,FakeVideo-RealAudio,VISUAL_MANIPULATION,1,0,1,id04070,Asian (South),women,72,id06254,wav2lip,4,calibration
fac_0c68f6617548,data/raw/fakeavceleb/FakeAVCeleb_v1.2/FakeAVCeleb_v1.2/FakeVideo-RealAudio/Asian (South)/women/id04070/00072_id06343__Tf30YR4M3w.mp4,00072_id06343__Tf30YR4M3w.mp4,FakeAVCeleb,FakeVideo-RealAudio,VISUAL_MANIPULATION,1,0,1,id04070,Asian (South),women,72,id06343,unknown,4,calibration
fac_b1e2ade2346c,data/raw/fakeavceleb/FakeAVCeleb_v1.2/FakeAVCeleb_v1.2/FakeVideo-RealAudio/Asian (South)/women/id04070/00072_id06428_A9nvRKd1afA.mp4,00072_id06428_A9nvRKd1afA.mp4,FakeAVCeleb,FakeVideo-RealAudio,VISUAL_MANIPULATION,1,0,1,id04070,Asian (South),women,72,id06428,unknown,4,calibration
fac_4daab5b71c99,data/raw/fakeavceleb/FakeAVCeleb_v1.2/FakeAVCeleb_v1.2/FakeVideo-RealAudio/Asian (South)/women/id04070/00072_id06752_PYYIloTJiH0.mp4,00072_id06752_PYYIloTJiH0.mp4,FakeAVCeleb,FakeVideo-RealAudio,VISUAL_MANIPULATION,1,0,1,id04070,Asian (South),women,72,id06752,unknown,4,calibration
fac_ff9cc8132c5d,data/raw/fakeavceleb/FakeAVCeleb_v1.2/FakeAVCeleb_v1.2/FakeVideo-RealAudio/Asian (South)/women/id04070/00072_id07078_sLVbTD3Dtgw.mp4,00072_id07078_sLVbTD3Dtgw.mp4,FakeAVCeleb,FakeVideo-RealAudio,VISUAL_MANIPULATION,1,0,1,id04070,Asian (South),women,72,id07078,unknown,4,calibration
fac_d49bff6a72c7,data/raw/fakeavceleb/FakeAVCeleb_v1.2/FakeAVCeleb_v1.2/FakeVideo-RealAudio/Asian (South)/women/id04070/00072_id07078_sLVbTD3Dtgw_faceswap.mp4,00072_id07078_sLVbTD3Dtgw_faceswap.mp4,FakeAVCeleb,FakeVideo-RealAudio,VISUAL_MANIPULATION,1,0,1,id04070,Asian (South),women,72,id07078,faceswap,4,calibration
fac_4191722ec8df,data/raw/fakeavceleb/FakeAVCeleb_v1.2/FakeAVCeleb_v1.2/FakeVideo-RealAudio/Asian (South)/women/id04490/00054_id00080_wavtolip.mp4,00054_id00080_wavtolip.mp4,FakeAVCeleb,FakeVideo-RealAudio,VISUAL_MANIPULATION,1,0,1,id04490,Asian (South),women,54,id00080,wav2lip,4,calibration
fac_3308310c966e,data/raw/fakeavceleb/FakeAVCeleb_v1.2/FakeAVCeleb_v1.2/FakeVideo-RealAudio/Asian (South)/women/id04490/00054_id00461_Ort9NW3SJU4.mp4,00054_id00461_Ort9NW3SJU4.mp4,FakeAVCeleb,FakeVideo-RealAudio,VISUAL_MANIPULATION,1,0,1,id04490,Asian (South),women,54,id00461,unknown,4,calibration
fac_480e1d3c0f6e,data/raw/fakeavceleb/FakeAVCeleb_v1.2/FakeAVCeleb_v1.2/FakeVideo-RealAudio/Asian (South)/women/id04490/00054_id00739_CT-6UmfLiU0.mp4,00054_id00739_CT-6UmfLiU0.mp4,FakeAVCeleb,FakeVideo-RealAudio,VISUAL_MANIPULATION,1,0,1,id04490,Asian (South),women,54,id00739,unknown,4,calibration
fac_3a3ed538e53f,data/raw/fakeavceleb/FakeAVCeleb_v1.2/FakeAVCeleb_v1.2/FakeVideo-RealAudio/Asian (South)/women/id04490/00054_id03897_bOGItcSqK1s.mp4,00054_id03897_bOGItcSqK1s.mp4,FakeAVCeleb,FakeVideo-RealAudio,VISUAL_MANIPULATION,1,0,1,id04490,Asian (South),women,54,id03897,unknown,4,calibration
fac_0929bb0695d6,data/raw/fakeavceleb/FakeAVCeleb_v1.2/FakeAVCeleb_v1.2/FakeVideo-RealAudio/Asian (South)/women/id04490/00054_id03897_bOGItcSqK1s_faceswap.mp4,00054_id03897_bOGItcSqK1s_faceswap.mp4,FakeAVCeleb,FakeVideo-RealAudio,VISUAL_MANIPULATION,1,0,1,id04490,Asian (South),women,54,id03897,faceswap,4,calibration
fac_da479e308605,data/raw/fakeavceleb/FakeAVCeleb_v1.2/FakeAVCeleb_v1.2/FakeVideo-RealAudio/Asian (South)/women/id04490/00054_id04530_wavtolip.mp4,00054_id04530_wavtolip.mp4,FakeAVCeleb,FakeVideo-RealAudio,VISUAL_MANIPULATION,1,0,1,id04490,Asian (South),women,54,id04530,wav2lip,4,calibration
fac_07efd36b5c5c,data/raw/fakeavceleb/FakeAVCeleb_v1.2/FakeAVCeleb_v1.2/FakeVideo-RealAudio/Asian (South)/women/id04490/00054_id04582_wavtolip.mp4,00054_id04582_wavtolip.mp4,FakeAVCeleb,FakeVideo-RealAudio,VISUAL_MANIPULATION,1,0,1,id04490,Asian (South),women,54,id04582,wav2lip,4,calibration
fac_68ac66f53732,data/raw/fakeavceleb/FakeAVCeleb_v1.2/FakeAVCeleb_v1.2/FakeVideo-RealAudio/Asian (South)/women/id04490/00054_id04583_M10zZFjuAb0.mp4,00054_id04583_M10zZFjuAb0.mp4,FakeAVCeleb,FakeVideo-RealAudio,VISUAL_MANIPULATION,1,0,1,id04490,Asian (South),women,54,id04583,unknown,4,calibration
fac_a08bcc196c0a,data/raw/fakeavceleb/FakeAVCeleb_v1.2/FakeAVCeleb_v1.2/FakeVideo-RealAudio/Asian (South)/women/id04490/00054_id05435_OvX-Jv_whcU.mp4,00054_id05435_OvX-Jv_whcU.mp4,FakeAVCeleb,FakeVideo-RealAudio,VISUAL_MANIPULATION,1,0,1,id04490,Asian (South),women,54,id05435,unknown,4,calibration
fac_47883eee6f51,data/raw/fakeavceleb/FakeAVCeleb_v1.2/FakeAVCeleb_v1.2/FakeVideo-RealAudio/Asian (South)/women/id04490/00054_id05920_wavtolip.mp4,00054_id05920_wavtolip.mp4,FakeAVCeleb,FakeVideo-RealAudio,VISUAL_MANIPULATION,1,0,1,id04490,Asian (South),women,54,id05920,wav2lip,4,calibration
fac_d1ab304a70a0,data/raw/fakeavceleb/FakeAVCeleb_v1.2/FakeAVCeleb_v1.2/FakeVideo-RealAudio/Asian (South)/women/id04490/00054_id06343_wavtolip.mp4,00054_id06343_wavtolip.mp4,FakeAVCeleb,FakeVideo-RealAudio,VISUAL_MANIPULATION,1,0,1,id04490,Asian (South),women,54,id06343,wav2lip,4,calibration
fac_693724e5e253,data/raw/fakeavceleb/FakeAVCeleb_v1.2/FakeAVCeleb_v1.2/FakeVideo-RealAudio/Asian (South)/women/id04490/00054_id06437_3BZvvzBhj8s.mp4,00054_id06437_3BZvvzBhj8s.mp4,FakeAVCeleb,FakeVideo-RealAudio,VISUAL_MANIPULATION,1,0,1,id04490,Asian (South),women,54,id06437,unknown,4,calibration
fac_28060e743e5a,data/raw/fakeavceleb/FakeAVCeleb_v1.2/FakeAVCeleb_v1.2/FakeVideo-RealAudio/Asian (South)/women/id04490/00054_id06438_wavtolip.mp4,00054_id06438_wavtolip.mp4,FakeAVCeleb,FakeVideo-RealAudio,VISUAL_MANIPULATION,1,0,1,id04490,Asian (South),women,54,id06438,wav2lip,4,calibration
fac_1951cd2dd682,data/raw/fakeavceleb/FakeAVCeleb_v1.2/FakeAVCeleb_v1.2/FakeVideo-RealAudio/Asian (South)/women/id04490/00054_id06752_PYYIloTJiH0.mp4,00054_id06752_PYYIloTJiH0.mp4,FakeAVCeleb,FakeVideo-RealAudio,VISUAL_MANIPULATION,1,0,1,id04490,Asian (South),women,54,id06752,unknown,4,calibration
fac_14f345777b7b,data/raw/fakeavceleb/FakeAVCeleb_v1.2/FakeAVCeleb_v1.2/FakeVideo-RealAudio/Asian (South)/women/id04490/00054_id07008_wavtolip.mp4,00054_id07008_wavtolip.mp4,FakeAVCeleb,FakeVideo-RealAudio,VISUAL_MANIPULATION,1,0,1,id04490,Asian (South),women,54,id07008,wav2lip,4,calibration
fac_48377420f424,data/raw/fakeavceleb/FakeAVCeleb_v1.2/FakeAVCeleb_v1.2/FakeVideo-RealAudio/Asian (South)/women/id04490/00054_id07136_4e43eS5p3_M.mp4,00054_id07136_4e43eS5p3_M.mp4,FakeAVCeleb,FakeVideo-RealAudio,VISUAL_MANIPULATION,1,0,1,id04490,Asian (South),women,54,id07136,unknown,4,calibration
fac_a38d4d0f8c57,data/raw/fakeavceleb/FakeAVCeleb_v1.2/FakeAVCeleb_v1.2/FakeVideo-RealAudio/Asian (South)/women/id04490/00054_id07136_wavtolip.mp4,00054_id07136_wavtolip.mp4,FakeAVCeleb,FakeVideo-RealAudio,VISUAL_MANIPULATION,1,0,1,id04490,Asian (South),women,54,id07136,wav2lip,4,calibration
fac_7fcd522c37c2,data/raw/fakeavceleb/FakeAVCeleb_v1.2/FakeAVCeleb_v1.2/FakeVideo-RealAudio/Asian (South)/women/id04490/00054_id07377_wavtolip.mp4,00054_id07377_wavtolip.mp4,FakeAVCeleb,FakeVideo-RealAudio,VISUAL_MANIPULATION,1,0,1,id04490,Asian (South),women,54,id07377,wav2lip,4,calibration
fac_5f49e0f5fad9,data/raw/fakeavceleb/FakeAVCeleb_v1.2/FakeAVCeleb_v1.2/FakeVideo-RealAudio/Asian (South)/women/id04490/00054_id07689_wavtolip.mp4,00054_id07689_wavtolip.mp4,FakeAVCeleb,FakeVideo-RealAudio,VISUAL_MANIPULATION,1,0,1,id04490,Asian (South),women,54,id07689,wav2lip,4,calibration
fac_97244b187d3f,data/raw/fakeavceleb/FakeAVCeleb_v1.2/FakeAVCeleb_v1.2/FakeVideo-RealAudio/Asian (South)/women/id04529/00186_id00043_DxY87QyzDN8.mp4,00186_id00043_DxY87QyzDN8.mp4,FakeAVCeleb,FakeVideo-RealAudio,VISUAL_MANIPULATION,1,0,1,id04529,Asian (South),women,186,id00043,unknown,4,calibration
fac_00e385bdedef,data/raw/fakeavceleb/FakeAVCeleb_v1.2/FakeAVCeleb_v1.2/FakeVideo-RealAudio/Asian (South)/women/id04529/00186_id00149_wavtolip.mp4,00186_id00149_wavtolip.mp4,FakeAVCeleb,FakeVideo-RealAudio,VISUAL_MANIPULATION,1,0,1,id04529,Asian (South),women,186,id00149,wav2lip,4,calibration
fac_c38e654cbd3f,data/raw/fakeavceleb/FakeAVCeleb_v1.2/FakeAVCeleb_v1.2/FakeVideo-RealAudio/Asian (South)/women/id04529/00186_id01026_rM4ZERt7oM0.mp4,00186_id01026_rM4ZERt7oM0.mp4,FakeAVCeleb,FakeVideo-RealAudio,VISUAL_MANIPULATION,1,0,1,id04529,Asian (South),women,186,id01026,unknown,4,calibration
fac_c57299ff280d,data/raw/fakeavceleb/FakeAVCeleb_v1.2/FakeAVCeleb_v1.2/FakeVideo-RealAudio/Asian (South)/women/id04529/00186_id01026_rM4ZERt7oM0_faceswap.mp4,00186_id01026_rM4ZERt7oM0_faceswap.mp4,FakeAVCeleb,FakeVideo-RealAudio,VISUAL_MANIPULATION,1,0,1,id04529,Asian (South),women,186,id01026,faceswap,4,calibration
fac_10e94a8130f3,data/raw/fakeavceleb/FakeAVCeleb_v1.2/FakeAVCeleb_v1.2/FakeVideo-RealAudio/Asian (South)/women/id04529/00186_id03815_hw41YlLps4w.mp4,00186_id03815_hw41YlLps4w.mp4,FakeAVCeleb,FakeVideo-RealAudio,VISUAL_MANIPULATION,1,0,1,id04529,Asian (South),women,186,id03815,unknown,4,calibration
fac_b70b6aafbf7b,data/raw/fakeavceleb/FakeAVCeleb_v1.2/FakeAVCeleb_v1.2/FakeVideo-RealAudio/Asian (South)/women/id04529/00186_id03897_wavtolip.mp4,00186_id03897_wavtolip.mp4,FakeAVCeleb,FakeVideo-RealAudio,VISUAL_MANIPULATION,1,0,1,id04529,Asian (South),women,186,id03897,wav2lip,4,calibration
fac_4afa2aadc909,data/raw/fakeavceleb/FakeAVCeleb_v1.2/FakeAVCeleb_v1.2/FakeVideo-RealAudio/Asian (South)/women/id04529/00186_id03985_01aVtyjfVFM.mp4,00186_id03985_01aVtyjfVFM.mp4,FakeAVCeleb,FakeVideo-RealAudio,VISUAL_MANIPULATION,1,0,1,id04529,Asian (South),women,186,id03985,unknown,4,calibration
fac_a14a4c2a46e3,data/raw/fakeavceleb/FakeAVCeleb_v1.2/FakeAVCeleb_v1.2/FakeVideo-RealAudio/Asian (South)/women/id04529/00186_id04490_wavtolip.mp4,00186_id04490_wavtolip.mp4,FakeAVCeleb,FakeVideo-RealAudio,VISUAL_MANIPULATION,1,0,1,id04529,Asian (South),women,186,id04490,wav2lip,4,calibration
fac_0eac2576b67e,data/raw/fakeavceleb/FakeAVCeleb_v1.2/FakeAVCeleb_v1.2/FakeVideo-RealAudio/Asian (South)/women/id04529/00186_id04530_W5-PTTL9HzU.mp4,00186_id04530_W5-PTTL9HzU.mp4,FakeAVCeleb,FakeVideo-RealAudio,VISUAL_MANIPULATION,1,0,1,id04529,Asian (South),women,186,id04530,unknown,4,calibration
fac_61686475a954,data/raw/fakeavceleb/FakeAVCeleb_v1.2/FakeAVCeleb_v1.2/FakeVideo-RealAudio/Asian (South)/women/id04529/00186_id04530_wavtolip.mp4,00186_id04530_wavtolip.mp4,FakeAVCeleb,FakeVideo-RealAudio,VISUAL_MANIPULATION,1,0,1,id04529,Asian (South),women,186,id04530,wav2lip,4,calibration
fac_dd81901f6a6c,data/raw/fakeavceleb/FakeAVCeleb_v1.2/FakeAVCeleb_v1.2/FakeVideo-RealAudio/Asian (South)/women/id04529/00186_id04927_wavtolip.mp4,00186_id04927_wavtolip.mp4,FakeAVCeleb,FakeVideo-RealAudio,VISUAL_MANIPULATION,1,0,1,id04529,Asian (South),women,186,id04927,wav2lip,4,calibration
fac_c4f98cb53372,data/raw/fakeavceleb/FakeAVCeleb_v1.2/FakeAVCeleb_v1.2/FakeVideo-RealAudio/Asian (South)/women/id04529/00186_id05931_bFqu86NV3hk.mp4,00186_id05931_bFqu86NV3hk.mp4,FakeAVCeleb,FakeVideo-RealAudio,VISUAL_MANIPULATION,1,0,1,id04529,Asian (South),women,186,id05931,unknown,4,calibration
fac_38f019ad7651,data/raw/fakeavceleb/FakeAVCeleb_v1.2/FakeAVCeleb_v1.2/FakeVideo-RealAudio/Asian (South)/women/id04529/00186_id06232_wavtolip.mp4,00186_id06232_wavtolip.mp4,FakeAVCeleb,FakeVideo-RealAudio,VISUAL_MANIPULATION,1,0,1,id04529,Asian (South),women,186,id06232,wav2lip,4,calibration
fac_930161969d7c,data/raw/fakeavceleb/FakeAVCeleb_v1.2/FakeAVCeleb_v1.2/FakeVideo-RealAudio/Asian (South)/women/id04529/00186_id07008_hbwmyKv9Hio.mp4,00186_id07008_hbwmyKv9Hio.mp4,FakeAVCeleb,FakeVideo-RealAudio,VISUAL_MANIPULATION,1,0,1,id04529,Asian (South),women,186,id07008,unknown,4,calibration
fac_4e7928c31caf,data/raw/fakeavceleb/FakeAVCeleb_v1.2/FakeAVCeleb_v1.2/FakeVideo-RealAudio/Asian (South)/women/id04529/00186_id07049_wavtolip.mp4,00186_id07049_wavtolip.mp4,FakeAVCeleb,FakeVideo-RealAudio,VISUAL_MANIPULATION,1,0,1,id04529,Asian (South),women,186,id07049,wav2lip,4,calibration
fac_487bcce9eef2,data/raw/fakeavceleb/FakeAVCeleb_v1.2/FakeAVCeleb_v1.2/FakeVideo-RealAudio/Asian (South)/women/id04529/00186_id07136_4e43eS5p3_M.mp4,00186_id07136_4e43eS5p3_M.mp4,FakeAVCeleb,FakeVideo-RealAudio,VISUAL_MANIPULATION,1,0,1,id04529,Asian (South),women,186,id07136,unknown,4,calibration
fac_f48c998edaeb,data/raw/fakeavceleb/FakeAVCeleb_v1.2/FakeAVCeleb_v1.2/FakeVideo-RealAudio/Asian (South)/women/id04529/00186_id07136_wavtolip.mp4,00186_id07136_wavtolip.mp4,FakeAVCeleb,FakeVideo-RealAudio,VISUAL_MANIPULATION,1,0,1,id04529,Asian (South),women,186,id07136,wav2lip,4,calibration
fac_e08e46a11d30,data/raw/fakeavceleb/FakeAVCeleb_v1.2/FakeAVCeleb_v1.2/FakeVideo-RealAudio/Asian (South)/women/id04529/00186_id07236_wavtolip.mp4,00186_id07236_wavtolip.mp4,FakeAVCeleb,FakeVideo-RealAudio,VISUAL_MANIPULATION,1,0,1,id04529,Asian (South),women,186,id07236,wav2lip,4,calibration
fac_9bdca5a35cb5,data/raw/fakeavceleb/FakeAVCeleb_v1.2/FakeAVCeleb_v1.2/FakeVideo-RealAudio/Asian (South)/women/id04529/00186_id07377_wavtolip.mp4,00186_id07377_wavtolip.mp4,FakeAVCeleb,FakeVideo-RealAudio,VISUAL_MANIPULATION,1,0,1,id04529,Asian (South),women,186,id07377,wav2lip,4,calibration
fac_ac3f548a65c3,data/raw/fakeavceleb/FakeAVCeleb_v1.2/FakeAVCeleb_v1.2/FakeVideo-RealAudio/Asian (South)/women/id04530/00231_id00043_wavtolip.mp4,00231_id00043_wavtolip.mp4,FakeAVCeleb,FakeVideo-RealAudio,VISUAL_MANIPULATION,1,0,1,id04530,Asian (South),women,231,id00043,wav2lip,4,calibration
fac_af894c86e781,data/raw/fakeavceleb/FakeAVCeleb_v1.2/FakeAVCeleb_v1.2/FakeVideo-RealAudio/Asian (South)/women/id04530/00231_id00417_wavtolip.mp4,00231_id00417_wavtolip.mp4,FakeAVCeleb,FakeVideo-RealAudio,VISUAL_MANIPULATION,1,0,1,id04530,Asian (South),women,231,id00417,wav2lip,4,calibration
fac_1dec98c9bab8,data/raw/fakeavceleb/FakeAVCeleb_v1.2/FakeAVCeleb_v1.2/FakeVideo-RealAudio/Asian (South)/women/id04530/00231_id00747_wavtolip.mp4,00231_id00747_wavtolip.mp4,FakeAVCeleb,FakeVideo-RealAudio,VISUAL_MANIPULATION,1,0,1,id04530,Asian (South),women,231,id00747,wav2lip,4,calibration
fac_065a96b9f902,data/raw/fakeavceleb/FakeAVCeleb_v1.2/FakeAVCeleb_v1.2/FakeVideo-RealAudio/Asian (South)/women/id04530/00231_id01026_rM4ZERt7oM0.mp4,00231_id01026_rM4ZERt7oM0.mp4,FakeAVCeleb,FakeVideo-RealAudio,VISUAL_MANIPULATION,1,0,1,id04530,Asian (South),women,231,id01026,unknown,4,calibration
fac_3c9e0e58b9eb,data/raw/fakeavceleb/FakeAVCeleb_v1.2/FakeAVCeleb_v1.2/FakeVideo-RealAudio/Asian (South)/women/id04530/00231_id01026_wavtolip.mp4,00231_id01026_wavtolip.mp4,FakeAVCeleb,FakeVideo-RealAudio,VISUAL_MANIPULATION,1,0,1,id04530,Asian (South),women,231,id01026,wav2lip,4,calibration
fac_e98792d6b0b0,data/raw/fakeavceleb/FakeAVCeleb_v1.2/FakeAVCeleb_v1.2/FakeVideo-RealAudio/Asian (South)/women/id04530/00231_id03897_wavtolip.mp4,00231_id03897_wavtolip.mp4,FakeAVCeleb,FakeVideo-RealAudio,VISUAL_MANIPULATION,1,0,1,id04530,Asian (South),women,231,id03897,wav2lip,4,calibration
fac_251dbdaf4b2e,data/raw/fakeavceleb/FakeAVCeleb_v1.2/FakeAVCeleb_v1.2/FakeVideo-RealAudio/Asian (South)/women/id04530/00231_id03985_01aVtyjfVFM.mp4,00231_id03985_01aVtyjfVFM.mp4,FakeAVCeleb,FakeVideo-RealAudio,VISUAL_MANIPULATION,1,0,1,id04530,Asian (South),women,231,id03985,unknown,4,calibration
fac_1935c55275d1,data/raw/fakeavceleb/FakeAVCeleb_v1.2/FakeAVCeleb_v1.2/FakeVideo-RealAudio/Asian (South)/women/id04530/00231_id04529_S92uo-UShxE.mp4,00231_id04529_S92uo-UShxE.mp4,FakeAVCeleb,FakeVideo-RealAudio,VISUAL_MANIPULATION,1,0,1,id04530,Asian (South),women,231,id04529,unknown,4,calibration
fac_f44bb74a514f,data/raw/fakeavceleb/FakeAVCeleb_v1.2/FakeAVCeleb_v1.2/FakeVideo-RealAudio/Asian (South)/women/id04530/00231_id04582_Pm9dX-TxNx0.mp4,00231_id04582_Pm9dX-TxNx0.mp4,FakeAVCeleb,FakeVideo-RealAudio,VISUAL_MANIPULATION,1,0,1,id04530,Asian (South),women,231,id04582,unknown,4,calibration
fac_2b65fcb3d9eb,data/raw/fakeavceleb/FakeAVCeleb_v1.2/FakeAVCeleb_v1.2/FakeVideo-RealAudio/Asian (South)/women/id04530/00231_id05434_wavtolip.mp4,00231_id05434_wavtolip.mp4,FakeAVCeleb,FakeVideo-RealAudio,VISUAL_MANIPULATION,1,0,1,id04530,Asian (South),women,231,id05434,wav2lip,4,calibration
fac_3f6ee31e1582,data/raw/fakeavceleb/FakeAVCeleb_v1.2/FakeAVCeleb_v1.2/FakeVideo-RealAudio/Asian (South)/women/id04530/00231_id05435_OvX-Jv_whcU.mp4,00231_id05435_OvX-Jv_whcU.mp4,FakeAVCeleb,FakeVideo-RealAudio,VISUAL_MANIPULATION,1,0,1,id04530,Asian (South),women,231,id05435,unknown,4,calibration
fac_0599d34f0e4a,data/raw/fakeavceleb/FakeAVCeleb_v1.2/FakeAVCeleb_v1.2/FakeVideo-RealAudio/Asian (South)/women/id04530/00231_id05435_OvX-Jv_whcU_faceswap.mp4,00231_id05435_OvX-Jv_whcU_faceswap.mp4,FakeAVCeleb,FakeVideo-RealAudio,VISUAL_MANIPULATION,1,0,1,id04530,Asian (South),women,231,id05435,faceswap,4,calibration
fac_f2d346cc0de7,data/raw/fakeavceleb/FakeAVCeleb_v1.2/FakeAVCeleb_v1.2/FakeVideo-RealAudio/Asian (South)/women/id04530/00231_id05435_wavtolip.mp4,00231_id05435_wavtolip.mp4,FakeAVCeleb,FakeVideo-RealAudio,VISUAL_MANIPULATION,1,0,1,id04530,Asian (South),women,231,id05435,wav2lip,4,calibration
fac_49e62f0953de,data/raw/fakeavceleb/FakeAVCeleb_v1.2/FakeAVCeleb_v1.2/FakeVideo-RealAudio/Asian (South)/women/id04530/00231_id06343_wavtolip.mp4,00231_id06343_wavtolip.mp4,FakeAVCeleb,FakeVideo-RealAudio,VISUAL_MANIPULATION,1,0,1,id04530,Asian (South),women,231,id06343,wav2lip,4,calibration
fac_bbbd5a0474b3,data/raw/fakeavceleb/FakeAVCeleb_v1.2/FakeAVCeleb_v1.2/FakeVideo-RealAudio/Asian (South)/women/id04530/00231_id06439_wavtolip.mp4,00231_id06439_wavtolip.mp4,FakeAVCeleb,FakeVideo-RealAudio,VISUAL_MANIPULATION,1,0,1,id04530,Asian (South),women,231,id06439,wav2lip,4,calibration
fac_7d8b021bc999,data/raw/fakeavceleb/FakeAVCeleb_v1.2/FakeAVCeleb_v1.2/FakeVideo-RealAudio/Asian (South)/women/id04530/00231_id07051_d1c0Pl2aP_4.mp4,00231_id07051_d1c0Pl2aP_4.mp4,FakeAVCeleb,FakeVideo-RealAudio,VISUAL_MANIPULATION,1,0,1,id04530,Asian (South),women,231,id07051,unknown,4,calibration
fac_5a036495b1db,data/raw/fakeavceleb/FakeAVCeleb_v1.2/FakeAVCeleb_v1.2/FakeVideo-RealAudio/Asian (South)/women/id04530/00231_id07236_Fe0sdHw3sc4.mp4,00231_id07236_Fe0sdHw3sc4.mp4,FakeAVCeleb,FakeVideo-RealAudio,VISUAL_MANIPULATION,1,0,1,id04530,Asian (South),women,231,id07236,unknown,4,calibration
fac_0beeee9fd6c9,data/raw/fakeavceleb/FakeAVCeleb_v1.2/FakeAVCeleb_v1.2/FakeVideo-RealAudio/Asian (South)/women/id04530/00231_id07689_2ie0g83JkgA.mp4,00231_id07689_2ie0g83JkgA.mp4,FakeAVCeleb,FakeVideo-RealAudio,VISUAL_MANIPULATION,1,0,1,id04530,Asian (South),women,231,id07689,unknown,4,calibration
fac_18f3946471f3,data/raw/fakeavceleb/FakeAVCeleb_v1.2/FakeAVCeleb_v1.2/FakeVideo-RealAudio/Asian (South)/women/id04530/00231_id07689_wavtolip.mp4,00231_id07689_wavtolip.mp4,FakeAVCeleb,FakeVideo-RealAudio,VISUAL_MANIPULATION,1,0,1,id04530,Asian (South),women,231,id07689,wav2lip,4,calibration
fac_05b5a45e073b,data/raw/fakeavceleb/FakeAVCeleb_v1.2/FakeAVCeleb_v1.2/FakeVideo-RealAudio/Asian (South)/women/id04564/00417_0.mp4,00417_0.mp4,FakeAVCeleb,FakeVideo-RealAudio,VISUAL_MANIPULATION,1,0,1,id04564,Asian (South),women,417,,unknown,4,calibration
fac_270270ff3d69,data/raw/fakeavceleb/FakeAVCeleb_v1.2/FakeAVCeleb_v1.2/FakeVideo-RealAudio/Asian (South)/women/id04564/00417_id00461_Ort9NW3SJU4.mp4,00417_id00461_Ort9NW3SJU4.mp4,FakeAVCeleb,FakeVideo-RealAudio,VISUAL_MANIPULATION,1,0,1,id04564,Asian (South),women,417,id00461,unknown,4,calibration
fac_ff056806aa1e,data/raw/fakeavceleb/FakeAVCeleb_v1.2/FakeAVCeleb_v1.2/FakeVideo-RealAudio/Asian (South)/women/id04564/00417_id00488_wavtolip.mp4,00417_id00488_wavtolip.mp4,FakeAVCeleb,FakeVideo-RealAudio,VISUAL_MANIPULATION,1,0,1,id04564,Asian (South),women,417,id00488,wav2lip,4,calibration
fac_dcadd2d4ecce,data/raw/fakeavceleb/FakeAVCeleb_v1.2/FakeAVCeleb_v1.2/FakeVideo-RealAudio/Asian (South)/women/id04564/00417_id00739_CT-6UmfLiU0.mp4,00417_id00739_CT-6UmfLiU0.mp4,FakeAVCeleb,FakeVideo-RealAudio,VISUAL_MANIPULATION,1,0,1,id04564,Asian (South),women,417,id00739,unknown,4,calibration
fac_4ac6cc96d843,data/raw/fakeavceleb/FakeAVCeleb_v1.2/FakeAVCeleb_v1.2/FakeVideo-RealAudio/Asian (South)/women/id04564/00417_id00739_wavtolip.mp4,00417_id00739_wavtolip.mp4,FakeAVCeleb,FakeVideo-RealAudio,VISUAL_MANIPULATION,1,0,1,id04564,Asian (South),women,417,id00739,wav2lip,4,calibration
fac_bf0229f6d541,data/raw/fakeavceleb/FakeAVCeleb_v1.2/FakeAVCeleb_v1.2/FakeVideo-RealAudio/Asian (South)/women/id04564/00417_id00747_l3eOd4UDsGc.mp4,00417_id00747_l3eOd4UDsGc.mp4,FakeAVCeleb,FakeVideo-RealAudio,VISUAL_MANIPULATION,1,0,1,id04564,Asian (South),women,417,id00747,unknown,4,calibration
fac_420f9081d11c,data/raw/fakeavceleb/FakeAVCeleb_v1.2/FakeAVCeleb_v1.2/FakeVideo-RealAudio/Asian (South)/women/id04564/00417_id01026_wavtolip.mp4,00417_id01026_wavtolip.mp4,FakeAVCeleb,FakeVideo-RealAudio,VISUAL_MANIPULATION,1,0,1,id04564,Asian (South),women,417,id01026,wav2lip,4,calibration
fac_4b1ce85b5c39,data/raw/fakeavceleb/FakeAVCeleb_v1.2/FakeAVCeleb_v1.2/FakeVideo-RealAudio/Asian (South)/women/id04564/00417_id02089_wavtolip.mp4,00417_id02089_wavtolip.mp4,FakeAVCeleb,FakeVideo-RealAudio,VISUAL_MANIPULATION,1,0,1,id04564,Asian (South),women,417,id02089,wav2lip,4,calibration
fac_0df293eb54d6,data/raw/fakeavceleb/FakeAVCeleb_v1.2/FakeAVCeleb_v1.2/FakeVideo-RealAudio/Asian (South)/women/id04564/00417_id02619_6AKIR2gTCNU.mp4,00417_id02619_6AKIR2gTCNU.mp4,FakeAVCeleb,FakeVideo-RealAudio,VISUAL_MANIPULATION,1,0,1,id04564,Asian (South),women,417,id02619,unknown,4,calibration
fac_ccca179699af,data/raw/fakeavceleb/FakeAVCeleb_v1.2/FakeAVCeleb_v1.2/FakeVideo-RealAudio/Asian (South)/women/id04564/00417_id04490_wavtolip.mp4,00417_id04490_wavtolip.mp4,FakeAVCeleb,FakeVideo-RealAudio,VISUAL_MANIPULATION,1,0,1,id04564,Asian (South),women,417,id04490,wav2lip,4,calibration
fac_c0e014e4b513,data/raw/fakeavceleb/FakeAVCeleb_v1.2/FakeAVCeleb_v1.2/FakeVideo-RealAudio/Asian (South)/women/id04564/00417_id04530_wavtolip.mp4,00417_id04530_wavtolip.mp4,FakeAVCeleb,FakeVideo-RealAudio,VISUAL_MANIPULATION,1,0,1,id04564,Asian (South),women,417,id04530,wav2lip,4,calibration
fac_3948017f5311,data/raw/fakeavceleb/FakeAVCeleb_v1.2/FakeAVCeleb_v1.2/FakeVideo-RealAudio/Asian (South)/women/id04564/00417_id05931_bFqu86NV3hk.mp4,00417_id05931_bFqu86NV3hk.mp4,FakeAVCeleb,FakeVideo-RealAudio,VISUAL_MANIPULATION,1,0,1,id04564,Asian (South),women,417,id05931,unknown,4,calibration
fac_2081a0d52745,data/raw/fakeavceleb/FakeAVCeleb_v1.2/FakeAVCeleb_v1.2/FakeVideo-RealAudio/Asian (South)/women/id04564/00417_id06268_wavtolip.mp4,00417_id06268_wavtolip.mp4,FakeAVCeleb,FakeVideo-RealAudio,VISUAL_MANIPULATION,1,0,1,id04564,Asian (South),women,417,id06268,wav2lip,4,calibration
fac_2aaa76547b49,data/raw/fakeavceleb/FakeAVCeleb_v1.2/FakeAVCeleb_v1.2/FakeVideo-RealAudio/Asian (South)/women/id04564/00417_id06428_A9nvRKd1afA.mp4,00417_id06428_A9nvRKd1afA.mp4,FakeAVCeleb,FakeVideo-RealAudio,VISUAL_MANIPULATION,1,0,1,id04564,Asian (South),women,417,id06428,unknown,4,calibration
fac_76ecbe33a816,data/raw/fakeavceleb/FakeAVCeleb_v1.2/FakeAVCeleb_v1.2/FakeVideo-RealAudio/Asian (South)/women/id04564/00417_id07008_hbwmyKv9Hio.mp4,00417_id07008_hbwmyKv9Hio.mp4,FakeAVCeleb,FakeVideo-RealAudio,VISUAL_MANIPULATION,1,0,1,id04564,Asian (South),women,417,id07008,unknown,4,calibration
fac_a8be4a8aefe1,data/raw/fakeavceleb/FakeAVCeleb_v1.2/FakeAVCeleb_v1.2/FakeVideo-RealAudio/Asian (South)/women/id04564/00417_id07051_d1c0Pl2aP_4.mp4,00417_id07051_d1c0Pl2aP_4.mp4,FakeAVCeleb,FakeVideo-RealAudio,VISUAL_MANIPULATION,1,0,1,id04564,Asian (South),women,417,id07051,unknown,4,calibration
fac_79bdce35a3fa,data/raw/fakeavceleb/FakeAVCeleb_v1.2/FakeAVCeleb_v1.2/FakeVideo-RealAudio/Asian (South)/women/id04564/00417_id07051_wavtolip.mp4,00417_id07051_wavtolip.mp4,FakeAVCeleb,FakeVideo-RealAudio,VISUAL_MANIPULATION,1,0,1,id04564,Asian (South),women,417,id07051,wav2lip,4,calibration
fac_0aadd503c15c,data/raw/fakeavceleb/FakeAVCeleb_v1.2/FakeAVCeleb_v1.2/FakeVideo-RealAudio/Asian (South)/women/id04564/00417_id07377_wavtolip.mp4,00417_id07377_wavtolip.mp4,FakeAVCeleb,FakeVideo-RealAudio,VISUAL_MANIPULATION,1,0,1,id04564,Asian (South),women,417,id07377,wav2lip,4,calibration
fac_35b88536a674,data/raw/fakeavceleb/FakeAVCeleb_v1.2/FakeAVCeleb_v1.2/FakeVideo-RealAudio/Asian (South)/women/id04564/00417_id07686_wavtolip.mp4,00417_id07686_wavtolip.mp4,FakeAVCeleb,FakeVideo-RealAudio,VISUAL_MANIPULATION,1,0,1,id04564,Asian (South),women,417,id07686,wav2lip,4,calibration
fac_884678445e24,data/raw/fakeavceleb/FakeAVCeleb_v1.2/FakeAVCeleb_v1.2/FakeVideo-RealAudio/Asian (South)/women/id04582/00180_0.mp4,00180_0.mp4,FakeAVCeleb,FakeVideo-RealAudio,VISUAL_MANIPULATION,1,0,1,id04582,Asian (South),women,180,,unknown,4,calibration
fac_f4215dd55560,data/raw/fakeavceleb/FakeAVCeleb_v1.2/FakeAVCeleb_v1.2/FakeVideo-RealAudio/Asian (South)/women/id04582/00180_id00043_DxY87QyzDN8.mp4,00180_id00043_DxY87QyzDN8.mp4,FakeAVCeleb,FakeVideo-RealAudio,VISUAL_MANIPULATION,1,0,1,id04582,Asian (South),women,180,id00043,unknown,4,calibration
fac_e53b674d4037,data/raw/fakeavceleb/FakeAVCeleb_v1.2/FakeAVCeleb_v1.2/FakeVideo-RealAudio/Asian (South)/women/id04582/00180_id00149_wavtolip.mp4,00180_id00149_wavtolip.mp4,FakeAVCeleb,FakeVideo-RealAudio,VISUAL_MANIPULATION,1,0,1,id04582,Asian (South),women,180,id00149,wav2lip,4,calibration
fac_4966e2d695fb,data/raw/fakeavceleb/FakeAVCeleb_v1.2/FakeAVCeleb_v1.2/FakeVideo-RealAudio/Asian (South)/women/id04582/00180_id00235_F7aHtfdzytQ.mp4,00180_id00235_F7aHtfdzytQ.mp4,FakeAVCeleb,FakeVideo-RealAudio,VISUAL_MANIPULATION,1,0,1,id04582,Asian (South),women,180,id00235,unknown,4,calibration
fac_a08c00f87178,data/raw/fakeavceleb/FakeAVCeleb_v1.2/FakeAVCeleb_v1.2/FakeVideo-RealAudio/Asian (South)/women/id04582/00180_id00417_GhIZam3v09g.mp4,00180_id00417_GhIZam3v09g.mp4,FakeAVCeleb,FakeVideo-RealAudio,VISUAL_MANIPULATION,1,0,1,id04582,Asian (South),women,180,id00417,unknown,4,calibration
fac_1b2fc8adab3c,data/raw/fakeavceleb/FakeAVCeleb_v1.2/FakeAVCeleb_v1.2/FakeVideo-RealAudio/Asian (South)/women/id04582/00180_id00461_wavtolip.mp4,00180_id00461_wavtolip.mp4,FakeAVCeleb,FakeVideo-RealAudio,VISUAL_MANIPULATION,1,0,1,id04582,Asian (South),women,180,id00461,wav2lip,4,calibration
fac_8e22609b3212,data/raw/fakeavceleb/FakeAVCeleb_v1.2/FakeAVCeleb_v1.2/FakeVideo-RealAudio/Asian (South)/women/id04582/00180_id00747_wavtolip.mp4,00180_id00747_wavtolip.mp4,FakeAVCeleb,FakeVideo-RealAudio,VISUAL_MANIPULATION,1,0,1,id04582,Asian (South),women,180,id00747,wav2lip,4,calibration
fac_cf19680290cf,data/raw/fakeavceleb/FakeAVCeleb_v1.2/FakeAVCeleb_v1.2/FakeVideo-RealAudio/Asian (South)/women/id04582/00180_id02089_ZC5FjKDazrM.mp4,00180_id02089_ZC5FjKDazrM.mp4,FakeAVCeleb,FakeVideo-RealAudio,VISUAL_MANIPULATION,1,0,1,id04582,Asian (South),women,180,id02089,unknown,4,calibration
fac_3cd7ce4b80d8,data/raw/fakeavceleb/FakeAVCeleb_v1.2/FakeAVCeleb_v1.2/FakeVideo-RealAudio/Asian (South)/women/id04582/00180_id04529_wavtolip.mp4,00180_id04529_wavtolip.mp4,FakeAVCeleb,FakeVideo-RealAudio,VISUAL_MANIPULATION,1,0,1,id04582,Asian (South),women,180,id04529,wav2lip,4,calibration
fac_fcd84c3d13db,data/raw/fakeavceleb/FakeAVCeleb_v1.2/FakeAVCeleb_v1.2/FakeVideo-RealAudio/Asian (South)/women/id04582/00180_id04564_wavtolip.mp4,00180_id04564_wavtolip.mp4,FakeAVCeleb,FakeVideo-RealAudio,VISUAL_MANIPULATION,1,0,1,id04582,Asian (South),women,180,id04564,wav2lip,4,calibration
fac_d306a78003dc,data/raw/fakeavceleb/FakeAVCeleb_v1.2/FakeAVCeleb_v1.2/FakeVideo-RealAudio/Asian (South)/women/id04582/00180_id04927_wavtolip.mp4,00180_id04927_wavtolip.mp4,FakeAVCeleb,FakeVideo-RealAudio,VISUAL_MANIPULATION,1,0,1,id04582,Asian (South),women,180,id04927,wav2lip,4,calibration
fac_0792534be97c,data/raw/fakeavceleb/FakeAVCeleb_v1.2/FakeAVCeleb_v1.2/FakeVideo-RealAudio/Asian (South)/women/id04582/00180_id06254_8VSfI86Fua4.mp4,00180_id06254_8VSfI86Fua4.mp4,FakeAVCeleb,FakeVideo-RealAudio,VISUAL_MANIPULATION,1,0,1,id04582,Asian (South),women,180,id06254,unknown,4,calibration
fac_696c15f6b009,data/raw/fakeavceleb/FakeAVCeleb_v1.2/FakeAVCeleb_v1.2/FakeVideo-RealAudio/Asian (South)/women/id04582/00180_id06268_wavtolip.mp4,00180_id06268_wavtolip.mp4,FakeAVCeleb,FakeVideo-RealAudio,VISUAL_MANIPULATION,1,0,1,id04582,Asian (South),women,180,id06268,wav2lip,4,calibration
fac_7ff87f23b294,data/raw/fakeavceleb/FakeAVCeleb_v1.2/FakeAVCeleb_v1.2/FakeVideo-RealAudio/Asian (South)/women/id04582/00180_id06439_wavtolip.mp4,00180_id06439_wavtolip.mp4,FakeAVCeleb,FakeVideo-RealAudio,VISUAL_MANIPULATION,1,0,1,id04582,Asian (South),women,180,id06439,wav2lip,4,calibration
fac_419b2d17f239,data/raw/fakeavceleb/FakeAVCeleb_v1.2/FakeAVCeleb_v1.2/FakeVideo-RealAudio/Asian (South)/women/id04582/00180_id06445_NWtdqOxEbDY.mp4,00180_id06445_NWtdqOxEbDY.mp4,FakeAVCeleb,FakeVideo-RealAudio,VISUAL_MANIPULATION,1,0,1,id04582,Asian (South),women,180,id06445,unknown,4,calibration
fac_db66ab17274a,data/raw/fakeavceleb/FakeAVCeleb_v1.2/FakeAVCeleb_v1.2/FakeVideo-RealAudio/Asian (South)/women/id04582/00180_id06445_NWtdqOxEbDY_faceswap.mp4,00180_id06445_NWtdqOxEbDY_faceswap.mp4,FakeAVCeleb,FakeVideo-RealAudio,VISUAL_MANIPULATION,1,0,1,id04582,Asian (South),women,180,id06445,faceswap,4,calibration
fac_d0d962dcaa32,data/raw/fakeavceleb/FakeAVCeleb_v1.2/FakeAVCeleb_v1.2/FakeVideo-RealAudio/Asian (South)/women/id04582/00180_id07051_wavtolip.mp4,00180_id07051_wavtolip.mp4,FakeAVCeleb,FakeVideo-RealAudio,VISUAL_MANIPULATION,1,0,1,id04582,Asian (South),women,180,id07051,wav2lip,4,calibration
fac_591fded56527,data/raw/fakeavceleb/FakeAVCeleb_v1.2/FakeAVCeleb_v1.2/FakeVideo-RealAudio/Asian (South)/women/id04582/00180_id07136_4e43eS5p3_M.mp4,00180_id07136_4e43eS5p3_M.mp4,FakeAVCeleb,FakeVideo-RealAudio,VISUAL_MANIPULATION,1,0,1,id04582,Asian (South),women,180,id07136,unknown,4,calibration
fac_82af8a0b2da0,data/raw/fakeavceleb/FakeAVCeleb_v1.2/FakeAVCeleb_v1.2/FakeVideo-RealAudio/Asian (South)/women/id04582/00180_id07236_Fe0sdHw3sc4.mp4,00180_id07236_Fe0sdHw3sc4.mp4,FakeAVCeleb,FakeVideo-RealAudio,VISUAL_MANIPULATION,1,0,1,id04582,Asian (South),women,180,id07236,unknown,4,calibration
fac_25a26a59a7e4,data/raw/fakeavceleb/FakeAVCeleb_v1.2/FakeAVCeleb_v1.2/FakeVideo-RealAudio/Asian (South)/women/id04582/00180_id07689_wavtolip.mp4,00180_id07689_wavtolip.mp4,FakeAVCeleb,FakeVideo-RealAudio,VISUAL_MANIPULATION,1,0,1,id04582,Asian (South),women,180,id07689,wav2lip,4,calibration
fac_a955fb090416,data/raw/fakeavceleb/FakeAVCeleb_v1.2/FakeAVCeleb_v1.2/FakeVideo-RealAudio/Asian (South)/women/id04583/00077_id00043_wavtolip.mp4,00077_id00043_wavtolip.mp4,FakeAVCeleb,FakeVideo-RealAudio,VISUAL_MANIPULATION,1,0,1,id04583,Asian (South),women,77,id00043,wav2lip,4,calibration
fac_9e1477a83d6b,data/raw/fakeavceleb/FakeAVCeleb_v1.2/FakeAVCeleb_v1.2/FakeVideo-RealAudio/Asian (South)/women/id04583/00077_id00080_wavtolip.mp4,00077_id00080_wavtolip.mp4,FakeAVCeleb,FakeVideo-RealAudio,VISUAL_MANIPULATION,1,0,1,id04583,Asian (South),women,77,id00080,wav2lip,4,calibration
fac_d5b75dc4331d,data/raw/fakeavceleb/FakeAVCeleb_v1.2/FakeAVCeleb_v1.2/FakeVideo-RealAudio/Asian (South)/women/id04583/00077_id00080_y29QtxBTASE.mp4,00077_id00080_y29QtxBTASE.mp4,FakeAVCeleb,FakeVideo-RealAudio,VISUAL_MANIPULATION,1,0,1,id04583,Asian (South),women,77,id00080,unknown,4,calibration
fac_808d811ff224,data/raw/fakeavceleb/FakeAVCeleb_v1.2/FakeAVCeleb_v1.2/FakeVideo-RealAudio/Asian (South)/women/id04583/00077_id00149_wavtolip.mp4,00077_id00149_wavtolip.mp4,FakeAVCeleb,FakeVideo-RealAudio,VISUAL_MANIPULATION,1,0,1,id04583,Asian (South),women,77,id00149,wav2lip,4,calibration
fac_50646416bd31,data/raw/fakeavceleb/FakeAVCeleb_v1.2/FakeAVCeleb_v1.2/FakeVideo-RealAudio/Asian (South)/women/id04583/00077_id00417_GhIZam3v09g.mp4,00077_id00417_GhIZam3v09g.mp4,FakeAVCeleb,FakeVideo-RealAudio,VISUAL_MANIPULATION,1,0,1,id04583,Asian (South),women,77,id00417,unknown,4,calibration
fac_1af7edd08e41,data/raw/fakeavceleb/FakeAVCeleb_v1.2/FakeAVCeleb_v1.2/FakeVideo-RealAudio/Asian (South)/women/id04583/00077_id01026_wavtolip.mp4,00077_id01026_wavtolip.mp4,FakeAVCeleb,FakeVideo-RealAudio,VISUAL_MANIPULATION,1,0,1,id04583,Asian (South),women,77,id01026,wav2lip,4,calibration
fac_690ab19a3782,data/raw/fakeavceleb/FakeAVCeleb_v1.2/FakeAVCeleb_v1.2/FakeVideo-RealAudio/Asian (South)/women/id04583/00077_id03815_wavtolip.mp4,00077_id03815_wavtolip.mp4,FakeAVCeleb,FakeVideo-RealAudio,VISUAL_MANIPULATION,1,0,1,id04583,Asian (South),women,77,id03815,wav2lip,4,calibration
fac_66287da17eac,data/raw/fakeavceleb/FakeAVCeleb_v1.2/FakeAVCeleb_v1.2/FakeVideo-RealAudio/Asian (South)/women/id04583/00077_id04529_wavtolip.mp4,00077_id04529_wavtolip.mp4,FakeAVCeleb,FakeVideo-RealAudio,VISUAL_MANIPULATION,1,0,1,id04583,Asian (South),women,77,id04529,wav2lip,4,calibration
fac_d087974c895a,data/raw/fakeavceleb/FakeAVCeleb_v1.2/FakeAVCeleb_v1.2/FakeVideo-RealAudio/Asian (South)/women/id04583/00077_id05434_6p7kCmdOjDQ.mp4,00077_id05434_6p7kCmdOjDQ.mp4,FakeAVCeleb,FakeVideo-RealAudio,VISUAL_MANIPULATION,1,0,1,id04583,Asian (South),women,77,id05434,unknown,4,calibration
fac_9fe87986a1ea,data/raw/fakeavceleb/FakeAVCeleb_v1.2/FakeAVCeleb_v1.2/FakeVideo-RealAudio/Asian (South)/women/id04583/00077_id05478_VJkjRzPt-Jw.mp4,00077_id05478_VJkjRzPt-Jw.mp4,FakeAVCeleb,FakeVideo-RealAudio,VISUAL_MANIPULATION,1,0,1,id04583,Asian (South),women,77,id05478,unknown,4,calibration
fac_d9dfc49234a3,data/raw/fakeavceleb/FakeAVCeleb_v1.2/FakeAVCeleb_v1.2/FakeVideo-RealAudio/Asian (South)/women/id04583/00077_id05845_XfMHm6CEwPw.mp4,00077_id05845_XfMHm6CEwPw.mp4,FakeAVCeleb,FakeVideo-RealAudio,VISUAL_MANIPULATION,1,0,1,id04583,Asian (South),women,77,id05845,unknown,4,calibration
fac_e2b60bb0f523,data/raw/fakeavceleb/FakeAVCeleb_v1.2/FakeAVCeleb_v1.2/FakeVideo-RealAudio/Asian (South)/women/id04583/00077_id05931_bFqu86NV3hk.mp4,00077_id05931_bFqu86NV3hk.mp4,FakeAVCeleb,FakeVideo-RealAudio,VISUAL_MANIPULATION,1,0,1,id04583,Asian (South),women,77,id05931,unknown,4,calibration
fac_d0b5a9068b77,data/raw/fakeavceleb/FakeAVCeleb_v1.2/FakeAVCeleb_v1.2/FakeVideo-RealAudio/Asian (South)/women/id04583/00077_id06343_wavtolip.mp4,00077_id06343_wavtolip.mp4,FakeAVCeleb,FakeVideo-RealAudio,VISUAL_MANIPULATION,1,0,1,id04583,Asian (South),women,77,id06343,wav2lip,4,calibration
fac_d50a94d8ba5f,data/raw/fakeavceleb/FakeAVCeleb_v1.2/FakeAVCeleb_v1.2/FakeVideo-RealAudio/Asian (South)/women/id04583/00077_id06439_wavtolip.mp4,00077_id06439_wavtolip.mp4,FakeAVCeleb,FakeVideo-RealAudio,VISUAL_MANIPULATION,1,0,1,id04583,Asian (South),women,77,id06439,wav2lip,4,calibration
fac_2b39261fc764,data/raw/fakeavceleb/FakeAVCeleb_v1.2/FakeAVCeleb_v1.2/FakeVideo-RealAudio/Asian (South)/women/id04583/00077_id07008_wavtolip.mp4,00077_id07008_wavtolip.mp4,FakeAVCeleb,FakeVideo-RealAudio,VISUAL_MANIPULATION,1,0,1,id04583,Asian (South),women,77,id07008,wav2lip,4,calibration
fac_ee8b4ff340b0,data/raw/fakeavceleb/FakeAVCeleb_v1.2/FakeAVCeleb_v1.2/FakeVideo-RealAudio/Asian (South)/women/id04583/00077_id07051_d1c0Pl2aP_4.mp4,00077_id07051_d1c0Pl2aP_4.mp4,FakeAVCeleb,FakeVideo-RealAudio,VISUAL_MANIPULATION,1,0,1,id04583,Asian (South),women,77,id07051,unknown,4,calibration
fac_f9ee804dffd3,data/raw/fakeavceleb/FakeAVCeleb_v1.2/FakeAVCeleb_v1.2/FakeVideo-RealAudio/Asian (South)/women/id04583/00077_id07136_4e43eS5p3_M.mp4,00077_id07136_4e43eS5p3_M.mp4,FakeAVCeleb,FakeVideo-RealAudio,VISUAL_MANIPULATION,1,0,1,id04583,Asian (South),women,77,id07136,unknown,4,calibration
fac_63493f55df64,data/raw/fakeavceleb/FakeAVCeleb_v1.2/FakeAVCeleb_v1.2/FakeVideo-RealAudio/Asian (South)/women/id04583/00077_id07136_4e43eS5p3_M_faceswap.mp4,00077_id07136_4e43eS5p3_M_faceswap.mp4,FakeAVCeleb,FakeVideo-RealAudio,VISUAL_MANIPULATION,1,0,1,id04583,Asian (South),women,77,id07136,faceswap,4,calibration
fac_f549f7002afa,data/raw/fakeavceleb/FakeAVCeleb_v1.2/FakeAVCeleb_v1.2/FakeVideo-RealAudio/Asian (South)/women/id04583/00077_id07377_wavtolip.mp4,00077_id07377_wavtolip.mp4,FakeAVCeleb,FakeVideo-RealAudio,VISUAL_MANIPULATION,1,0,1,id04583,Asian (South),women,77,id07377,wav2lip,4,calibration
fac_009a8971dde8,data/raw/fakeavceleb/FakeAVCeleb_v1.2/FakeAVCeleb_v1.2/FakeVideo-RealAudio/Asian (South)/women/id04927/00013_id00417_GhIZam3v09g.mp4,00013_id00417_GhIZam3v09g.mp4,FakeAVCeleb,FakeVideo-RealAudio,VISUAL_MANIPULATION,1,0,1,id04927,Asian (South),women,13,id00417,unknown,4,calibration
fac_5a9838cf8ba9,data/raw/fakeavceleb/FakeAVCeleb_v1.2/FakeAVCeleb_v1.2/FakeVideo-RealAudio/Asian (South)/women/id04927/00013_id00417_GhIZam3v09g_faceswap.mp4,00013_id00417_GhIZam3v09g_faceswap.mp4,FakeAVCeleb,FakeVideo-RealAudio,VISUAL_MANIPULATION,1,0,1,id04927,Asian (South),women,13,id00417,faceswap,4,calibration
fac_c7777d59c967,data/raw/fakeavceleb/FakeAVCeleb_v1.2/FakeAVCeleb_v1.2/FakeVideo-RealAudio/Asian (South)/women/id04927/00013_id00417_wavtolip.mp4,00013_id00417_wavtolip.mp4,FakeAVCeleb,FakeVideo-RealAudio,VISUAL_MANIPULATION,1,0,1,id04927,Asian (South),women,13,id00417,wav2lip,4,calibration
fac_933ef44c9d5e,data/raw/fakeavceleb/FakeAVCeleb_v1.2/FakeAVCeleb_v1.2/FakeVideo-RealAudio/Asian (South)/women/id04927/00013_id00739_CT-6UmfLiU0.mp4,00013_id00739_CT-6UmfLiU0.mp4,FakeAVCeleb,FakeVideo-RealAudio,VISUAL_MANIPULATION,1,0,1,id04927,Asian (South),women,13,id00739,unknown,4,calibration
fac_7d56b77ec3ac,data/raw/fakeavceleb/FakeAVCeleb_v1.2/FakeAVCeleb_v1.2/FakeVideo-RealAudio/Asian (South)/women/id04927/00013_id00747_l3eOd4UDsGc.mp4,00013_id00747_l3eOd4UDsGc.mp4,FakeAVCeleb,FakeVideo-RealAudio,VISUAL_MANIPULATION,1,0,1,id04927,Asian (South),women,13,id00747,unknown,4,calibration
fac_f04e8b8c26df,data/raw/fakeavceleb/FakeAVCeleb_v1.2/FakeAVCeleb_v1.2/FakeVideo-RealAudio/Asian (South)/women/id04927/00013_id00747_wavtolip.mp4,00013_id00747_wavtolip.mp4,FakeAVCeleb,FakeVideo-RealAudio,VISUAL_MANIPULATION,1,0,1,id04927,Asian (South),women,13,id00747,wav2lip,4,calibration
fac_89f6a74fdfaf,data/raw/fakeavceleb/FakeAVCeleb_v1.2/FakeAVCeleb_v1.2/FakeVideo-RealAudio/Asian (South)/women/id04927/00013_id01026_rM4ZERt7oM0.mp4,00013_id01026_rM4ZERt7oM0.mp4,FakeAVCeleb,FakeVideo-RealAudio,VISUAL_MANIPULATION,1,0,1,id04927,Asian (South),women,13,id01026,unknown,4,calibration
fac_1e05f4b91a91,data/raw/fakeavceleb/FakeAVCeleb_v1.2/FakeAVCeleb_v1.2/FakeVideo-RealAudio/Asian (South)/women/id04927/00013_id03559_pgetxl1qbzM.mp4,00013_id03559_pgetxl1qbzM.mp4,FakeAVCeleb,FakeVideo-RealAudio,VISUAL_MANIPULATION,1,0,1,id04927,Asian (South),women,13,id03559,unknown,4,calibration
fac_7cbd041c4c65,data/raw/fakeavceleb/FakeAVCeleb_v1.2/FakeAVCeleb_v1.2/FakeVideo-RealAudio/Asian (South)/women/id04927/00013_id04070_wavtolip.mp4,00013_id04070_wavtolip.mp4,FakeAVCeleb,FakeVideo-RealAudio,VISUAL_MANIPULATION,1,0,1,id04927,Asian (South),women,13,id04070,wav2lip,4,calibration
fac_c40f1f2e48bc,data/raw/fakeavceleb/FakeAVCeleb_v1.2/FakeAVCeleb_v1.2/FakeVideo-RealAudio/Asian (South)/women/id04927/00013_id04490_wavtolip.mp4,00013_id04490_wavtolip.mp4,FakeAVCeleb,FakeVideo-RealAudio,VISUAL_MANIPULATION,1,0,1,id04927,Asian (South),women,13,id04490,wav2lip,4,calibration
fac_f0b2d1e76d74,data/raw/fakeavceleb/FakeAVCeleb_v1.2/FakeAVCeleb_v1.2/FakeVideo-RealAudio/Asian (South)/women/id04927/00013_id04529_wavtolip.mp4,00013_id04529_wavtolip.mp4,FakeAVCeleb,FakeVideo-RealAudio,VISUAL_MANIPULATION,1,0,1,id04927,Asian (South),women,13,id04529,wav2lip,4,calibration
fac_f2d9be5d23a2,data/raw/fakeavceleb/FakeAVCeleb_v1.2/FakeAVCeleb_v1.2/FakeVideo-RealAudio/Asian (South)/women/id04927/00013_id05434_6p7kCmdOjDQ.mp4,00013_id05434_6p7kCmdOjDQ.mp4,FakeAVCeleb,FakeVideo-RealAudio,VISUAL_MANIPULATION,1,0,1,id04927,Asian (South),women,13,id05434,unknown,4,calibration
fac_4b3e105218ea,data/raw/fakeavceleb/FakeAVCeleb_v1.2/FakeAVCeleb_v1.2/FakeVideo-RealAudio/Asian (South)/women/id04927/00013_id05478_VJkjRzPt-Jw.mp4,00013_id05478_VJkjRzPt-Jw.mp4,FakeAVCeleb,FakeVideo-RealAudio,VISUAL_MANIPULATION,1,0,1,id04927,Asian (South),women,13,id05478,unknown,4,calibration
fac_4b701d99ded4,data/raw/fakeavceleb/FakeAVCeleb_v1.2/FakeAVCeleb_v1.2/FakeVideo-RealAudio/Asian (South)/women/id04927/00013_id05931_bFqu86NV3hk.mp4,00013_id05931_bFqu86NV3hk.mp4,FakeAVCeleb,FakeVideo-RealAudio,VISUAL_MANIPULATION,1,0,1,id04927,Asian (South),women,13,id05931,unknown,4,calibration
fac_2bfd0a7f31b8,data/raw/fakeavceleb/FakeAVCeleb_v1.2/FakeAVCeleb_v1.2/FakeVideo-RealAudio/Asian (South)/women/id04927/00013_id06437_wavtolip.mp4,00013_id06437_wavtolip.mp4,FakeAVCeleb,FakeVideo-RealAudio,VISUAL_MANIPULATION,1,0,1,id04927,Asian (South),women,13,id06437,wav2lip,4,calibration
fac_ddc8aa4d45d1,data/raw/fakeavceleb/FakeAVCeleb_v1.2/FakeAVCeleb_v1.2/FakeVideo-RealAudio/Asian (South)/women/id04927/00013_id06445_wavtolip.mp4,00013_id06445_wavtolip.mp4,FakeAVCeleb,FakeVideo-RealAudio,VISUAL_MANIPULATION,1,0,1,id04927,Asian (South),women,13,id06445,wav2lip,4,calibration
fac_3c5c3a13e0d7,data/raw/fakeavceleb/FakeAVCeleb_v1.2/FakeAVCeleb_v1.2/FakeVideo-RealAudio/Asian (South)/women/id04927/00013_id07008_wavtolip.mp4,00013_id07008_wavtolip.mp4,FakeAVCeleb,FakeVideo-RealAudio,VISUAL_MANIPULATION,1,0,1,id04927,Asian (South),women,13,id07008,wav2lip,4,calibration
fac_7d5c530d8342,data/raw/fakeavceleb/FakeAVCeleb_v1.2/FakeAVCeleb_v1.2/FakeVideo-RealAudio/Asian (South)/women/id04927/00013_id07377_wavtolip.mp4,00013_id07377_wavtolip.mp4,FakeAVCeleb,FakeVideo-RealAudio,VISUAL_MANIPULATION,1,0,1,id04927,Asian (South),women,13,id07377,wav2lip,4,calibration
fac_156ee02ed470,data/raw/fakeavceleb/FakeAVCeleb_v1.2/FakeAVCeleb_v1.2/FakeVideo-RealAudio/Asian (South)/women/id04927/00013_id07689_wavtolip.mp4,00013_id07689_wavtolip.mp4,FakeAVCeleb,FakeVideo-RealAudio,VISUAL_MANIPULATION,1,0,1,id04927,Asian (South),women,13,id07689,wav2lip,4,calibration
fac_7255d94e5d5f,data/raw/fakeavceleb/FakeAVCeleb_v1.2/FakeAVCeleb_v1.2/FakeVideo-RealAudio/Asian (South)/women/id05434/00052_0.mp4,00052_0.mp4,FakeAVCeleb,FakeVideo-RealAudio,VISUAL_MANIPULATION,1,0,1,id05434,Asian (South),women,52,,unknown,4,calibration
fac_868825955648,data/raw/fakeavceleb/FakeAVCeleb_v1.2/FakeAVCeleb_v1.2/FakeVideo-RealAudio/Asian (South)/women/id05434/00052_id00149_wavtolip.mp4,00052_id00149_wavtolip.mp4,FakeAVCeleb,FakeVideo-RealAudio,VISUAL_MANIPULATION,1,0,1,id05434,Asian (South),women,52,id00149,wav2lip,4,calibration
fac_c0cf478afec1,data/raw/fakeavceleb/FakeAVCeleb_v1.2/FakeAVCeleb_v1.2/FakeVideo-RealAudio/Asian (South)/women/id05434/00052_id00417_GhIZam3v09g.mp4,00052_id00417_GhIZam3v09g.mp4,FakeAVCeleb,FakeVideo-RealAudio,VISUAL_MANIPULATION,1,0,1,id05434,Asian (South),women,52,id00417,unknown,4,calibration
fac_c2c0869a139d,data/raw/fakeavceleb/FakeAVCeleb_v1.2/FakeAVCeleb_v1.2/FakeVideo-RealAudio/Asian (South)/women/id05434/00052_id00417_GhIZam3v09g_faceswap.mp4,00052_id00417_GhIZam3v09g_faceswap.mp4,FakeAVCeleb,FakeVideo-RealAudio,VISUAL_MANIPULATION,1,0,1,id05434,Asian (South),women,52,id00417,faceswap,4,calibration
fac_86875ab2086d,data/raw/fakeavceleb/FakeAVCeleb_v1.2/FakeAVCeleb_v1.2/FakeVideo-RealAudio/Asian (South)/women/id05434/00052_id00461_wavtolip.mp4,00052_id00461_wavtolip.mp4,FakeAVCeleb,FakeVideo-RealAudio,VISUAL_MANIPULATION,1,0,1,id05434,Asian (South),women,52,id00461,wav2lip,4,calibration
fac_385590bee448,data/raw/fakeavceleb/FakeAVCeleb_v1.2/FakeAVCeleb_v1.2/FakeVideo-RealAudio/Asian (South)/women/id05434/00052_id00488_wavtolip.mp4,00052_id00488_wavtolip.mp4,FakeAVCeleb,FakeVideo-RealAudio,VISUAL_MANIPULATION,1,0,1,id05434,Asian (South),women,52,id00488,wav2lip,4,calibration
fac_0bc120cd9d1d,data/raw/fakeavceleb/FakeAVCeleb_v1.2/FakeAVCeleb_v1.2/FakeVideo-RealAudio/Asian (South)/women/id05434/00052_id01026_rM4ZERt7oM0.mp4,00052_id01026_rM4ZERt7oM0.mp4,FakeAVCeleb,FakeVideo-RealAudio,VISUAL_MANIPULATION,1,0,1,id05434,Asian (South),women,52,id01026,unknown,4,calibration
fac_292c13561dfc,data/raw/fakeavceleb/FakeAVCeleb_v1.2/FakeAVCeleb_v1.2/FakeVideo-RealAudio/Asian (South)/women/id05434/00052_id03559_wavtolip.mp4,00052_id03559_wavtolip.mp4,FakeAVCeleb,FakeVideo-RealAudio,VISUAL_MANIPULATION,1,0,1,id05434,Asian (South),women,52,id03559,wav2lip,4,calibration
fac_357d5906b059,data/raw/fakeavceleb/FakeAVCeleb_v1.2/FakeAVCeleb_v1.2/FakeVideo-RealAudio/Asian (South)/women/id05434/00052_id03897_wavtolip.mp4,00052_id03897_wavtolip.mp4,FakeAVCeleb,FakeVideo-RealAudio,VISUAL_MANIPULATION,1,0,1,id05434,Asian (South),women,52,id03897,wav2lip,4,calibration
fac_f16bb39940f5,data/raw/fakeavceleb/FakeAVCeleb_v1.2/FakeAVCeleb_v1.2/FakeVideo-RealAudio/Asian (South)/women/id05434/00052_id04490_wavtolip.mp4,00052_id04490_wavtolip.mp4,FakeAVCeleb,FakeVideo-RealAudio,VISUAL_MANIPULATION,1,0,1,id05434,Asian (South),women,52,id04490,wav2lip,4,calibration
fac_6331eabe9070,data/raw/fakeavceleb/FakeAVCeleb_v1.2/FakeAVCeleb_v1.2/FakeVideo-RealAudio/Asian (South)/women/id05434/00052_id04583_M10zZFjuAb0.mp4,00052_id04583_M10zZFjuAb0.mp4,FakeAVCeleb,FakeVideo-RealAudio,VISUAL_MANIPULATION,1,0,1,id05434,Asian (South),women,52,id04583,unknown,4,calibration
fac_7ccce712a84f,data/raw/fakeavceleb/FakeAVCeleb_v1.2/FakeAVCeleb_v1.2/FakeVideo-RealAudio/Asian (South)/women/id05434/00052_id04927_8MD618FRyfA.mp4,00052_id04927_8MD618FRyfA.mp4,FakeAVCeleb,FakeVideo-RealAudio,VISUAL_MANIPULATION,1,0,1,id05434,Asian (South),women,52,id04927,unknown,4,calibration
fac_e6f6056e65ce,data/raw/fakeavceleb/FakeAVCeleb_v1.2/FakeAVCeleb_v1.2/FakeVideo-RealAudio/Asian (South)/women/id05434/00052_id04927_wavtolip.mp4,00052_id04927_wavtolip.mp4,FakeAVCeleb,FakeVideo-RealAudio,VISUAL_MANIPULATION,1,0,1,id05434,Asian (South),women,52,id04927,wav2lip,4,calibration
fac_589836111583,data/raw/fakeavceleb/FakeAVCeleb_v1.2/FakeAVCeleb_v1.2/FakeVideo-RealAudio/Asian (South)/women/id05434/00052_id05845_XfMHm6CEwPw.mp4,00052_id05845_XfMHm6CEwPw.mp4,FakeAVCeleb,FakeVideo-RealAudio,VISUAL_MANIPULATION,1,0,1,id05434,Asian (South),women,52,id05845,unknown,4,calibration
fac_c37b937b8c29,data/raw/fakeavceleb/FakeAVCeleb_v1.2/FakeAVCeleb_v1.2/FakeVideo-RealAudio/Asian (South)/women/id05434/00052_id05920_wavtolip.mp4,00052_id05920_wavtolip.mp4,FakeAVCeleb,FakeVideo-RealAudio,VISUAL_MANIPULATION,1,0,1,id05434,Asian (South),women,52,id05920,wav2lip,4,calibration
fac_5f563402439e,data/raw/fakeavceleb/FakeAVCeleb_v1.2/FakeAVCeleb_v1.2/FakeVideo-RealAudio/Asian (South)/women/id05434/00052_id05931_bFqu86NV3hk.mp4,00052_id05931_bFqu86NV3hk.mp4,FakeAVCeleb,FakeVideo-RealAudio,VISUAL_MANIPULATION,1,0,1,id05434,Asian (South),women,52,id05931,unknown,4,calibration
fac_df1201665c4e,data/raw/fakeavceleb/FakeAVCeleb_v1.2/FakeAVCeleb_v1.2/FakeVideo-RealAudio/Asian (South)/women/id05434/00052_id06428_A9nvRKd1afA.mp4,00052_id06428_A9nvRKd1afA.mp4,FakeAVCeleb,FakeVideo-RealAudio,VISUAL_MANIPULATION,1,0,1,id05434,Asian (South),women,52,id06428,unknown,4,calibration
fac_0f5520f1ccc1,data/raw/fakeavceleb/FakeAVCeleb_v1.2/FakeAVCeleb_v1.2/FakeVideo-RealAudio/Asian (South)/women/id05434/00052_id06428_wavtolip.mp4,00052_id06428_wavtolip.mp4,FakeAVCeleb,FakeVideo-RealAudio,VISUAL_MANIPULATION,1,0,1,id05434,Asian (South),women,52,id06428,wav2lip,4,calibration
fac_2df918f1c821,data/raw/fakeavceleb/FakeAVCeleb_v1.2/FakeAVCeleb_v1.2/FakeVideo-RealAudio/Asian (South)/women/id05434/00052_id06439_wavtolip.mp4,00052_id06439_wavtolip.mp4,FakeAVCeleb,FakeVideo-RealAudio,VISUAL_MANIPULATION,1,0,1,id05434,Asian (South),women,52,id06439,wav2lip,4,calibration
fac_98c28735629e,data/raw/fakeavceleb/FakeAVCeleb_v1.2/FakeAVCeleb_v1.2/FakeVideo-RealAudio/Asian (South)/women/id05434/00052_id06445_NWtdqOxEbDY.mp4,00052_id06445_NWtdqOxEbDY.mp4,FakeAVCeleb,FakeVideo-RealAudio,VISUAL_MANIPULATION,1,0,1,id05434,Asian (South),women,52,id06445,unknown,4,calibration
fac_743c19be4693,data/raw/fakeavceleb/FakeAVCeleb_v1.2/FakeAVCeleb_v1.2/FakeVideo-RealAudio/Asian (South)/women/id05435/00107_id00149_wavtolip.mp4,00107_id00149_wavtolip.mp4,FakeAVCeleb,FakeVideo-RealAudio,VISUAL_MANIPULATION,1,0,1,id05435,Asian (South),women,107,id00149,wav2lip,4,calibration
fac_d5b2edb8396f,data/raw/fakeavceleb/FakeAVCeleb_v1.2/FakeAVCeleb_v1.2/FakeVideo-RealAudio/Asian (South)/women/id05435/00107_id00235_wavtolip.mp4,00107_id00235_wavtolip.mp4,FakeAVCeleb,FakeVideo-RealAudio,VISUAL_MANIPULATION,1,0,1,id05435,Asian (South),women,107,id00235,wav2lip,4,calibration
fac_33a4fbe10b31,data/raw/fakeavceleb/FakeAVCeleb_v1.2/FakeAVCeleb_v1.2/FakeVideo-RealAudio/Asian (South)/women/id05435/00107_id00488_F3YxmZ9CYFw.mp4,00107_id00488_F3YxmZ9CYFw.mp4,FakeAVCeleb,FakeVideo-RealAudio,VISUAL_MANIPULATION,1,0,1,id05435,Asian (South),women,107,id00488,unknown,4,calibration
fac_85b17402812e,data/raw/fakeavceleb/FakeAVCeleb_v1.2/FakeAVCeleb_v1.2/FakeVideo-RealAudio/Asian (South)/women/id05435/00107_id00488_F3YxmZ9CYFw_faceswap.mp4,00107_id00488_F3YxmZ9CYFw_faceswap.mp4,FakeAVCeleb,FakeVideo-RealAudio,VISUAL_MANIPULATION,1,0,1,id05435,Asian (South),women,107,id00488,faceswap,4,calibration
fac_73d60b69a6cf,data/raw/fakeavceleb/FakeAVCeleb_v1.2/FakeAVCeleb_v1.2/FakeVideo-RealAudio/Asian (South)/women/id05435/00107_id03985_01aVtyjfVFM.mp4,00107_id03985_01aVtyjfVFM.mp4,FakeAVCeleb,FakeVideo-RealAudio,VISUAL_MANIPULATION,1,0,1,id05435,Asian (South),women,107,id03985,unknown,4,calibration
fac_2906c54b560a,data/raw/fakeavceleb/FakeAVCeleb_v1.2/FakeAVCeleb_v1.2/FakeVideo-RealAudio/Asian (South)/women/id05435/00107_id04070_wavtolip.mp4,00107_id04070_wavtolip.mp4,FakeAVCeleb,FakeVideo-RealAudio,VISUAL_MANIPULATION,1,0,1,id05435,Asian (South),women,107,id04070,wav2lip,4,calibration
fac_abfa9db822fa,data/raw/fakeavceleb/FakeAVCeleb_v1.2/FakeAVCeleb_v1.2/FakeVideo-RealAudio/Asian (South)/women/id05435/00107_id04529_S92uo-UShxE.mp4,00107_id04529_S92uo-UShxE.mp4,FakeAVCeleb,FakeVideo-RealAudio,VISUAL_MANIPULATION,1,0,1,id05435,Asian (South),women,107,id04529,unknown,4,calibration
fac_ebf9a3773710,data/raw/fakeavceleb/FakeAVCeleb_v1.2/FakeAVCeleb_v1.2/FakeVideo-RealAudio/Asian (South)/women/id05435/00107_id04530_W5-PTTL9HzU.mp4,00107_id04530_W5-PTTL9HzU.mp4,FakeAVCeleb,FakeVideo-RealAudio,VISUAL_MANIPULATION,1,0,1,id05435,Asian (South),women,107,id04530,unknown,4,calibration
fac_c2ae0946059b,data/raw/fakeavceleb/FakeAVCeleb_v1.2/FakeAVCeleb_v1.2/FakeVideo-RealAudio/Asian (South)/women/id05435/00107_id04530_wavtolip.mp4,00107_id04530_wavtolip.mp4,FakeAVCeleb,FakeVideo-RealAudio,VISUAL_MANIPULATION,1,0,1,id05435,Asian (South),women,107,id04530,wav2lip,4,calibration
fac_1f024e030843,data/raw/fakeavceleb/FakeAVCeleb_v1.2/FakeAVCeleb_v1.2/FakeVideo-RealAudio/Asian (South)/women/id05435/00107_id04564_wavtolip.mp4,00107_id04564_wavtolip.mp4,FakeAVCeleb,FakeVideo-RealAudio,VISUAL_MANIPULATION,1,0,1,id05435,Asian (South),women,107,id04564,wav2lip,4,calibration
fac_c9a2d034463c,data/raw/fakeavceleb/FakeAVCeleb_v1.2/FakeAVCeleb_v1.2/FakeVideo-RealAudio/Asian (South)/women/id05435/00107_id05478_VJkjRzPt-Jw.mp4,00107_id05478_VJkjRzPt-Jw.mp4,FakeAVCeleb,FakeVideo-RealAudio,VISUAL_MANIPULATION,1,0,1,id05435,Asian (South),women,107,id05478,unknown,4,calibration
fac_39d937cc2a7f,data/raw/fakeavceleb/FakeAVCeleb_v1.2/FakeAVCeleb_v1.2/FakeVideo-RealAudio/Asian (South)/women/id05435/00107_id05845_XfMHm6CEwPw.mp4,00107_id05845_XfMHm6CEwPw.mp4,FakeAVCeleb,FakeVideo-RealAudio,VISUAL_MANIPULATION,1,0,1,id05435,Asian (South),women,107,id05845,unknown,4,calibration
fac_ec3b448424d4,data/raw/fakeavceleb/FakeAVCeleb_v1.2/FakeAVCeleb_v1.2/FakeVideo-RealAudio/Asian (South)/women/id05435/00107_id05845_wavtolip.mp4,00107_id05845_wavtolip.mp4,FakeAVCeleb,FakeVideo-RealAudio,VISUAL_MANIPULATION,1,0,1,id05435,Asian (South),women,107,id05845,wav2lip,4,calibration
fac_f06fbd98d550,data/raw/fakeavceleb/FakeAVCeleb_v1.2/FakeAVCeleb_v1.2/FakeVideo-RealAudio/Asian (South)/women/id05435/00107_id05931_wavtolip.mp4,00107_id05931_wavtolip.mp4,FakeAVCeleb,FakeVideo-RealAudio,VISUAL_MANIPULATION,1,0,1,id05435,Asian (South),women,107,id05931,wav2lip,4,calibration
fac_b4ed3d329c13,data/raw/fakeavceleb/FakeAVCeleb_v1.2/FakeAVCeleb_v1.2/FakeVideo-RealAudio/Asian (South)/women/id05435/00107_id06437_wavtolip.mp4,00107_id06437_wavtolip.mp4,FakeAVCeleb,FakeVideo-RealAudio,VISUAL_MANIPULATION,1,0,1,id05435,Asian (South),women,107,id06437,wav2lip,4,calibration
fac_b9ddb01c6efa,data/raw/fakeavceleb/FakeAVCeleb_v1.2/FakeAVCeleb_v1.2/FakeVideo-RealAudio/Asian (South)/women/id05435/00107_id07051_d1c0Pl2aP_4.mp4,00107_id07051_d1c0Pl2aP_4.mp4,FakeAVCeleb,FakeVideo-RealAudio,VISUAL_MANIPULATION,1,0,1,id05435,Asian (South),women,107,id07051,unknown,4,calibration
fac_0dfcd14b0ceb,data/raw/fakeavceleb/FakeAVCeleb_v1.2/FakeAVCeleb_v1.2/FakeVideo-RealAudio/Asian (South)/women/id05435/00107_id07136_4e43eS5p3_M.mp4,00107_id07136_4e43eS5p3_M.mp4,FakeAVCeleb,FakeVideo-RealAudio,VISUAL_MANIPULATION,1,0,1,id05435,Asian (South),women,107,id07136,unknown,4,calibration
fac_0ac971a17c7c,data/raw/fakeavceleb/FakeAVCeleb_v1.2/FakeAVCeleb_v1.2/FakeVideo-RealAudio/Asian (South)/women/id05435/00107_id07377_wavtolip.mp4,00107_id07377_wavtolip.mp4,FakeAVCeleb,FakeVideo-RealAudio,VISUAL_MANIPULATION,1,0,1,id05435,Asian (South),women,107,id07377,wav2lip,4,calibration
fac_9391e899b65d,data/raw/fakeavceleb/FakeAVCeleb_v1.2/FakeAVCeleb_v1.2/FakeVideo-RealAudio/Asian (South)/women/id05435/00107_id07689_wavtolip.mp4,00107_id07689_wavtolip.mp4,FakeAVCeleb,FakeVideo-RealAudio,VISUAL_MANIPULATION,1,0,1,id05435,Asian (South),women,107,id07689,wav2lip,4,calibration
fac_f8931d455ab4,data/raw/fakeavceleb/FakeAVCeleb_v1.2/FakeAVCeleb_v1.2/FakeVideo-RealAudio/Asian (South)/women/id05478/00135_0.mp4,00135_0.mp4,FakeAVCeleb,FakeVideo-RealAudio,VISUAL_MANIPULATION,1,0,1,id05478,Asian (South),women,135,,unknown,4,calibration
fac_3a43858eead5,data/raw/fakeavceleb/FakeAVCeleb_v1.2/FakeAVCeleb_v1.2/FakeVideo-RealAudio/Asian (South)/women/id05478/00135_id00043_wavtolip.mp4,00135_id00043_wavtolip.mp4,FakeAVCeleb,FakeVideo-RealAudio,VISUAL_MANIPULATION,1,0,1,id05478,Asian (South),women,135,id00043,wav2lip,4,calibration
fac_39f504e39810,data/raw/fakeavceleb/FakeAVCeleb_v1.2/FakeAVCeleb_v1.2/FakeVideo-RealAudio/Asian (South)/women/id05478/00135_id00235_F7aHtfdzytQ.mp4,00135_id00235_F7aHtfdzytQ.mp4,FakeAVCeleb,FakeVideo-RealAudio,VISUAL_MANIPULATION,1,0,1,id05478,Asian (South),women,135,id00235,unknown,4,calibration
fac_fa2bfaf112a5,data/raw/fakeavceleb/FakeAVCeleb_v1.2/FakeAVCeleb_v1.2/FakeVideo-RealAudio/Asian (South)/women/id05478/00135_id00461_wavtolip.mp4,00135_id00461_wavtolip.mp4,FakeAVCeleb,FakeVideo-RealAudio,VISUAL_MANIPULATION,1,0,1,id05478,Asian (South),women,135,id00461,wav2lip,4,calibration
fac_43e42101e14b,data/raw/fakeavceleb/FakeAVCeleb_v1.2/FakeAVCeleb_v1.2/FakeVideo-RealAudio/Asian (South)/women/id05478/00135_id00488_F3YxmZ9CYFw.mp4,00135_id00488_F3YxmZ9CYFw.mp4,FakeAVCeleb,FakeVideo-RealAudio,VISUAL_MANIPULATION,1,0,1,id05478,Asian (South),women,135,id00488,unknown,4,calibration
fac_b44880aeb834,data/raw/fakeavceleb/FakeAVCeleb_v1.2/FakeAVCeleb_v1.2/FakeVideo-RealAudio/Asian (South)/women/id05478/00135_id02619_wavtolip.mp4,00135_id02619_wavtolip.mp4,FakeAVCeleb,FakeVideo-RealAudio,VISUAL_MANIPULATION,1,0,1,id05478,Asian (South),women,135,id02619,wav2lip,4,calibration
fac_839a17884e9a,data/raw/fakeavceleb/FakeAVCeleb_v1.2/FakeAVCeleb_v1.2/FakeVideo-RealAudio/Asian (South)/women/id05478/00135_id03559_pgetxl1qbzM.mp4,00135_id03559_pgetxl1qbzM.mp4,FakeAVCeleb,FakeVideo-RealAudio,VISUAL_MANIPULATION,1,0,1,id05478,Asian (South),women,135,id03559,unknown,4,calibration
fac_53594edfd238,data/raw/fakeavceleb/FakeAVCeleb_v1.2/FakeAVCeleb_v1.2/FakeVideo-RealAudio/Asian (South)/women/id05478/00135_id04583_M10zZFjuAb0.mp4,00135_id04583_M10zZFjuAb0.mp4,FakeAVCeleb,FakeVideo-RealAudio,VISUAL_MANIPULATION,1,0,1,id05478,Asian (South),women,135,id04583,unknown,4,calibration
fac_7adbe50c0314,data/raw/fakeavceleb/FakeAVCeleb_v1.2/FakeAVCeleb_v1.2/FakeVideo-RealAudio/Asian (South)/women/id05478/00135_id04927_8MD618FRyfA.mp4,00135_id04927_8MD618FRyfA.mp4,FakeAVCeleb,FakeVideo-RealAudio,VISUAL_MANIPULATION,1,0,1,id05478,Asian (South),women,135,id04927,unknown,4,calibration
fac_7c696eb54e84,data/raw/fakeavceleb/FakeAVCeleb_v1.2/FakeAVCeleb_v1.2/FakeVideo-RealAudio/Asian (South)/women/id05478/00135_id05435_OvX-Jv_whcU.mp4,00135_id05435_OvX-Jv_whcU.mp4,FakeAVCeleb,FakeVideo-RealAudio,VISUAL_MANIPULATION,1,0,1,id05478,Asian (South),women,135,id05435,unknown,4,calibration
fac_c79a37fddd6e,data/raw/fakeavceleb/FakeAVCeleb_v1.2/FakeAVCeleb_v1.2/FakeVideo-RealAudio/Asian (South)/women/id05478/00135_id05845_XfMHm6CEwPw.mp4,00135_id05845_XfMHm6CEwPw.mp4,FakeAVCeleb,FakeVideo-RealAudio,VISUAL_MANIPULATION,1,0,1,id05478,Asian (South),women,135,id05845,unknown,4,calibration
fac_f38064f3f32b,data/raw/fakeavceleb/FakeAVCeleb_v1.2/FakeAVCeleb_v1.2/FakeVideo-RealAudio/Asian (South)/women/id05478/00135_id05845_XfMHm6CEwPw_faceswap.mp4,00135_id05845_XfMHm6CEwPw_faceswap.mp4,FakeAVCeleb,FakeVideo-RealAudio,VISUAL_MANIPULATION,1,0,1,id05478,Asian (South),women,135,id05845,faceswap,4,calibration
fac_44b0756df0dd,data/raw/fakeavceleb/FakeAVCeleb_v1.2/FakeAVCeleb_v1.2/FakeVideo-RealAudio/Asian (South)/women/id05478/00135_id05920_wavtolip.mp4,00135_id05920_wavtolip.mp4,FakeAVCeleb,FakeVideo-RealAudio,VISUAL_MANIPULATION,1,0,1,id05478,Asian (South),women,135,id05920,wav2lip,4,calibration
fac_7a4d1e67e356,data/raw/fakeavceleb/FakeAVCeleb_v1.2/FakeAVCeleb_v1.2/FakeVideo-RealAudio/Asian (South)/women/id05478/00135_id06232_wavtolip.mp4,00135_id06232_wavtolip.mp4,FakeAVCeleb,FakeVideo-RealAudio,VISUAL_MANIPULATION,1,0,1,id05478,Asian (South),women,135,id06232,wav2lip,4,calibration
fac_2bd4d2cbb966,data/raw/fakeavceleb/FakeAVCeleb_v1.2/FakeAVCeleb_v1.2/FakeVideo-RealAudio/Asian (South)/women/id05478/00135_id06268_wavtolip.mp4,00135_id06268_wavtolip.mp4,FakeAVCeleb,FakeVideo-RealAudio,VISUAL_MANIPULATION,1,0,1,id05478,Asian (South),women,135,id06268,wav2lip,4,calibration
fac_5642779a1fc3,data/raw/fakeavceleb/FakeAVCeleb_v1.2/FakeAVCeleb_v1.2/FakeVideo-RealAudio/Asian (South)/women/id05478/00135_id06438_vf3xBVgYqYA.mp4,00135_id06438_vf3xBVgYqYA.mp4,FakeAVCeleb,FakeVideo-RealAudio,VISUAL_MANIPULATION,1,0,1,id05478,Asian (South),women,135,id06438,unknown,4,calibration
fac_2220445a6955,data/raw/fakeavceleb/FakeAVCeleb_v1.2/FakeAVCeleb_v1.2/FakeVideo-RealAudio/Asian (South)/women/id05478/00135_id06439_wavtolip.mp4,00135_id06439_wavtolip.mp4,FakeAVCeleb,FakeVideo-RealAudio,VISUAL_MANIPULATION,1,0,1,id05478,Asian (South),women,135,id06439,wav2lip,4,calibration
fac_6a6b1c34d820,data/raw/fakeavceleb/FakeAVCeleb_v1.2/FakeAVCeleb_v1.2/FakeVideo-RealAudio/Asian (South)/women/id05478/00135_id06752_wavtolip.mp4,00135_id06752_wavtolip.mp4,FakeAVCeleb,FakeVideo-RealAudio,VISUAL_MANIPULATION,1,0,1,id05478,Asian (South),women,135,id06752,wav2lip,4,calibration
fac_4e75b99f5635,data/raw/fakeavceleb/FakeAVCeleb_v1.2/FakeAVCeleb_v1.2/FakeVideo-RealAudio/Asian (South)/women/id05478/00135_id07051_wavtolip.mp4,00135_id07051_wavtolip.mp4,FakeAVCeleb,FakeVideo-RealAudio,VISUAL_MANIPULATION,1,0,1,id05478,Asian (South),women,135,id07051,wav2lip,4,calibration
fac_4337a91622c5,data/raw/fakeavceleb/FakeAVCeleb_v1.2/FakeAVCeleb_v1.2/FakeVideo-RealAudio/Asian (South)/women/id05478/00135_id07377_wavtolip.mp4,00135_id07377_wavtolip.mp4,FakeAVCeleb,FakeVideo-RealAudio,VISUAL_MANIPULATION,1,0,1,id05478,Asian (South),women,135,id07377,wav2lip,4,calibration
fac_5a5a3a06582c,data/raw/fakeavceleb/FakeAVCeleb_v1.2/FakeAVCeleb_v1.2/FakeVideo-RealAudio/Asian (South)/women/id05845/00027_id00080_wavtolip.mp4,00027_id00080_wavtolip.mp4,FakeAVCeleb,FakeVideo-RealAudio,VISUAL_MANIPULATION,1,0,1,id05845,Asian (South),women,27,id00080,wav2lip,4,calibration
fac_88f82af275eb,data/raw/fakeavceleb/FakeAVCeleb_v1.2/FakeAVCeleb_v1.2/FakeVideo-RealAudio/Asian (South)/women/id05845/00027_id00417_GhIZam3v09g.mp4,00027_id00417_GhIZam3v09g.mp4,FakeAVCeleb,FakeVideo-RealAudio,VISUAL_MANIPULATION,1,0,1,id05845,Asian (South),women,27,id00417,unknown,4,calibration
fac_3c3c2eab4419,data/raw/fakeavceleb/FakeAVCeleb_v1.2/FakeAVCeleb_v1.2/FakeVideo-RealAudio/Asian (South)/women/id05845/00027_id00739_wavtolip.mp4,00027_id00739_wavtolip.mp4,FakeAVCeleb,FakeVideo-RealAudio,VISUAL_MANIPULATION,1,0,1,id05845,Asian (South),women,27,id00739,wav2lip,4,calibration
fac_da6988e636a4,data/raw/fakeavceleb/FakeAVCeleb_v1.2/FakeAVCeleb_v1.2/FakeVideo-RealAudio/Asian (South)/women/id05845/00027_id02310_wavtolip.mp4,00027_id02310_wavtolip.mp4,FakeAVCeleb,FakeVideo-RealAudio,VISUAL_MANIPULATION,1,0,1,id05845,Asian (South),women,27,id02310,wav2lip,4,calibration
fac_2d960ef9cf08,data/raw/fakeavceleb/FakeAVCeleb_v1.2/FakeAVCeleb_v1.2/FakeVideo-RealAudio/Asian (South)/women/id05845/00027_id02619_6AKIR2gTCNU.mp4,00027_id02619_6AKIR2gTCNU.mp4,FakeAVCeleb,FakeVideo-RealAudio,VISUAL_MANIPULATION,1,0,1,id05845,Asian (South),women,27,id02619,unknown,4,calibration
fac_ca1f4c40fa24,data/raw/fakeavceleb/FakeAVCeleb_v1.2/FakeAVCeleb_v1.2/FakeVideo-RealAudio/Asian (South)/women/id05845/00027_id04490_wavtolip.mp4,00027_id04490_wavtolip.mp4,FakeAVCeleb,FakeVideo-RealAudio,VISUAL_MANIPULATION,1,0,1,id05845,Asian (South),women,27,id04490,wav2lip,4,calibration
fac_1c8b2ed6b98e,data/raw/fakeavceleb/FakeAVCeleb_v1.2/FakeAVCeleb_v1.2/FakeVideo-RealAudio/Asian (South)/women/id05845/00027_id04564_wavtolip.mp4,00027_id04564_wavtolip.mp4,FakeAVCeleb,FakeVideo-RealAudio,VISUAL_MANIPULATION,1,0,1,id05845,Asian (South),women,27,id04564,wav2lip,4,calibration
fac_e3186fbf3207,data/raw/fakeavceleb/FakeAVCeleb_v1.2/FakeAVCeleb_v1.2/FakeVideo-RealAudio/Asian (South)/women/id05845/00027_id04583_M10zZFjuAb0.mp4,00027_id04583_M10zZFjuAb0.mp4,FakeAVCeleb,FakeVideo-RealAudio,VISUAL_MANIPULATION,1,0,1,id05845,Asian (South),women,27,id04583,unknown,4,calibration
fac_d0e41b5f1e2f,data/raw/fakeavceleb/FakeAVCeleb_v1.2/FakeAVCeleb_v1.2/FakeVideo-RealAudio/Asian (South)/women/id05845/00027_id05435_OvX-Jv_whcU.mp4,00027_id05435_OvX-Jv_whcU.mp4,FakeAVCeleb,FakeVideo-RealAudio,VISUAL_MANIPULATION,1,0,1,id05845,Asian (South),women,27,id05435,unknown,4,calibration
fac_d630e61b844a,data/raw/fakeavceleb/FakeAVCeleb_v1.2/FakeAVCeleb_v1.2/FakeVideo-RealAudio/Asian (South)/women/id05845/00027_id05478_VJkjRzPt-Jw.mp4,00027_id05478_VJkjRzPt-Jw.mp4,FakeAVCeleb,FakeVideo-RealAudio,VISUAL_MANIPULATION,1,0,1,id05845,Asian (South),women,27,id05478,unknown,4,calibration
fac_cc49dfbcad10,data/raw/fakeavceleb/FakeAVCeleb_v1.2/FakeAVCeleb_v1.2/FakeVideo-RealAudio/Asian (South)/women/id05845/00027_id05478_VJkjRzPt-Jw_faceswap.mp4,00027_id05478_VJkjRzPt-Jw_faceswap.mp4,FakeAVCeleb,FakeVideo-RealAudio,VISUAL_MANIPULATION,1,0,1,id05845,Asian (South),women,27,id05478,faceswap,4,calibration
fac_18fae74121f6,data/raw/fakeavceleb/FakeAVCeleb_v1.2/FakeAVCeleb_v1.2/FakeVideo-RealAudio/Asian (South)/women/id05845/00027_id05845_wavtolip.mp4,00027_id05845_wavtolip.mp4,FakeAVCeleb,FakeVideo-RealAudio,VISUAL_MANIPULATION,1,0,1,id05845,Asian (South),women,27,id05845,wav2lip,4,calibration
fac_f6414003dfd8,data/raw/fakeavceleb/FakeAVCeleb_v1.2/FakeAVCeleb_v1.2/FakeVideo-RealAudio/Asian (South)/women/id05845/00027_id05920_LuLTJu54joo.mp4,00027_id05920_LuLTJu54joo.mp4,FakeAVCeleb,FakeVideo-RealAudio,VISUAL_MANIPULATION,1,0,1,id05845,Asian (South),women,27,id05920,unknown,4,calibration
fac_2a173ab9f43d,data/raw/fakeavceleb/FakeAVCeleb_v1.2/FakeAVCeleb_v1.2/FakeVideo-RealAudio/Asian (South)/women/id05845/00027_id05931_bFqu86NV3hk.mp4,00027_id05931_bFqu86NV3hk.mp4,FakeAVCeleb,FakeVideo-RealAudio,VISUAL_MANIPULATION,1,0,1,id05845,Asian (South),women,27,id05931,unknown,4,calibration
fac_aa817c94e104,data/raw/fakeavceleb/FakeAVCeleb_v1.2/FakeAVCeleb_v1.2/FakeVideo-RealAudio/Asian (South)/women/id05845/00027_id05931_wavtolip.mp4,00027_id05931_wavtolip.mp4,FakeAVCeleb,FakeVideo-RealAudio,VISUAL_MANIPULATION,1,0,1,id05845,Asian (South),women,27,id05931,wav2lip,4,calibration
fac_bde0dd4412c3,data/raw/fakeavceleb/FakeAVCeleb_v1.2/FakeAVCeleb_v1.2/FakeVideo-RealAudio/Asian (South)/women/id05845/00027_id06254_wavtolip.mp4,00027_id06254_wavtolip.mp4,FakeAVCeleb,FakeVideo-RealAudio,VISUAL_MANIPULATION,1,0,1,id05845,Asian (South),women,27,id06254,wav2lip,4,calibration
fac_5dfa81e8d144,data/raw/fakeavceleb/FakeAVCeleb_v1.2/FakeAVCeleb_v1.2/FakeVideo-RealAudio/Asian (South)/women/id05845/00027_id06438_wavtolip.mp4,00027_id06438_wavtolip.mp4,FakeAVCeleb,FakeVideo-RealAudio,VISUAL_MANIPULATION,1,0,1,id05845,Asian (South),women,27,id06438,wav2lip,4,calibration
fac_4f979d3a0c4b,data/raw/fakeavceleb/FakeAVCeleb_v1.2/FakeAVCeleb_v1.2/FakeVideo-RealAudio/Asian (South)/women/id05845/00027_id06445_wavtolip.mp4,00027_id06445_wavtolip.mp4,FakeAVCeleb,FakeVideo-RealAudio,VISUAL_MANIPULATION,1,0,1,id05845,Asian (South),women,27,id06445,wav2lip,4,calibration
fac_ffb0de121f1c,data/raw/fakeavceleb/FakeAVCeleb_v1.2/FakeAVCeleb_v1.2/FakeVideo-RealAudio/Asian (South)/women/id05845/00027_id07136_4e43eS5p3_M.mp4,00027_id07136_4e43eS5p3_M.mp4,FakeAVCeleb,FakeVideo-RealAudio,VISUAL_MANIPULATION,1,0,1,id05845,Asian (South),women,27,id07136,unknown,4,calibration
fac_a89a8ff7babc,data/raw/fakeavceleb/FakeAVCeleb_v1.2/FakeAVCeleb_v1.2/FakeVideo-RealAudio/Asian (South)/women/id05920/00161_id00235_wavtolip.mp4,00161_id00235_wavtolip.mp4,FakeAVCeleb,FakeVideo-RealAudio,VISUAL_MANIPULATION,1,0,1,id05920,Asian (South),women,161,id00235,wav2lip,4,calibration
fac_a9316378651b,data/raw/fakeavceleb/FakeAVCeleb_v1.2/FakeAVCeleb_v1.2/FakeVideo-RealAudio/Asian (South)/women/id05920/00161_id00488_wavtolip.mp4,00161_id00488_wavtolip.mp4,FakeAVCeleb,FakeVideo-RealAudio,VISUAL_MANIPULATION,1,0,1,id05920,Asian (South),women,161,id00488,wav2lip,4,calibration
fac_de89282b75db,data/raw/fakeavceleb/FakeAVCeleb_v1.2/FakeAVCeleb_v1.2/FakeVideo-RealAudio/Asian (South)/women/id05920/00161_id04070_wavtolip.mp4,00161_id04070_wavtolip.mp4,FakeAVCeleb,FakeVideo-RealAudio,VISUAL_MANIPULATION,1,0,1,id05920,Asian (South),women,161,id04070,wav2lip,4,calibration
fac_c82ab3fc034e,data/raw/fakeavceleb/FakeAVCeleb_v1.2/FakeAVCeleb_v1.2/FakeVideo-RealAudio/Asian (South)/women/id05920/00161_id04927_8MD618FRyfA.mp4,00161_id04927_8MD618FRyfA.mp4,FakeAVCeleb,FakeVideo-RealAudio,VISUAL_MANIPULATION,1,0,1,id05920,Asian (South),women,161,id04927,unknown,4,calibration
fac_1eceb5a95a3f,data/raw/fakeavceleb/FakeAVCeleb_v1.2/FakeAVCeleb_v1.2/FakeVideo-RealAudio/Asian (South)/women/id05920/00161_id05434_wavtolip.mp4,00161_id05434_wavtolip.mp4,FakeAVCeleb,FakeVideo-RealAudio,VISUAL_MANIPULATION,1,0,1,id05920,Asian (South),women,161,id05434,wav2lip,4,calibration
fac_8f02b6e29756,data/raw/fakeavceleb/FakeAVCeleb_v1.2/FakeAVCeleb_v1.2/FakeVideo-RealAudio/Asian (South)/women/id05920/00161_id05845_XfMHm6CEwPw.mp4,00161_id05845_XfMHm6CEwPw.mp4,FakeAVCeleb,FakeVideo-RealAudio,VISUAL_MANIPULATION,1,0,1,id05920,Asian (South),women,161,id05845,unknown,4,calibration
fac_13661f11b3bb,data/raw/fakeavceleb/FakeAVCeleb_v1.2/FakeAVCeleb_v1.2/FakeVideo-RealAudio/Asian (South)/women/id05920/00161_id05845_XfMHm6CEwPw_faceswap.mp4,00161_id05845_XfMHm6CEwPw_faceswap.mp4,FakeAVCeleb,FakeVideo-RealAudio,VISUAL_MANIPULATION,1,0,1,id05920,Asian (South),women,161,id05845,faceswap,4,calibration
fac_c628901924e5,data/raw/fakeavceleb/FakeAVCeleb_v1.2/FakeAVCeleb_v1.2/FakeVideo-RealAudio/Asian (South)/women/id05920/00161_id05845_wavtolip.mp4,00161_id05845_wavtolip.mp4,FakeAVCeleb,FakeVideo-RealAudio,VISUAL_MANIPULATION,1,0,1,id05920,Asian (South),women,161,id05845,wav2lip,4,calibration
fac_f69721b62904,data/raw/fakeavceleb/FakeAVCeleb_v1.2/FakeAVCeleb_v1.2/FakeVideo-RealAudio/Asian (South)/women/id05920/00161_id05931_bFqu86NV3hk.mp4,00161_id05931_bFqu86NV3hk.mp4,FakeAVCeleb,FakeVideo-RealAudio,VISUAL_MANIPULATION,1,0,1,id05920,Asian (South),women,161,id05931,unknown,4,calibration
fac_af2f0416c17c,data/raw/fakeavceleb/FakeAVCeleb_v1.2/FakeAVCeleb_v1.2/FakeVideo-RealAudio/Asian (South)/women/id05920/00161_id05931_wavtolip.mp4,00161_id05931_wavtolip.mp4,FakeAVCeleb,FakeVideo-RealAudio,VISUAL_MANIPULATION,1,0,1,id05920,Asian (South),women,161,id05931,wav2lip,4,calibration
fac_e2fdb9188159,data/raw/fakeavceleb/FakeAVCeleb_v1.2/FakeAVCeleb_v1.2/FakeVideo-RealAudio/Asian (South)/women/id05920/00161_id06428_A9nvRKd1afA.mp4,00161_id06428_A9nvRKd1afA.mp4,FakeAVCeleb,FakeVideo-RealAudio,VISUAL_MANIPULATION,1,0,1,id05920,Asian (South),women,161,id06428,unknown,4,calibration
fac_65b49a9fe362,data/raw/fakeavceleb/FakeAVCeleb_v1.2/FakeAVCeleb_v1.2/FakeVideo-RealAudio/Asian (South)/women/id05920/00161_id06437_wavtolip.mp4,00161_id06437_wavtolip.mp4,FakeAVCeleb,FakeVideo-RealAudio,VISUAL_MANIPULATION,1,0,1,id05920,Asian (South),women,161,id06437,wav2lip,4,calibration
fac_09a32026d2c8,data/raw/fakeavceleb/FakeAVCeleb_v1.2/FakeAVCeleb_v1.2/FakeVideo-RealAudio/Asian (South)/women/id05920/00161_id07008_wavtolip.mp4,00161_id07008_wavtolip.mp4,FakeAVCeleb,FakeVideo-RealAudio,VISUAL_MANIPULATION,1,0,1,id05920,Asian (South),women,161,id07008,wav2lip,4,calibration
fac_59bb25c338d4,data/raw/fakeavceleb/FakeAVCeleb_v1.2/FakeAVCeleb_v1.2/FakeVideo-RealAudio/Asian (South)/women/id05920/00161_id07049_BiljgZcyWI4.mp4,00161_id07049_BiljgZcyWI4.mp4,FakeAVCeleb,FakeVideo-RealAudio,VISUAL_MANIPULATION,1,0,1,id05920,Asian (South),women,161,id07049,unknown,4,calibration
fac_03e182b9c4e5,data/raw/fakeavceleb/FakeAVCeleb_v1.2/FakeAVCeleb_v1.2/FakeVideo-RealAudio/Asian (South)/women/id05920/00161_id07051_wavtolip.mp4,00161_id07051_wavtolip.mp4,FakeAVCeleb,FakeVideo-RealAudio,VISUAL_MANIPULATION,1,0,1,id05920,Asian (South),women,161,id07051,wav2lip,4,calibration
fac_5c5367cd8a3a,data/raw/fakeavceleb/FakeAVCeleb_v1.2/FakeAVCeleb_v1.2/FakeVideo-RealAudio/Asian (South)/women/id05920/00161_id07078_sLVbTD3Dtgw.mp4,00161_id07078_sLVbTD3Dtgw.mp4,FakeAVCeleb,FakeVideo-RealAudio,VISUAL_MANIPULATION,1,0,1,id05920,Asian (South),women,161,id07078,unknown,4,calibration
fac_ed13cc7e4704,data/raw/fakeavceleb/FakeAVCeleb_v1.2/FakeAVCeleb_v1.2/FakeVideo-RealAudio/Asian (South)/women/id05920/00161_id07377_FGNavKcGANA.mp4,00161_id07377_FGNavKcGANA.mp4,FakeAVCeleb,FakeVideo-RealAudio,VISUAL_MANIPULATION,1,0,1,id05920,Asian (South),women,161,id07377,unknown,4,calibration
fac_d4b70ca396d8,data/raw/fakeavceleb/FakeAVCeleb_v1.2/FakeAVCeleb_v1.2/FakeVideo-RealAudio/Asian (South)/women/id05920/00161_id07377_wavtolip.mp4,00161_id07377_wavtolip.mp4,FakeAVCeleb,FakeVideo-RealAudio,VISUAL_MANIPULATION,1,0,1,id05920,Asian (South),women,161,id07377,wav2lip,4,calibration
fac_68c4d26f84a5,data/raw/fakeavceleb/FakeAVCeleb_v1.2/FakeAVCeleb_v1.2/FakeVideo-RealAudio/Asian (South)/women/id05920/00161_id07689_2ie0g83JkgA.mp4,00161_id07689_2ie0g83JkgA.mp4,FakeAVCeleb,FakeVideo-RealAudio,VISUAL_MANIPULATION,1,0,1,id05920,Asian (South),women,161,id07689,unknown,4,calibration
fac_29ef5bc90569,data/raw/fakeavceleb/FakeAVCeleb_v1.2/FakeAVCeleb_v1.2/FakeVideo-RealAudio/Asian (South)/women/id05931/00013_0.mp4,00013_0.mp4,FakeAVCeleb,FakeVideo-RealAudio,VISUAL_MANIPULATION,1,0,1,id05931,Asian (South),women,13,,unknown,4,calibration
fac_005e3d3e7543,data/raw/fakeavceleb/FakeAVCeleb_v1.2/FakeAVCeleb_v1.2/FakeVideo-RealAudio/Asian (South)/women/id05931/00013_id00149_wavtolip.mp4,00013_id00149_wavtolip.mp4,FakeAVCeleb,FakeVideo-RealAudio,VISUAL_MANIPULATION,1,0,1,id05931,Asian (South),women,13,id00149,wav2lip,4,calibration
fac_81670b47e56e,data/raw/fakeavceleb/FakeAVCeleb_v1.2/FakeAVCeleb_v1.2/FakeVideo-RealAudio/Asian (South)/women/id05931/00013_id00235_wavtolip.mp4,00013_id00235_wavtolip.mp4,FakeAVCeleb,FakeVideo-RealAudio,VISUAL_MANIPULATION,1,0,1,id05931,Asian (South),women,13,id00235,wav2lip,4,calibration
fac_3990c8bdc97d,data/raw/fakeavceleb/FakeAVCeleb_v1.2/FakeAVCeleb_v1.2/FakeVideo-RealAudio/Asian (South)/women/id05931/00013_id00739_CT-6UmfLiU0.mp4,00013_id00739_CT-6UmfLiU0.mp4,FakeAVCeleb,FakeVideo-RealAudio,VISUAL_MANIPULATION,1,0,1,id05931,Asian (South),women,13,id00739,unknown,4,calibration
fac_97d1e61a5eac,data/raw/fakeavceleb/FakeAVCeleb_v1.2/FakeAVCeleb_v1.2/FakeVideo-RealAudio/Asian (South)/women/id05931/00013_id01026_rM4ZERt7oM0.mp4,00013_id01026_rM4ZERt7oM0.mp4,FakeAVCeleb,FakeVideo-RealAudio,VISUAL_MANIPULATION,1,0,1,id05931,Asian (South),women,13,id01026,unknown,4,calibration
fac_5dbd84129af7,data/raw/fakeavceleb/FakeAVCeleb_v1.2/FakeAVCeleb_v1.2/FakeVideo-RealAudio/Asian (South)/women/id05931/00013_id01026_rM4ZERt7oM0_faceswap.mp4,00013_id01026_rM4ZERt7oM0_faceswap.mp4,FakeAVCeleb,FakeVideo-RealAudio,VISUAL_MANIPULATION,1,0,1,id05931,Asian (South),women,13,id01026,faceswap,4,calibration
fac_bf1d7398f2ac,data/raw/fakeavceleb/FakeAVCeleb_v1.2/FakeAVCeleb_v1.2/FakeVideo-RealAudio/Asian (South)/women/id05931/00013_id02089_wavtolip.mp4,00013_id02089_wavtolip.mp4,FakeAVCeleb,FakeVideo-RealAudio,VISUAL_MANIPULATION,1,0,1,id05931,Asian (South),women,13,id02089,wav2lip,4,calibration
fac_d6a69d9484ec,data/raw/fakeavceleb/FakeAVCeleb_v1.2/FakeAVCeleb_v1.2/FakeVideo-RealAudio/Asian (South)/women/id05931/00013_id03559_pgetxl1qbzM.mp4,00013_id03559_pgetxl1qbzM.mp4,FakeAVCeleb,FakeVideo-RealAudio,VISUAL_MANIPULATION,1,0,1,id05931,Asian (South),women,13,id03559,unknown,4,calibration
fac_e624f9c70ae1,data/raw/fakeavceleb/FakeAVCeleb_v1.2/FakeAVCeleb_v1.2/FakeVideo-RealAudio/Asian (South)/women/id05931/00013_id03559_wavtolip.mp4,00013_id03559_wavtolip.mp4,FakeAVCeleb,FakeVideo-RealAudio,VISUAL_MANIPULATION,1,0,1,id05931,Asian (South),women,13,id03559,wav2lip,4,calibration
fac_4ad1af15383e,data/raw/fakeavceleb/FakeAVCeleb_v1.2/FakeAVCeleb_v1.2/FakeVideo-RealAudio/Asian (South)/women/id05931/00013_id04070_wavtolip.mp4,00013_id04070_wavtolip.mp4,FakeAVCeleb,FakeVideo-RealAudio,VISUAL_MANIPULATION,1,0,1,id05931,Asian (South),women,13,id04070,wav2lip,4,calibration
fac_c3acd1796281,data/raw/fakeavceleb/FakeAVCeleb_v1.2/FakeAVCeleb_v1.2/FakeVideo-RealAudio/Asian (South)/women/id05931/00013_id04583_wavtolip.mp4,00013_id04583_wavtolip.mp4,FakeAVCeleb,FakeVideo-RealAudio,VISUAL_MANIPULATION,1,0,1,id05931,Asian (South),women,13,id04583,wav2lip,4,calibration
fac_65dc9eea2336,data/raw/fakeavceleb/FakeAVCeleb_v1.2/FakeAVCeleb_v1.2/FakeVideo-RealAudio/Asian (South)/women/id05931/00013_id04927_8MD618FRyfA.mp4,00013_id04927_8MD618FRyfA.mp4,FakeAVCeleb,FakeVideo-RealAudio,VISUAL_MANIPULATION,1,0,1,id05931,Asian (South),women,13,id04927,unknown,4,calibration
fac_69ba290737fe,data/raw/fakeavceleb/FakeAVCeleb_v1.2/FakeAVCeleb_v1.2/FakeVideo-RealAudio/Asian (South)/women/id05931/00013_id05435_OvX-Jv_whcU.mp4,00013_id05435_OvX-Jv_whcU.mp4,FakeAVCeleb,FakeVideo-RealAudio,VISUAL_MANIPULATION,1,0,1,id05931,Asian (South),women,13,id05435,unknown,4,calibration
fac_d5ee586ab69e,data/raw/fakeavceleb/FakeAVCeleb_v1.2/FakeAVCeleb_v1.2/FakeVideo-RealAudio/Asian (South)/women/id05931/00013_id05435_wavtolip.mp4,00013_id05435_wavtolip.mp4,FakeAVCeleb,FakeVideo-RealAudio,VISUAL_MANIPULATION,1,0,1,id05931,Asian (South),women,13,id05435,wav2lip,4,calibration
fac_be10149fefd1,data/raw/fakeavceleb/FakeAVCeleb_v1.2/FakeAVCeleb_v1.2/FakeVideo-RealAudio/Asian (South)/women/id05931/00013_id05845_XfMHm6CEwPw.mp4,00013_id05845_XfMHm6CEwPw.mp4,FakeAVCeleb,FakeVideo-RealAudio,VISUAL_MANIPULATION,1,0,1,id05931,Asian (South),women,13,id05845,unknown,4,calibration
fac_f9055a9a9d4c,data/raw/fakeavceleb/FakeAVCeleb_v1.2/FakeAVCeleb_v1.2/FakeVideo-RealAudio/Asian (South)/women/id05931/00013_id06268_wavtolip.mp4,00013_id06268_wavtolip.mp4,FakeAVCeleb,FakeVideo-RealAudio,VISUAL_MANIPULATION,1,0,1,id05931,Asian (South),women,13,id06268,wav2lip,4,calibration
fac_9f65eff82fa8,data/raw/fakeavceleb/FakeAVCeleb_v1.2/FakeAVCeleb_v1.2/FakeVideo-RealAudio/Asian (South)/women/id05931/00013_id07049_BiljgZcyWI4.mp4,00013_id07049_BiljgZcyWI4.mp4,FakeAVCeleb,FakeVideo-RealAudio,VISUAL_MANIPULATION,1,0,1,id05931,Asian (South),women,13,id07049,unknown,4,calibration
fac_2fb64abd9565,data/raw/fakeavceleb/FakeAVCeleb_v1.2/FakeAVCeleb_v1.2/FakeVideo-RealAudio/Asian (South)/women/id05931/00013_id07136_4e43eS5p3_M.mp4,00013_id07136_4e43eS5p3_M.mp4,FakeAVCeleb,FakeVideo-RealAudio,VISUAL_MANIPULATION,1,0,1,id05931,Asian (South),women,13,id07136,unknown,4,calibration
fac_94332f81952d,data/raw/fakeavceleb/FakeAVCeleb_v1.2/FakeAVCeleb_v1.2/FakeVideo-RealAudio/Asian (South)/women/id05931/00013_id07236_wavtolip.mp4,00013_id07236_wavtolip.mp4,FakeAVCeleb,FakeVideo-RealAudio,VISUAL_MANIPULATION,1,0,1,id05931,Asian (South),women,13,id07236,wav2lip,4,calibration
fac_1e084b3ad813,data/raw/fakeavceleb/FakeAVCeleb_v1.2/FakeAVCeleb_v1.2/FakeVideo-RealAudio/Asian (South)/women/id05931/00013_id07689_wavtolip.mp4,00013_id07689_wavtolip.mp4,FakeAVCeleb,FakeVideo-RealAudio,VISUAL_MANIPULATION,1,0,1,id05931,Asian (South),women,13,id07689,wav2lip,4,calibration
fac_29fcaa669441,data/raw/fakeavceleb/FakeAVCeleb_v1.2/FakeAVCeleb_v1.2/FakeVideo-RealAudio/Asian (South)/women/id06232/00025_0.mp4,00025_0.mp4,FakeAVCeleb,FakeVideo-RealAudio,VISUAL_MANIPULATION,1,0,1,id06232,Asian (South),women,25,,unknown,4,calibration
fac_a37365d463c0,data/raw/fakeavceleb/FakeAVCeleb_v1.2/FakeAVCeleb_v1.2/FakeVideo-RealAudio/Asian (South)/women/id06232/00025_id00235_F7aHtfdzytQ.mp4,00025_id00235_F7aHtfdzytQ.mp4,FakeAVCeleb,FakeVideo-RealAudio,VISUAL_MANIPULATION,1,0,1,id06232,Asian (South),women,25,id00235,unknown,4,calibration
fac_acded37d4bda,data/raw/fakeavceleb/FakeAVCeleb_v1.2/FakeAVCeleb_v1.2/FakeVideo-RealAudio/Asian (South)/women/id06232/00025_id00488_wavtolip.mp4,00025_id00488_wavtolip.mp4,FakeAVCeleb,FakeVideo-RealAudio,VISUAL_MANIPULATION,1,0,1,id06232,Asian (South),women,25,id00488,wav2lip,4,calibration
fac_c19e093f9ad9,data/raw/fakeavceleb/FakeAVCeleb_v1.2/FakeAVCeleb_v1.2/FakeVideo-RealAudio/Asian (South)/women/id06232/00025_id00747_l3eOd4UDsGc.mp4,00025_id00747_l3eOd4UDsGc.mp4,FakeAVCeleb,FakeVideo-RealAudio,VISUAL_MANIPULATION,1,0,1,id06232,Asian (South),women,25,id00747,unknown,4,calibration
fac_039e1159cce7,data/raw/fakeavceleb/FakeAVCeleb_v1.2/FakeAVCeleb_v1.2/FakeVideo-RealAudio/Asian (South)/women/id06232/00025_id02310_wavtolip.mp4,00025_id02310_wavtolip.mp4,FakeAVCeleb,FakeVideo-RealAudio,VISUAL_MANIPULATION,1,0,1,id06232,Asian (South),women,25,id02310,wav2lip,4,calibration
fac_4d10b11b53a5,data/raw/fakeavceleb/FakeAVCeleb_v1.2/FakeAVCeleb_v1.2/FakeVideo-RealAudio/Asian (South)/women/id06232/00025_id02310_zA-8Pw0SvZg.mp4,00025_id02310_zA-8Pw0SvZg.mp4,FakeAVCeleb,FakeVideo-RealAudio,VISUAL_MANIPULATION,1,0,1,id06232,Asian (South),women,25,id02310,unknown,4,calibration
fac_1918d014fcff,data/raw/fakeavceleb/FakeAVCeleb_v1.2/FakeAVCeleb_v1.2/FakeVideo-RealAudio/Asian (South)/women/id06232/00025_id03559_pgetxl1qbzM.mp4,00025_id03559_pgetxl1qbzM.mp4,FakeAVCeleb,FakeVideo-RealAudio,VISUAL_MANIPULATION,1,0,1,id06232,Asian (South),women,25,id03559,unknown,4,calibration
fac_68ef0ac40fb4,data/raw/fakeavceleb/FakeAVCeleb_v1.2/FakeAVCeleb_v1.2/FakeVideo-RealAudio/Asian (South)/women/id06232/00025_id03559_pgetxl1qbzM_faceswap.mp4,00025_id03559_pgetxl1qbzM_faceswap.mp4,FakeAVCeleb,FakeVideo-RealAudio,VISUAL_MANIPULATION,1,0,1,id06232,Asian (South),women,25,id03559,faceswap,4,calibration
fac_e079af8feb31,data/raw/fakeavceleb/FakeAVCeleb_v1.2/FakeAVCeleb_v1.2/FakeVideo-RealAudio/Asian (South)/women/id06232/00025_id03985_wavtolip.mp4,00025_id03985_wavtolip.mp4,FakeAVCeleb,FakeVideo-RealAudio,VISUAL_MANIPULATION,1,0,1,id06232,Asian (South),women,25,id03985,wav2lip,4,calibration
fac_f5b0d4c4f383,data/raw/fakeavceleb/FakeAVCeleb_v1.2/FakeAVCeleb_v1.2/FakeVideo-RealAudio/Asian (South)/women/id06232/00025_id04583_M10zZFjuAb0.mp4,00025_id04583_M10zZFjuAb0.mp4,FakeAVCeleb,FakeVideo-RealAudio,VISUAL_MANIPULATION,1,0,1,id06232,Asian (South),women,25,id04583,unknown,4,calibration
fac_e3f087b46639,data/raw/fakeavceleb/FakeAVCeleb_v1.2/FakeAVCeleb_v1.2/FakeVideo-RealAudio/Asian (South)/women/id06232/00025_id05435_wavtolip.mp4,00025_id05435_wavtolip.mp4,FakeAVCeleb,FakeVideo-RealAudio,VISUAL_MANIPULATION,1,0,1,id06232,Asian (South),women,25,id05435,wav2lip,4,calibration
fac_93ce6f8305cf,data/raw/fakeavceleb/FakeAVCeleb_v1.2/FakeAVCeleb_v1.2/FakeVideo-RealAudio/Asian (South)/women/id06232/00025_id05478_VJkjRzPt-Jw.mp4,00025_id05478_VJkjRzPt-Jw.mp4,FakeAVCeleb,FakeVideo-RealAudio,VISUAL_MANIPULATION,1,0,1,id06232,Asian (South),women,25,id05478,unknown,4,calibration
fac_fcf5bffc274d,data/raw/fakeavceleb/FakeAVCeleb_v1.2/FakeAVCeleb_v1.2/FakeVideo-RealAudio/Asian (South)/women/id06232/00025_id05478_wavtolip.mp4,00025_id05478_wavtolip.mp4,FakeAVCeleb,FakeVideo-RealAudio,VISUAL_MANIPULATION,1,0,1,id06232,Asian (South),women,25,id05478,wav2lip,4,calibration
fac_d83ea1b325e5,data/raw/fakeavceleb/FakeAVCeleb_v1.2/FakeAVCeleb_v1.2/FakeVideo-RealAudio/Asian (South)/women/id06232/00025_id05931_bFqu86NV3hk.mp4,00025_id05931_bFqu86NV3hk.mp4,FakeAVCeleb,FakeVideo-RealAudio,VISUAL_MANIPULATION,1,0,1,id06232,Asian (South),women,25,id05931,unknown,4,calibration
fac_54430acac1a9,data/raw/fakeavceleb/FakeAVCeleb_v1.2/FakeAVCeleb_v1.2/FakeVideo-RealAudio/Asian (South)/women/id06232/00025_id06438_wavtolip.mp4,00025_id06438_wavtolip.mp4,FakeAVCeleb,FakeVideo-RealAudio,VISUAL_MANIPULATION,1,0,1,id06232,Asian (South),women,25,id06438,wav2lip,4,calibration
fac_e7f0354768f2,data/raw/fakeavceleb/FakeAVCeleb_v1.2/FakeAVCeleb_v1.2/FakeVideo-RealAudio/Asian (South)/women/id06232/00025_id06439_wavtolip.mp4,00025_id06439_wavtolip.mp4,FakeAVCeleb,FakeVideo-RealAudio,VISUAL_MANIPULATION,1,0,1,id06232,Asian (South),women,25,id06439,wav2lip,4,calibration
fac_fc816eaca034,data/raw/fakeavceleb/FakeAVCeleb_v1.2/FakeAVCeleb_v1.2/FakeVideo-RealAudio/Asian (South)/women/id06232/00025_id07078_wavtolip.mp4,00025_id07078_wavtolip.mp4,FakeAVCeleb,FakeVideo-RealAudio,VISUAL_MANIPULATION,1,0,1,id06232,Asian (South),women,25,id07078,wav2lip,4,calibration
fac_a6278a01518b,data/raw/fakeavceleb/FakeAVCeleb_v1.2/FakeAVCeleb_v1.2/FakeVideo-RealAudio/Asian (South)/women/id06232/00025_id07236_Fe0sdHw3sc4.mp4,00025_id07236_Fe0sdHw3sc4.mp4,FakeAVCeleb,FakeVideo-RealAudio,VISUAL_MANIPULATION,1,0,1,id06232,Asian (South),women,25,id07236,unknown,4,calibration
fac_5dc87e55f1d2,data/raw/fakeavceleb/FakeAVCeleb_v1.2/FakeAVCeleb_v1.2/FakeVideo-RealAudio/Asian (South)/women/id06232/00025_id07236_wavtolip.mp4,00025_id07236_wavtolip.mp4,FakeAVCeleb,FakeVideo-RealAudio,VISUAL_MANIPULATION,1,0,1,id06232,Asian (South),women,25,id07236,wav2lip,4,calibration
fac_c8cb3dfc8a20,data/raw/fakeavceleb/FakeAVCeleb_v1.2/FakeAVCeleb_v1.2/FakeVideo-RealAudio/Asian (South)/women/id06232/00025_id07377_wavtolip.mp4,00025_id07377_wavtolip.mp4,FakeAVCeleb,FakeVideo-RealAudio,VISUAL_MANIPULATION,1,0,1,id06232,Asian (South),women,25,id07377,wav2lip,4,calibration
fac_402fc85e7e9b,data/raw/fakeavceleb/FakeAVCeleb_v1.2/FakeAVCeleb_v1.2/FakeVideo-RealAudio/Asian (South)/women/id06254/00043_0.mp4,00043_0.mp4,FakeAVCeleb,FakeVideo-RealAudio,VISUAL_MANIPULATION,1,0,1,id06254,Asian (South),women,43,,unknown,4,calibration
fac_01aeecd6824f,data/raw/fakeavceleb/FakeAVCeleb_v1.2/FakeAVCeleb_v1.2/FakeVideo-RealAudio/Asian (South)/women/id06254/00043_id00417_GhIZam3v09g.mp4,00043_id00417_GhIZam3v09g.mp4,FakeAVCeleb,FakeVideo-RealAudio,VISUAL_MANIPULATION,1,0,1,id06254,Asian (South),women,43,id00417,unknown,4,calibration
fac_e877c816b810,data/raw/fakeavceleb/FakeAVCeleb_v1.2/FakeAVCeleb_v1.2/FakeVideo-RealAudio/Asian (South)/women/id06254/00043_id00417_wavtolip.mp4,00043_id00417_wavtolip.mp4,FakeAVCeleb,FakeVideo-RealAudio,VISUAL_MANIPULATION,1,0,1,id06254,Asian (South),women,43,id00417,wav2lip,4,calibration
fac_a0acb1cc543d,data/raw/fakeavceleb/FakeAVCeleb_v1.2/FakeAVCeleb_v1.2/FakeVideo-RealAudio/Asian (South)/women/id06254/00043_id02619_wavtolip.mp4,00043_id02619_wavtolip.mp4,FakeAVCeleb,FakeVideo-RealAudio,VISUAL_MANIPULATION,1,0,1,id06254,Asian (South),women,43,id02619,wav2lip,4,calibration
fac_d8385be739f2,data/raw/fakeavceleb/FakeAVCeleb_v1.2/FakeAVCeleb_v1.2/FakeVideo-RealAudio/Asian (South)/women/id06254/00043_id03559_wavtolip.mp4,00043_id03559_wavtolip.mp4,FakeAVCeleb,FakeVideo-RealAudio,VISUAL_MANIPULATION,1,0,1,id06254,Asian (South),women,43,id03559,wav2lip,4,calibration
fac_0123be03d258,data/raw/fakeavceleb/FakeAVCeleb_v1.2/FakeAVCeleb_v1.2/FakeVideo-RealAudio/Asian (South)/women/id06254/00043_id04564_wavtolip.mp4,00043_id04564_wavtolip.mp4,FakeAVCeleb,FakeVideo-RealAudio,VISUAL_MANIPULATION,1,0,1,id06254,Asian (South),women,43,id04564,wav2lip,4,calibration
fac_7fb08cf9c888,data/raw/fakeavceleb/FakeAVCeleb_v1.2/FakeAVCeleb_v1.2/FakeVideo-RealAudio/Asian (South)/women/id06254/00043_id04564_xUz03LwKRtQ.mp4,00043_id04564_xUz03LwKRtQ.mp4,FakeAVCeleb,FakeVideo-RealAudio,VISUAL_MANIPULATION,1,0,1,id06254,Asian (South),women,43,id04564,unknown,4,calibration
fac_030fd0310806,data/raw/fakeavceleb/FakeAVCeleb_v1.2/FakeAVCeleb_v1.2/FakeVideo-RealAudio/Asian (South)/women/id06254/00043_id04582_Pm9dX-TxNx0.mp4,00043_id04582_Pm9dX-TxNx0.mp4,FakeAVCeleb,FakeVideo-RealAudio,VISUAL_MANIPULATION,1,0,1,id06254,Asian (South),women,43,id04582,unknown,4,calibration
fac_373436cffb5c,data/raw/fakeavceleb/FakeAVCeleb_v1.2/FakeAVCeleb_v1.2/FakeVideo-RealAudio/Asian (South)/women/id06254/00043_id05845_XfMHm6CEwPw.mp4,00043_id05845_XfMHm6CEwPw.mp4,FakeAVCeleb,FakeVideo-RealAudio,VISUAL_MANIPULATION,1,0,1,id06254,Asian (South),women,43,id05845,unknown,4,calibration
fac_d5aee92e704a,data/raw/fakeavceleb/FakeAVCeleb_v1.2/FakeAVCeleb_v1.2/FakeVideo-RealAudio/Asian (South)/women/id06254/00043_id05931_bFqu86NV3hk.mp4,00043_id05931_bFqu86NV3hk.mp4,FakeAVCeleb,FakeVideo-RealAudio,VISUAL_MANIPULATION,1,0,1,id06254,Asian (South),women,43,id05931,unknown,4,calibration
fac_b621c1d05ac5,data/raw/fakeavceleb/FakeAVCeleb_v1.2/FakeAVCeleb_v1.2/FakeVideo-RealAudio/Asian (South)/women/id06254/00043_id05931_bFqu86NV3hk_faceswap.mp4,00043_id05931_bFqu86NV3hk_faceswap.mp4,FakeAVCeleb,FakeVideo-RealAudio,VISUAL_MANIPULATION,1,0,1,id06254,Asian (South),women,43,id05931,faceswap,4,calibration
fac_638b0aef904a,data/raw/fakeavceleb/FakeAVCeleb_v1.2/FakeAVCeleb_v1.2/FakeVideo-RealAudio/Asian (South)/women/id06254/00043_id06343_wavtolip.mp4,00043_id06343_wavtolip.mp4,FakeAVCeleb,FakeVideo-RealAudio,VISUAL_MANIPULATION,1,0,1,id06254,Asian (South),women,43,id06343,wav2lip,4,calibration
fac_ef1bc1f9b364,data/raw/fakeavceleb/FakeAVCeleb_v1.2/FakeAVCeleb_v1.2/FakeVideo-RealAudio/Asian (South)/women/id06254/00043_id06437_wavtolip.mp4,00043_id06437_wavtolip.mp4,FakeAVCeleb,FakeVideo-RealAudio,VISUAL_MANIPULATION,1,0,1,id06254,Asian (South),women,43,id06437,wav2lip,4,calibration
fac_73b0f0c8eb3c,data/raw/fakeavceleb/FakeAVCeleb_v1.2/FakeAVCeleb_v1.2/FakeVideo-RealAudio/Asian (South)/women/id06254/00043_id06445_wavtolip.mp4,00043_id06445_wavtolip.mp4,FakeAVCeleb,FakeVideo-RealAudio,VISUAL_MANIPULATION,1,0,1,id06254,Asian (South),women,43,id06445,wav2lip,4,calibration
fac_08cd59b1c08e,data/raw/fakeavceleb/FakeAVCeleb_v1.2/FakeAVCeleb_v1.2/FakeVideo-RealAudio/Asian (South)/women/id06254/00043_id07008_wavtolip.mp4,00043_id07008_wavtolip.mp4,FakeAVCeleb,FakeVideo-RealAudio,VISUAL_MANIPULATION,1,0,1,id06254,Asian (South),women,43,id07008,wav2lip,4,calibration
fac_41c5c3ee256a,data/raw/fakeavceleb/FakeAVCeleb_v1.2/FakeAVCeleb_v1.2/FakeVideo-RealAudio/Asian (South)/women/id06254/00043_id07049_wavtolip.mp4,00043_id07049_wavtolip.mp4,FakeAVCeleb,FakeVideo-RealAudio,VISUAL_MANIPULATION,1,0,1,id06254,Asian (South),women,43,id07049,wav2lip,4,calibration
fac_2627d5c445ca,data/raw/fakeavceleb/FakeAVCeleb_v1.2/FakeAVCeleb_v1.2/FakeVideo-RealAudio/Asian (South)/women/id06254/00043_id07051_d1c0Pl2aP_4.mp4,00043_id07051_d1c0Pl2aP_4.mp4,FakeAVCeleb,FakeVideo-RealAudio,VISUAL_MANIPULATION,1,0,1,id06254,Asian (South),women,43,id07051,unknown,4,calibration
fac_b3356174d7a4,data/raw/fakeavceleb/FakeAVCeleb_v1.2/FakeAVCeleb_v1.2/FakeVideo-RealAudio/Asian (South)/women/id06254/00043_id07051_wavtolip.mp4,00043_id07051_wavtolip.mp4,FakeAVCeleb,FakeVideo-RealAudio,VISUAL_MANIPULATION,1,0,1,id06254,Asian (South),women,43,id07051,wav2lip,4,calibration
fac_ec4194df1005,data/raw/fakeavceleb/FakeAVCeleb_v1.2/FakeAVCeleb_v1.2/FakeVideo-RealAudio/Asian (South)/women/id06254/00043_id07136_4e43eS5p3_M.mp4,00043_id07136_4e43eS5p3_M.mp4,FakeAVCeleb,FakeVideo-RealAudio,VISUAL_MANIPULATION,1,0,1,id06254,Asian (South),women,43,id07136,unknown,4,calibration
fac_a74b39f5c1bf,data/raw/fakeavceleb/FakeAVCeleb_v1.2/FakeAVCeleb_v1.2/FakeVideo-RealAudio/Asian (South)/women/id06254/00043_id07236_Fe0sdHw3sc4.mp4,00043_id07236_Fe0sdHw3sc4.mp4,FakeAVCeleb,FakeVideo-RealAudio,VISUAL_MANIPULATION,1,0,1,id06254,Asian (South),women,43,id07236,unknown,4,calibration
fac_f88bd723c0f3,data/raw/fakeavceleb/FakeAVCeleb_v1.2/FakeAVCeleb_v1.2/FakeVideo-RealAudio/Asian (South)/women/id06268/00159_0.mp4,00159_0.mp4,FakeAVCeleb,FakeVideo-RealAudio,VISUAL_MANIPULATION,1,0,1,id06268,Asian (South),women,159,,unknown,4,calibration
fac_82479ba62267,data/raw/fakeavceleb/FakeAVCeleb_v1.2/FakeAVCeleb_v1.2/FakeVideo-RealAudio/Asian (South)/women/id06268/00159_id00149_wavtolip.mp4,00159_id00149_wavtolip.mp4,FakeAVCeleb,FakeVideo-RealAudio,VISUAL_MANIPULATION,1,0,1,id06268,Asian (South),women,159,id00149,wav2lip,4,calibration
fac_d0ed98492140,data/raw/fakeavceleb/FakeAVCeleb_v1.2/FakeAVCeleb_v1.2/FakeVideo-RealAudio/Asian (South)/women/id06268/00159_id00747_l3eOd4UDsGc.mp4,00159_id00747_l3eOd4UDsGc.mp4,FakeAVCeleb,FakeVideo-RealAudio,VISUAL_MANIPULATION,1,0,1,id06268,Asian (South),women,159,id00747,unknown,4,calibration
fac_0c1b846686d0,data/raw/fakeavceleb/FakeAVCeleb_v1.2/FakeAVCeleb_v1.2/FakeVideo-RealAudio/Asian (South)/women/id06268/00159_id01026_wavtolip.mp4,00159_id01026_wavtolip.mp4,FakeAVCeleb,FakeVideo-RealAudio,VISUAL_MANIPULATION,1,0,1,id06268,Asian (South),women,159,id01026,wav2lip,4,calibration
fac_fca1eb5595ce,data/raw/fakeavceleb/FakeAVCeleb_v1.2/FakeAVCeleb_v1.2/FakeVideo-RealAudio/Asian (South)/women/id06268/00159_id02310_wavtolip.mp4,00159_id02310_wavtolip.mp4,FakeAVCeleb,FakeVideo-RealAudio,VISUAL_MANIPULATION,1,0,1,id06268,Asian (South),women,159,id02310,wav2lip,4,calibration
fac_cee90f726580,data/raw/fakeavceleb/FakeAVCeleb_v1.2/FakeAVCeleb_v1.2/FakeVideo-RealAudio/Asian (South)/women/id06268/00159_id03559_pgetxl1qbzM.mp4,00159_id03559_pgetxl1qbzM.mp4,FakeAVCeleb,FakeVideo-RealAudio,VISUAL_MANIPULATION,1,0,1,id06268,Asian (South),women,159,id03559,unknown,4,calibration
fac_30d23ec00860,data/raw/fakeavceleb/FakeAVCeleb_v1.2/FakeAVCeleb_v1.2/FakeVideo-RealAudio/Asian (South)/women/id06268/00159_id03985_01aVtyjfVFM.mp4,00159_id03985_01aVtyjfVFM.mp4,FakeAVCeleb,FakeVideo-RealAudio,VISUAL_MANIPULATION,1,0,1,id06268,Asian (South),women,159,id03985,unknown,4,calibration
fac_11627adfe4d4,data/raw/fakeavceleb/FakeAVCeleb_v1.2/FakeAVCeleb_v1.2/FakeVideo-RealAudio/Asian (South)/women/id06268/00159_id04070_wavtolip.mp4,00159_id04070_wavtolip.mp4,FakeAVCeleb,FakeVideo-RealAudio,VISUAL_MANIPULATION,1,0,1,id06268,Asian (South),women,159,id04070,wav2lip,4,calibration
fac_93d0441cfc6a,data/raw/fakeavceleb/FakeAVCeleb_v1.2/FakeAVCeleb_v1.2/FakeVideo-RealAudio/Asian (South)/women/id06268/00159_id04564_wavtolip.mp4,00159_id04564_wavtolip.mp4,FakeAVCeleb,FakeVideo-RealAudio,VISUAL_MANIPULATION,1,0,1,id06268,Asian (South),women,159,id04564,wav2lip,4,calibration
fac_1bc8d8b3b6d7,data/raw/fakeavceleb/FakeAVCeleb_v1.2/FakeAVCeleb_v1.2/FakeVideo-RealAudio/Asian (South)/women/id06268/00159_id05434_wavtolip.mp4,00159_id05434_wavtolip.mp4,FakeAVCeleb,FakeVideo-RealAudio,VISUAL_MANIPULATION,1,0,1,id06268,Asian (South),women,159,id05434,wav2lip,4,calibration
fac_1bb4edc1c2c8,data/raw/fakeavceleb/FakeAVCeleb_v1.2/FakeAVCeleb_v1.2/FakeVideo-RealAudio/Asian (South)/women/id06268/00159_id05435_OvX-Jv_whcU.mp4,00159_id05435_OvX-Jv_whcU.mp4,FakeAVCeleb,FakeVideo-RealAudio,VISUAL_MANIPULATION,1,0,1,id06268,Asian (South),women,159,id05435,unknown,4,calibration
fac_e7ac57afb483,data/raw/fakeavceleb/FakeAVCeleb_v1.2/FakeAVCeleb_v1.2/FakeVideo-RealAudio/Asian (South)/women/id06268/00159_id05845_wavtolip.mp4,00159_id05845_wavtolip.mp4,FakeAVCeleb,FakeVideo-RealAudio,VISUAL_MANIPULATION,1,0,1,id06268,Asian (South),women,159,id05845,wav2lip,4,calibration
fac_819376b79aaf,data/raw/fakeavceleb/FakeAVCeleb_v1.2/FakeAVCeleb_v1.2/FakeVideo-RealAudio/Asian (South)/women/id06268/00159_id06437_3BZvvzBhj8s.mp4,00159_id06437_3BZvvzBhj8s.mp4,FakeAVCeleb,FakeVideo-RealAudio,VISUAL_MANIPULATION,1,0,1,id06268,Asian (South),women,159,id06437,unknown,4,calibration
fac_02ef53aaedfb,data/raw/fakeavceleb/FakeAVCeleb_v1.2/FakeAVCeleb_v1.2/FakeVideo-RealAudio/Asian (South)/women/id06268/00159_id06439_wavtolip.mp4,00159_id06439_wavtolip.mp4,FakeAVCeleb,FakeVideo-RealAudio,VISUAL_MANIPULATION,1,0,1,id06268,Asian (South),women,159,id06439,wav2lip,4,calibration
fac_b75e6788cbc6,data/raw/fakeavceleb/FakeAVCeleb_v1.2/FakeAVCeleb_v1.2/FakeVideo-RealAudio/Asian (South)/women/id06268/00159_id06445_NWtdqOxEbDY.mp4,00159_id06445_NWtdqOxEbDY.mp4,FakeAVCeleb,FakeVideo-RealAudio,VISUAL_MANIPULATION,1,0,1,id06268,Asian (South),women,159,id06445,unknown,4,calibration
fac_ec90717b8990,data/raw/fakeavceleb/FakeAVCeleb_v1.2/FakeAVCeleb_v1.2/FakeVideo-RealAudio/Asian (South)/women/id06268/00159_id06445_wavtolip.mp4,00159_id06445_wavtolip.mp4,FakeAVCeleb,FakeVideo-RealAudio,VISUAL_MANIPULATION,1,0,1,id06268,Asian (South),women,159,id06445,wav2lip,4,calibration
fac_5e0dd1b338fe,data/raw/fakeavceleb/FakeAVCeleb_v1.2/FakeAVCeleb_v1.2/FakeVideo-RealAudio/Asian (South)/women/id06268/00159_id07049_BiljgZcyWI4.mp4,00159_id07049_BiljgZcyWI4.mp4,FakeAVCeleb,FakeVideo-RealAudio,VISUAL_MANIPULATION,1,0,1,id06268,Asian (South),women,159,id07049,unknown,4,calibration
fac_d1cb26f72696,data/raw/fakeavceleb/FakeAVCeleb_v1.2/FakeAVCeleb_v1.2/FakeVideo-RealAudio/Asian (South)/women/id06268/00159_id07051_d1c0Pl2aP_4.mp4,00159_id07051_d1c0Pl2aP_4.mp4,FakeAVCeleb,FakeVideo-RealAudio,VISUAL_MANIPULATION,1,0,1,id06268,Asian (South),women,159,id07051,unknown,4,calibration
fac_f6d22e6ae1c6,data/raw/fakeavceleb/FakeAVCeleb_v1.2/FakeAVCeleb_v1.2/FakeVideo-RealAudio/Asian (South)/women/id06268/00159_id07051_d1c0Pl2aP_4_faceswap.mp4,00159_id07051_d1c0Pl2aP_4_faceswap.mp4,FakeAVCeleb,FakeVideo-RealAudio,VISUAL_MANIPULATION,1,0,1,id06268,Asian (South),women,159,id07051,faceswap,4,calibration
fac_5b1983757e36,data/raw/fakeavceleb/FakeAVCeleb_v1.2/FakeAVCeleb_v1.2/FakeVideo-RealAudio/Asian (South)/women/id06268/00159_id07051_wavtolip.mp4,00159_id07051_wavtolip.mp4,FakeAVCeleb,FakeVideo-RealAudio,VISUAL_MANIPULATION,1,0,1,id06268,Asian (South),women,159,id07051,wav2lip,4,calibration
fac_75966899cd42,data/raw/fakeavceleb/FakeAVCeleb_v1.2/FakeAVCeleb_v1.2/FakeVideo-RealAudio/Asian (South)/women/id06343/00023_id00149_wavtolip.mp4,00023_id00149_wavtolip.mp4,FakeAVCeleb,FakeVideo-RealAudio,VISUAL_MANIPULATION,1,0,1,id06343,Asian (South),women,23,id00149,wav2lip,4,calibration
fac_1cc26da2d1d3,data/raw/fakeavceleb/FakeAVCeleb_v1.2/FakeAVCeleb_v1.2/FakeVideo-RealAudio/Asian (South)/women/id06343/00023_id00461_wavtolip.mp4,00023_id00461_wavtolip.mp4,FakeAVCeleb,FakeVideo-RealAudio,VISUAL_MANIPULATION,1,0,1,id06343,Asian (South),women,23,id00461,wav2lip,4,calibration
fac_b197e37fd9fe,data/raw/fakeavceleb/FakeAVCeleb_v1.2/FakeAVCeleb_v1.2/FakeVideo-RealAudio/Asian (South)/women/id06343/00023_id00488_wavtolip.mp4,00023_id00488_wavtolip.mp4,FakeAVCeleb,FakeVideo-RealAudio,VISUAL_MANIPULATION,1,0,1,id06343,Asian (South),women,23,id00488,wav2lip,4,calibration
fac_72790fd17466,data/raw/fakeavceleb/FakeAVCeleb_v1.2/FakeAVCeleb_v1.2/FakeVideo-RealAudio/Asian (South)/women/id06343/00023_id00739_wavtolip.mp4,00023_id00739_wavtolip.mp4,FakeAVCeleb,FakeVideo-RealAudio,VISUAL_MANIPULATION,1,0,1,id06343,Asian (South),women,23,id00739,wav2lip,4,calibration
fac_6c5c3ddaf29b,data/raw/fakeavceleb/FakeAVCeleb_v1.2/FakeAVCeleb_v1.2/FakeVideo-RealAudio/Asian (South)/women/id06343/00023_id01026_wavtolip.mp4,00023_id01026_wavtolip.mp4,FakeAVCeleb,FakeVideo-RealAudio,VISUAL_MANIPULATION,1,0,1,id06343,Asian (South),women,23,id01026,wav2lip,4,calibration
fac_23227832ecd2,data/raw/fakeavceleb/FakeAVCeleb_v1.2/FakeAVCeleb_v1.2/FakeVideo-RealAudio/Asian (South)/women/id06343/00023_id02089_wavtolip.mp4,00023_id02089_wavtolip.mp4,FakeAVCeleb,FakeVideo-RealAudio,VISUAL_MANIPULATION,1,0,1,id06343,Asian (South),women,23,id02089,wav2lip,4,calibration
fac_40ac89b40e11,data/raw/fakeavceleb/FakeAVCeleb_v1.2/FakeAVCeleb_v1.2/FakeVideo-RealAudio/Asian (South)/women/id06343/00023_id02310_zA-8Pw0SvZg.mp4,00023_id02310_zA-8Pw0SvZg.mp4,FakeAVCeleb,FakeVideo-RealAudio,VISUAL_MANIPULATION,1,0,1,id06343,Asian (South),women,23,id02310,unknown,4,calibration
fac_e28bb52cf0e7,data/raw/fakeavceleb/FakeAVCeleb_v1.2/FakeAVCeleb_v1.2/FakeVideo-RealAudio/Asian (South)/women/id06343/00023_id03559_wavtolip.mp4,00023_id03559_wavtolip.mp4,FakeAVCeleb,FakeVideo-RealAudio,VISUAL_MANIPULATION,1,0,1,id06343,Asian (South),women,23,id03559,wav2lip,4,calibration
fac_7282bb54a1ac,data/raw/fakeavceleb/FakeAVCeleb_v1.2/FakeAVCeleb_v1.2/FakeVideo-RealAudio/Asian (South)/women/id06343/00023_id04070_F3CgrqRjcgw.mp4,00023_id04070_F3CgrqRjcgw.mp4,FakeAVCeleb,FakeVideo-RealAudio,VISUAL_MANIPULATION,1,0,1,id06343,Asian (South),women,23,id04070,unknown,4,calibration
fac_0b7e51e03f11,data/raw/fakeavceleb/FakeAVCeleb_v1.2/FakeAVCeleb_v1.2/FakeVideo-RealAudio/Asian (South)/women/id06343/00023_id04530_W5-PTTL9HzU.mp4,00023_id04530_W5-PTTL9HzU.mp4,FakeAVCeleb,FakeVideo-RealAudio,VISUAL_MANIPULATION,1,0,1,id06343,Asian (South),women,23,id04530,unknown,4,calibration
fac_149a08c20573,data/raw/fakeavceleb/FakeAVCeleb_v1.2/FakeAVCeleb_v1.2/FakeVideo-RealAudio/Asian (South)/women/id06343/00023_id05931_wavtolip.mp4,00023_id05931_wavtolip.mp4,FakeAVCeleb,FakeVideo-RealAudio,VISUAL_MANIPULATION,1,0,1,id06343,Asian (South),women,23,id05931,wav2lip,4,calibration
fac_de8e1e9a18fa,data/raw/fakeavceleb/FakeAVCeleb_v1.2/FakeAVCeleb_v1.2/FakeVideo-RealAudio/Asian (South)/women/id06343/00023_id06254_8VSfI86Fua4.mp4,00023_id06254_8VSfI86Fua4.mp4,FakeAVCeleb,FakeVideo-RealAudio,VISUAL_MANIPULATION,1,0,1,id06343,Asian (South),women,23,id06254,unknown,4,calibration
fac_ce7ad4b18652,data/raw/fakeavceleb/FakeAVCeleb_v1.2/FakeAVCeleb_v1.2/FakeVideo-RealAudio/Asian (South)/women/id06343/00023_id06254_wavtolip.mp4,00023_id06254_wavtolip.mp4,FakeAVCeleb,FakeVideo-RealAudio,VISUAL_MANIPULATION,1,0,1,id06343,Asian (South),women,23,id06254,wav2lip,4,calibration
fac_d812b461bad0,data/raw/fakeavceleb/FakeAVCeleb_v1.2/FakeAVCeleb_v1.2/FakeVideo-RealAudio/Asian (South)/women/id06343/00023_id06438_vf3xBVgYqYA.mp4,00023_id06438_vf3xBVgYqYA.mp4,FakeAVCeleb,FakeVideo-RealAudio,VISUAL_MANIPULATION,1,0,1,id06343,Asian (South),women,23,id06438,unknown,4,calibration
fac_50cfaea5cb86,data/raw/fakeavceleb/FakeAVCeleb_v1.2/FakeAVCeleb_v1.2/FakeVideo-RealAudio/Asian (South)/women/id06343/00023_id06438_vf3xBVgYqYA_faceswap.mp4,00023_id06438_vf3xBVgYqYA_faceswap.mp4,FakeAVCeleb,FakeVideo-RealAudio,VISUAL_MANIPULATION,1,0,1,id06343,Asian (South),women,23,id06438,faceswap,4,calibration
fac_c7167de891e9,data/raw/fakeavceleb/FakeAVCeleb_v1.2/FakeAVCeleb_v1.2/FakeVideo-RealAudio/Asian (South)/women/id06343/00023_id06752_PYYIloTJiH0.mp4,00023_id06752_PYYIloTJiH0.mp4,FakeAVCeleb,FakeVideo-RealAudio,VISUAL_MANIPULATION,1,0,1,id06343,Asian (South),women,23,id06752,unknown,4,calibration
fac_1981edae87de,data/raw/fakeavceleb/FakeAVCeleb_v1.2/FakeAVCeleb_v1.2/FakeVideo-RealAudio/Asian (South)/women/id06343/00023_id07051_d1c0Pl2aP_4.mp4,00023_id07051_d1c0Pl2aP_4.mp4,FakeAVCeleb,FakeVideo-RealAudio,VISUAL_MANIPULATION,1,0,1,id06343,Asian (South),women,23,id07051,unknown,4,calibration
fac_968f23c42bd6,data/raw/fakeavceleb/FakeAVCeleb_v1.2/FakeAVCeleb_v1.2/FakeVideo-RealAudio/Asian (South)/women/id06343/00023_id07051_wavtolip.mp4,00023_id07051_wavtolip.mp4,FakeAVCeleb,FakeVideo-RealAudio,VISUAL_MANIPULATION,1,0,1,id06343,Asian (South),women,23,id07051,wav2lip,4,calibration
fac_353ede70b90d,data/raw/fakeavceleb/FakeAVCeleb_v1.2/FakeAVCeleb_v1.2/FakeVideo-RealAudio/Asian (South)/women/id06343/00023_id07236_Fe0sdHw3sc4.mp4,00023_id07236_Fe0sdHw3sc4.mp4,FakeAVCeleb,FakeVideo-RealAudio,VISUAL_MANIPULATION,1,0,1,id06343,Asian (South),women,23,id07236,unknown,4,calibration
fac_e164590f23aa,data/raw/fakeavceleb/FakeAVCeleb_v1.2/FakeAVCeleb_v1.2/FakeVideo-RealAudio/Asian (South)/women/id06428/00043_id00043_wavtolip.mp4,00043_id00043_wavtolip.mp4,FakeAVCeleb,FakeVideo-RealAudio,VISUAL_MANIPULATION,1,0,1,id06428,Asian (South),women,43,id00043,wav2lip,4,calibration
fac_13351ad2218a,data/raw/fakeavceleb/FakeAVCeleb_v1.2/FakeAVCeleb_v1.2/FakeVideo-RealAudio/Asian (South)/women/id06428/00043_id02310_wavtolip.mp4,00043_id02310_wavtolip.mp4,FakeAVCeleb,FakeVideo-RealAudio,VISUAL_MANIPULATION,1,0,1,id06428,Asian (South),women,43,id02310,wav2lip,4,calibration
fac_ce93ef7ed95e,data/raw/fakeavceleb/FakeAVCeleb_v1.2/FakeAVCeleb_v1.2/FakeVideo-RealAudio/Asian (South)/women/id06428/00043_id02310_zA-8Pw0SvZg.mp4,00043_id02310_zA-8Pw0SvZg.mp4,FakeAVCeleb,FakeVideo-RealAudio,VISUAL_MANIPULATION,1,0,1,id06428,Asian (South),women,43,id02310,unknown,4,calibration
fac_66cee0e38938,data/raw/fakeavceleb/FakeAVCeleb_v1.2/FakeAVCeleb_v1.2/FakeVideo-RealAudio/Asian (South)/women/id06428/00043_id03815_hw41YlLps4w.mp4,00043_id03815_hw41YlLps4w.mp4,FakeAVCeleb,FakeVideo-RealAudio,VISUAL_MANIPULATION,1,0,1,id06428,Asian (South),women,43,id03815,unknown,4,calibration
fac_61d14ea1f574,data/raw/fakeavceleb/FakeAVCeleb_v1.2/FakeAVCeleb_v1.2/FakeVideo-RealAudio/Asian (South)/women/id06428/00043_id03815_wavtolip.mp4,00043_id03815_wavtolip.mp4,FakeAVCeleb,FakeVideo-RealAudio,VISUAL_MANIPULATION,1,0,1,id06428,Asian (South),women,43,id03815,wav2lip,4,calibration
fac_8070b325c9a6,data/raw/fakeavceleb/FakeAVCeleb_v1.2/FakeAVCeleb_v1.2/FakeVideo-RealAudio/Asian (South)/women/id06428/00043_id04927_wavtolip.mp4,00043_id04927_wavtolip.mp4,FakeAVCeleb,FakeVideo-RealAudio,VISUAL_MANIPULATION,1,0,1,id06428,Asian (South),women,43,id04927,wav2lip,4,calibration
fac_541106e2e7b0,data/raw/fakeavceleb/FakeAVCeleb_v1.2/FakeAVCeleb_v1.2/FakeVideo-RealAudio/Asian (South)/women/id06428/00043_id05434_6p7kCmdOjDQ.mp4,00043_id05434_6p7kCmdOjDQ.mp4,FakeAVCeleb,FakeVideo-RealAudio,VISUAL_MANIPULATION,1,0,1,id06428,Asian (South),women,43,id05434,unknown,4,calibration
fac_d6767acda362,data/raw/fakeavceleb/FakeAVCeleb_v1.2/FakeAVCeleb_v1.2/FakeVideo-RealAudio/Asian (South)/women/id06428/00043_id05845_XfMHm6CEwPw.mp4,00043_id05845_XfMHm6CEwPw.mp4,FakeAVCeleb,FakeVideo-RealAudio,VISUAL_MANIPULATION,1,0,1,id06428,Asian (South),women,43,id05845,unknown,4,calibration
fac_14b299af147d,data/raw/fakeavceleb/FakeAVCeleb_v1.2/FakeAVCeleb_v1.2/FakeVideo-RealAudio/Asian (South)/women/id06428/00043_id05845_wavtolip.mp4,00043_id05845_wavtolip.mp4,FakeAVCeleb,FakeVideo-RealAudio,VISUAL_MANIPULATION,1,0,1,id06428,Asian (South),women,43,id05845,wav2lip,4,calibration
fac_20886c9bb7f2,data/raw/fakeavceleb/FakeAVCeleb_v1.2/FakeAVCeleb_v1.2/FakeVideo-RealAudio/Asian (South)/women/id06428/00043_id06232_wavtolip.mp4,00043_id06232_wavtolip.mp4,FakeAVCeleb,FakeVideo-RealAudio,VISUAL_MANIPULATION,1,0,1,id06428,Asian (South),women,43,id06232,wav2lip,4,calibration
fac_6737ed819dcb,data/raw/fakeavceleb/FakeAVCeleb_v1.2/FakeAVCeleb_v1.2/FakeVideo-RealAudio/Asian (South)/women/id06428/00043_id06268_wavtolip.mp4,00043_id06268_wavtolip.mp4,FakeAVCeleb,FakeVideo-RealAudio,VISUAL_MANIPULATION,1,0,1,id06428,Asian (South),women,43,id06268,wav2lip,4,calibration
fac_3530166997e5,data/raw/fakeavceleb/FakeAVCeleb_v1.2/FakeAVCeleb_v1.2/FakeVideo-RealAudio/Asian (South)/women/id06428/00043_id06343_wavtolip.mp4,00043_id06343_wavtolip.mp4,FakeAVCeleb,FakeVideo-RealAudio,VISUAL_MANIPULATION,1,0,1,id06428,Asian (South),women,43,id06343,wav2lip,4,calibration
fac_2eeb18988e3c,data/raw/fakeavceleb/FakeAVCeleb_v1.2/FakeAVCeleb_v1.2/FakeVideo-RealAudio/Asian (South)/women/id06428/00043_id06437_wavtolip.mp4,00043_id06437_wavtolip.mp4,FakeAVCeleb,FakeVideo-RealAudio,VISUAL_MANIPULATION,1,0,1,id06428,Asian (South),women,43,id06437,wav2lip,4,calibration
fac_3e9ca658fdc9,data/raw/fakeavceleb/FakeAVCeleb_v1.2/FakeAVCeleb_v1.2/FakeVideo-RealAudio/Asian (South)/women/id06428/00043_id07051_d1c0Pl2aP_4.mp4,00043_id07051_d1c0Pl2aP_4.mp4,FakeAVCeleb,FakeVideo-RealAudio,VISUAL_MANIPULATION,1,0,1,id06428,Asian (South),women,43,id07051,unknown,4,calibration
fac_6a2b1b1a0172,data/raw/fakeavceleb/FakeAVCeleb_v1.2/FakeAVCeleb_v1.2/FakeVideo-RealAudio/Asian (South)/women/id06428/00043_id07051_d1c0Pl2aP_4_faceswap.mp4,00043_id07051_d1c0Pl2aP_4_faceswap.mp4,FakeAVCeleb,FakeVideo-RealAudio,VISUAL_MANIPULATION,1,0,1,id06428,Asian (South),women,43,id07051,faceswap,4,calibration
fac_aabe5b08ac77,data/raw/fakeavceleb/FakeAVCeleb_v1.2/FakeAVCeleb_v1.2/FakeVideo-RealAudio/Asian (South)/women/id06428/00043_id07136_4e43eS5p3_M.mp4,00043_id07136_4e43eS5p3_M.mp4,FakeAVCeleb,FakeVideo-RealAudio,VISUAL_MANIPULATION,1,0,1,id06428,Asian (South),women,43,id07136,unknown,4,calibration
fac_26766532df45,data/raw/fakeavceleb/FakeAVCeleb_v1.2/FakeAVCeleb_v1.2/FakeVideo-RealAudio/Asian (South)/women/id06428/00043_id07377_FGNavKcGANA.mp4,00043_id07377_FGNavKcGANA.mp4,FakeAVCeleb,FakeVideo-RealAudio,VISUAL_MANIPULATION,1,0,1,id06428,Asian (South),women,43,id07377,unknown,4,calibration
fac_6804c1fee148,data/raw/fakeavceleb/FakeAVCeleb_v1.2/FakeAVCeleb_v1.2/FakeVideo-RealAudio/Asian (South)/women/id06428/00043_id07686_wavtolip.mp4,00043_id07686_wavtolip.mp4,FakeAVCeleb,FakeVideo-RealAudio,VISUAL_MANIPULATION,1,0,1,id06428,Asian (South),women,43,id07686,wav2lip,4,calibration
fac_1dc5089a27c6,data/raw/fakeavceleb/FakeAVCeleb_v1.2/FakeAVCeleb_v1.2/FakeVideo-RealAudio/Asian (South)/women/id06428/00043_id07689_2ie0g83JkgA.mp4,00043_id07689_2ie0g83JkgA.mp4,FakeAVCeleb,FakeVideo-RealAudio,VISUAL_MANIPULATION,1,0,1,id06428,Asian (South),women,43,id07689,unknown,4,calibration
fac_d3c0872dd2f1,data/raw/fakeavceleb/FakeAVCeleb_v1.2/FakeAVCeleb_v1.2/FakeVideo-RealAudio/Asian (South)/women/id06437/00028_0.mp4,00028_0.mp4,FakeAVCeleb,FakeVideo-RealAudio,VISUAL_MANIPULATION,1,0,1,id06437,Asian (South),women,28,,unknown,4,calibration
fac_1e8d6b526d4a,data/raw/fakeavceleb/FakeAVCeleb_v1.2/FakeAVCeleb_v1.2/FakeVideo-RealAudio/Asian (South)/women/id06437/00028_id00488_F3YxmZ9CYFw.mp4,00028_id00488_F3YxmZ9CYFw.mp4,FakeAVCeleb,FakeVideo-RealAudio,VISUAL_MANIPULATION,1,0,1,id06437,Asian (South),women,28,id00488,unknown,4,calibration
fac_68fe13f41e6c,data/raw/fakeavceleb/FakeAVCeleb_v1.2/FakeAVCeleb_v1.2/FakeVideo-RealAudio/Asian (South)/women/id06437/00028_id02619_wavtolip.mp4,00028_id02619_wavtolip.mp4,FakeAVCeleb,FakeVideo-RealAudio,VISUAL_MANIPULATION,1,0,1,id06437,Asian (South),women,28,id02619,wav2lip,4,calibration
fac_e2333f78b9bc,data/raw/fakeavceleb/FakeAVCeleb_v1.2/FakeAVCeleb_v1.2/FakeVideo-RealAudio/Asian (South)/women/id06437/00028_id03815_wavtolip.mp4,00028_id03815_wavtolip.mp4,FakeAVCeleb,FakeVideo-RealAudio,VISUAL_MANIPULATION,1,0,1,id06437,Asian (South),women,28,id03815,wav2lip,4,calibration
fac_0d10d17f3fad,data/raw/fakeavceleb/FakeAVCeleb_v1.2/FakeAVCeleb_v1.2/FakeVideo-RealAudio/Asian (South)/women/id06437/00028_id03897_wavtolip.mp4,00028_id03897_wavtolip.mp4,FakeAVCeleb,FakeVideo-RealAudio,VISUAL_MANIPULATION,1,0,1,id06437,Asian (South),women,28,id03897,wav2lip,4,calibration
fac_2c3a9993487e,data/raw/fakeavceleb/FakeAVCeleb_v1.2/FakeAVCeleb_v1.2/FakeVideo-RealAudio/Asian (South)/women/id06437/00028_id04070_F3CgrqRjcgw.mp4,00028_id04070_F3CgrqRjcgw.mp4,FakeAVCeleb,FakeVideo-RealAudio,VISUAL_MANIPULATION,1,0,1,id06437,Asian (South),women,28,id04070,unknown,4,calibration
fac_779517063a83,data/raw/fakeavceleb/FakeAVCeleb_v1.2/FakeAVCeleb_v1.2/FakeVideo-RealAudio/Asian (South)/women/id06437/00028_id04070_wavtolip.mp4,00028_id04070_wavtolip.mp4,FakeAVCeleb,FakeVideo-RealAudio,VISUAL_MANIPULATION,1,0,1,id06437,Asian (South),women,28,id04070,wav2lip,4,calibration
fac_0511d733d3f5,data/raw/fakeavceleb/FakeAVCeleb_v1.2/FakeAVCeleb_v1.2/FakeVideo-RealAudio/Asian (South)/women/id06437/00028_id04490_G00MMIdUOTc.mp4,00028_id04490_G00MMIdUOTc.mp4,FakeAVCeleb,FakeVideo-RealAudio,VISUAL_MANIPULATION,1,0,1,id06437,Asian (South),women,28,id04490,unknown,4,calibration
fac_f5995f5881a7,data/raw/fakeavceleb/FakeAVCeleb_v1.2/FakeAVCeleb_v1.2/FakeVideo-RealAudio/Asian (South)/women/id06437/00028_id04582_wavtolip.mp4,00028_id04582_wavtolip.mp4,FakeAVCeleb,FakeVideo-RealAudio,VISUAL_MANIPULATION,1,0,1,id06437,Asian (South),women,28,id04582,wav2lip,4,calibration
fac_a7488fa1e7e0,data/raw/fakeavceleb/FakeAVCeleb_v1.2/FakeAVCeleb_v1.2/FakeVideo-RealAudio/Asian (South)/women/id06437/00028_id04583_wavtolip.mp4,00028_id04583_wavtolip.mp4,FakeAVCeleb,FakeVideo-RealAudio,VISUAL_MANIPULATION,1,0,1,id06437,Asian (South),women,28,id04583,wav2lip,4,calibration
fac_1ce444da7323,data/raw/fakeavceleb/FakeAVCeleb_v1.2/FakeAVCeleb_v1.2/FakeVideo-RealAudio/Asian (South)/women/id06437/00028_id05845_XfMHm6CEwPw.mp4,00028_id05845_XfMHm6CEwPw.mp4,FakeAVCeleb,FakeVideo-RealAudio,VISUAL_MANIPULATION,1,0,1,id06437,Asian (South),women,28,id05845,unknown,4,calibration
fac_6621c11a3e33,data/raw/fakeavceleb/FakeAVCeleb_v1.2/FakeAVCeleb_v1.2/FakeVideo-RealAudio/Asian (South)/women/id06437/00028_id06232_wavtolip.mp4,00028_id06232_wavtolip.mp4,FakeAVCeleb,FakeVideo-RealAudio,VISUAL_MANIPULATION,1,0,1,id06437,Asian (South),women,28,id06232,wav2lip,4,calibration
fac_5b06aa471be0,data/raw/fakeavceleb/FakeAVCeleb_v1.2/FakeAVCeleb_v1.2/FakeVideo-RealAudio/Asian (South)/women/id06437/00028_id06268_h9p-Na_iA1s.mp4,00028_id06268_h9p-Na_iA1s.mp4,FakeAVCeleb,FakeVideo-RealAudio,VISUAL_MANIPULATION,1,0,1,id06437,Asian (South),women,28,id06268,unknown,4,calibration
fac_57846f412833,data/raw/fakeavceleb/FakeAVCeleb_v1.2/FakeAVCeleb_v1.2/FakeVideo-RealAudio/Asian (South)/women/id06437/00028_id06268_wavtolip.mp4,00028_id06268_wavtolip.mp4,FakeAVCeleb,FakeVideo-RealAudio,VISUAL_MANIPULATION,1,0,1,id06437,Asian (South),women,28,id06268,wav2lip,4,calibration
fac_6971fd649851,data/raw/fakeavceleb/FakeAVCeleb_v1.2/FakeAVCeleb_v1.2/FakeVideo-RealAudio/Asian (South)/women/id06437/00028_id06438_vf3xBVgYqYA.mp4,00028_id06438_vf3xBVgYqYA.mp4,FakeAVCeleb,FakeVideo-RealAudio,VISUAL_MANIPULATION,1,0,1,id06437,Asian (South),women,28,id06438,unknown,4,calibration
fac_3231aff447cc,data/raw/fakeavceleb/FakeAVCeleb_v1.2/FakeAVCeleb_v1.2/FakeVideo-RealAudio/Asian (South)/women/id06437/00028_id06438_vf3xBVgYqYA_faceswap.mp4,00028_id06438_vf3xBVgYqYA_faceswap.mp4,FakeAVCeleb,FakeVideo-RealAudio,VISUAL_MANIPULATION,1,0,1,id06437,Asian (South),women,28,id06438,faceswap,4,calibration
fac_08e5bc00ac97,data/raw/fakeavceleb/FakeAVCeleb_v1.2/FakeAVCeleb_v1.2/FakeVideo-RealAudio/Asian (South)/women/id06437/00028_id06752_PYYIloTJiH0.mp4,00028_id06752_PYYIloTJiH0.mp4,FakeAVCeleb,FakeVideo-RealAudio,VISUAL_MANIPULATION,1,0,1,id06437,Asian (South),women,28,id06752,unknown,4,calibration
fac_6ad8c62f4b57,data/raw/fakeavceleb/FakeAVCeleb_v1.2/FakeAVCeleb_v1.2/FakeVideo-RealAudio/Asian (South)/women/id06437/00028_id07008_wavtolip.mp4,00028_id07008_wavtolip.mp4,FakeAVCeleb,FakeVideo-RealAudio,VISUAL_MANIPULATION,1,0,1,id06437,Asian (South),women,28,id07008,wav2lip,4,calibration
fac_f539468d2852,data/raw/fakeavceleb/FakeAVCeleb_v1.2/FakeAVCeleb_v1.2/FakeVideo-RealAudio/Asian (South)/women/id06437/00028_id07686_lwSGz24c1Bs.mp4,00028_id07686_lwSGz24c1Bs.mp4,FakeAVCeleb,FakeVideo-RealAudio,VISUAL_MANIPULATION,1,0,1,id06437,Asian (South),women,28,id07686,unknown,4,calibration
fac_27fe66686bd9,data/raw/fakeavceleb/FakeAVCeleb_v1.2/FakeAVCeleb_v1.2/FakeVideo-RealAudio/Asian (South)/women/id06437/00028_id07689_wavtolip.mp4,00028_id07689_wavtolip.mp4,FakeAVCeleb,FakeVideo-RealAudio,VISUAL_MANIPULATION,1,0,1,id06437,Asian (South),women,28,id07689,wav2lip,4,calibration
fac_666bc5ea7af7,data/raw/fakeavceleb/FakeAVCeleb_v1.2/FakeAVCeleb_v1.2/FakeVideo-RealAudio/Asian (South)/women/id06438/00110_id00235_wavtolip.mp4,00110_id00235_wavtolip.mp4,FakeAVCeleb,FakeVideo-RealAudio,VISUAL_MANIPULATION,1,0,1,id06438,Asian (South),women,110,id00235,wav2lip,4,calibration
fac_2b92db6fdef3,data/raw/fakeavceleb/FakeAVCeleb_v1.2/FakeAVCeleb_v1.2/FakeVideo-RealAudio/Asian (South)/women/id06438/00110_id00417_wavtolip.mp4,00110_id00417_wavtolip.mp4,FakeAVCeleb,FakeVideo-RealAudio,VISUAL_MANIPULATION,1,0,1,id06438,Asian (South),women,110,id00417,wav2lip,4,calibration
fac_7e0bd68a377a,data/raw/fakeavceleb/FakeAVCeleb_v1.2/FakeAVCeleb_v1.2/FakeVideo-RealAudio/Asian (South)/women/id06438/00110_id00488_F3YxmZ9CYFw.mp4,00110_id00488_F3YxmZ9CYFw.mp4,FakeAVCeleb,FakeVideo-RealAudio,VISUAL_MANIPULATION,1,0,1,id06438,Asian (South),women,110,id00488,unknown,4,calibration
fac_068313c7caea,data/raw/fakeavceleb/FakeAVCeleb_v1.2/FakeAVCeleb_v1.2/FakeVideo-RealAudio/Asian (South)/women/id06438/00110_id00488_wavtolip.mp4,00110_id00488_wavtolip.mp4,FakeAVCeleb,FakeVideo-RealAudio,VISUAL_MANIPULATION,1,0,1,id06438,Asian (South),women,110,id00488,wav2lip,4,calibration
fac_d67a78369cb2,data/raw/fakeavceleb/FakeAVCeleb_v1.2/FakeAVCeleb_v1.2/FakeVideo-RealAudio/Asian (South)/women/id06438/00110_id02310_zA-8Pw0SvZg.mp4,00110_id02310_zA-8Pw0SvZg.mp4,FakeAVCeleb,FakeVideo-RealAudio,VISUAL_MANIPULATION,1,0,1,id06438,Asian (South),women,110,id02310,unknown,4,calibration
fac_09ffb311c91b,data/raw/fakeavceleb/FakeAVCeleb_v1.2/FakeAVCeleb_v1.2/FakeVideo-RealAudio/Asian (South)/women/id06438/00110_id04070_F3CgrqRjcgw.mp4,00110_id04070_F3CgrqRjcgw.mp4,FakeAVCeleb,FakeVideo-RealAudio,VISUAL_MANIPULATION,1,0,1,id06438,Asian (South),women,110,id04070,unknown,4,calibration
fac_c53e4bb36c00,data/raw/fakeavceleb/FakeAVCeleb_v1.2/FakeAVCeleb_v1.2/FakeVideo-RealAudio/Asian (South)/women/id06438/00110_id04582_wavtolip.mp4,00110_id04582_wavtolip.mp4,FakeAVCeleb,FakeVideo-RealAudio,VISUAL_MANIPULATION,1,0,1,id06438,Asian (South),women,110,id04582,wav2lip,4,calibration
fac_22d171e34eef,data/raw/fakeavceleb/FakeAVCeleb_v1.2/FakeAVCeleb_v1.2/FakeVideo-RealAudio/Asian (South)/women/id06438/00110_id04583_M10zZFjuAb0.mp4,00110_id04583_M10zZFjuAb0.mp4,FakeAVCeleb,FakeVideo-RealAudio,VISUAL_MANIPULATION,1,0,1,id06438,Asian (South),women,110,id04583,unknown,4,calibration
fac_c7b4cc31bc47,data/raw/fakeavceleb/FakeAVCeleb_v1.2/FakeAVCeleb_v1.2/FakeVideo-RealAudio/Asian (South)/women/id06438/00110_id05435_wavtolip.mp4,00110_id05435_wavtolip.mp4,FakeAVCeleb,FakeVideo-RealAudio,VISUAL_MANIPULATION,1,0,1,id06438,Asian (South),women,110,id05435,wav2lip,4,calibration
fac_712c03f6e9b8,data/raw/fakeavceleb/FakeAVCeleb_v1.2/FakeAVCeleb_v1.2/FakeVideo-RealAudio/Asian (South)/women/id06438/00110_id05845_wavtolip.mp4,00110_id05845_wavtolip.mp4,FakeAVCeleb,FakeVideo-RealAudio,VISUAL_MANIPULATION,1,0,1,id06438,Asian (South),women,110,id05845,wav2lip,4,calibration
fac_0828cc418745,data/raw/fakeavceleb/FakeAVCeleb_v1.2/FakeAVCeleb_v1.2/FakeVideo-RealAudio/Asian (South)/women/id06438/00110_id05920_wavtolip.mp4,00110_id05920_wavtolip.mp4,FakeAVCeleb,FakeVideo-RealAudio,VISUAL_MANIPULATION,1,0,1,id06438,Asian (South),women,110,id05920,wav2lip,4,calibration
fac_fb77c3badbd5,data/raw/fakeavceleb/FakeAVCeleb_v1.2/FakeAVCeleb_v1.2/FakeVideo-RealAudio/Asian (South)/women/id06438/00110_id05931_wavtolip.mp4,00110_id05931_wavtolip.mp4,FakeAVCeleb,FakeVideo-RealAudio,VISUAL_MANIPULATION,1,0,1,id06438,Asian (South),women,110,id05931,wav2lip,4,calibration
fac_cf902aa9ae50,data/raw/fakeavceleb/FakeAVCeleb_v1.2/FakeAVCeleb_v1.2/FakeVideo-RealAudio/Asian (South)/women/id06438/00110_id06428_A9nvRKd1afA.mp4,00110_id06428_A9nvRKd1afA.mp4,FakeAVCeleb,FakeVideo-RealAudio,VISUAL_MANIPULATION,1,0,1,id06438,Asian (South),women,110,id06428,unknown,4,calibration
fac_dc342a0b0024,data/raw/fakeavceleb/FakeAVCeleb_v1.2/FakeAVCeleb_v1.2/FakeVideo-RealAudio/Asian (South)/women/id06438/00110_id06437_3BZvvzBhj8s.mp4,00110_id06437_3BZvvzBhj8s.mp4,FakeAVCeleb,FakeVideo-RealAudio,VISUAL_MANIPULATION,1,0,1,id06438,Asian (South),women,110,id06437,unknown,4,calibration
fac_574633223500,data/raw/fakeavceleb/FakeAVCeleb_v1.2/FakeAVCeleb_v1.2/FakeVideo-RealAudio/Asian (South)/women/id06438/00110_id06437_3BZvvzBhj8s_faceswap.mp4,00110_id06437_3BZvvzBhj8s_faceswap.mp4,FakeAVCeleb,FakeVideo-RealAudio,VISUAL_MANIPULATION,1,0,1,id06438,Asian (South),women,110,id06437,faceswap,4,calibration
fac_9e4be4b7a884,data/raw/fakeavceleb/FakeAVCeleb_v1.2/FakeAVCeleb_v1.2/FakeVideo-RealAudio/Asian (South)/women/id06438/00110_id06438_wavtolip.mp4,00110_id06438_wavtolip.mp4,FakeAVCeleb,FakeVideo-RealAudio,VISUAL_MANIPULATION,1,0,1,id06438,Asian (South),women,110,id06438,wav2lip,4,calibration
fac_328c40195826,data/raw/fakeavceleb/FakeAVCeleb_v1.2/FakeAVCeleb_v1.2/FakeVideo-RealAudio/Asian (South)/women/id06438/00110_id06752_PYYIloTJiH0.mp4,00110_id06752_PYYIloTJiH0.mp4,FakeAVCeleb,FakeVideo-RealAudio,VISUAL_MANIPULATION,1,0,1,id06438,Asian (South),women,110,id06752,unknown,4,calibration
fac_e1db49348438,data/raw/fakeavceleb/FakeAVCeleb_v1.2/FakeAVCeleb_v1.2/FakeVideo-RealAudio/Asian (South)/women/id06438/00110_id06752_wavtolip.mp4,00110_id06752_wavtolip.mp4,FakeAVCeleb,FakeVideo-RealAudio,VISUAL_MANIPULATION,1,0,1,id06438,Asian (South),women,110,id06752,wav2lip,4,calibration
fac_83aa4f16682f,data/raw/fakeavceleb/FakeAVCeleb_v1.2/FakeAVCeleb_v1.2/FakeVideo-RealAudio/Asian (South)/women/id06438/00110_id07689_2ie0g83JkgA.mp4,00110_id07689_2ie0g83JkgA.mp4,FakeAVCeleb,FakeVideo-RealAudio,VISUAL_MANIPULATION,1,0,1,id06438,Asian (South),women,110,id07689,unknown,4,calibration
fac_de5f87471378,data/raw/fakeavceleb/FakeAVCeleb_v1.2/FakeAVCeleb_v1.2/FakeVideo-RealAudio/Asian (South)/women/id06439/00118_id00043_wavtolip.mp4,00118_id00043_wavtolip.mp4,FakeAVCeleb,FakeVideo-RealAudio,VISUAL_MANIPULATION,1,0,1,id06439,Asian (South),women,118,id00043,wav2lip,4,calibration
fac_501becd57943,data/raw/fakeavceleb/FakeAVCeleb_v1.2/FakeAVCeleb_v1.2/FakeVideo-RealAudio/Asian (South)/women/id06439/00118_id00417_GhIZam3v09g.mp4,00118_id00417_GhIZam3v09g.mp4,FakeAVCeleb,FakeVideo-RealAudio,VISUAL_MANIPULATION,1,0,1,id06439,Asian (South),women,118,id00417,unknown,4,calibration
fac_8eb6fdf778c5,data/raw/fakeavceleb/FakeAVCeleb_v1.2/FakeAVCeleb_v1.2/FakeVideo-RealAudio/Asian (South)/women/id06439/00118_id00417_GhIZam3v09g_faceswap.mp4,00118_id00417_GhIZam3v09g_faceswap.mp4,FakeAVCeleb,FakeVideo-RealAudio,VISUAL_MANIPULATION,1,0,1,id06439,Asian (South),women,118,id00417,faceswap,4,calibration
fac_415ef94fba86,data/raw/fakeavceleb/FakeAVCeleb_v1.2/FakeAVCeleb_v1.2/FakeVideo-RealAudio/Asian (South)/women/id06439/00118_id00739_wavtolip.mp4,00118_id00739_wavtolip.mp4,FakeAVCeleb,FakeVideo-RealAudio,VISUAL_MANIPULATION,1,0,1,id06439,Asian (South),women,118,id00739,wav2lip,4,calibration
fac_fb0936c05e73,data/raw/fakeavceleb/FakeAVCeleb_v1.2/FakeAVCeleb_v1.2/FakeVideo-RealAudio/Asian (South)/women/id06439/00118_id02310_wavtolip.mp4,00118_id02310_wavtolip.mp4,FakeAVCeleb,FakeVideo-RealAudio,VISUAL_MANIPULATION,1,0,1,id06439,Asian (South),women,118,id02310,wav2lip,4,calibration
fac_7ba74200bef2,data/raw/fakeavceleb/FakeAVCeleb_v1.2/FakeAVCeleb_v1.2/FakeVideo-RealAudio/Asian (South)/women/id06439/00118_id02619_wavtolip.mp4,00118_id02619_wavtolip.mp4,FakeAVCeleb,FakeVideo-RealAudio,VISUAL_MANIPULATION,1,0,1,id06439,Asian (South),women,118,id02619,wav2lip,4,calibration
fac_ed0c46f6e5c2,data/raw/fakeavceleb/FakeAVCeleb_v1.2/FakeAVCeleb_v1.2/FakeVideo-RealAudio/Asian (South)/women/id06439/00118_id04529_wavtolip.mp4,00118_id04529_wavtolip.mp4,FakeAVCeleb,FakeVideo-RealAudio,VISUAL_MANIPULATION,1,0,1,id06439,Asian (South),women,118,id04529,wav2lip,4,calibration
fac_903a04aa11dd,data/raw/fakeavceleb/FakeAVCeleb_v1.2/FakeAVCeleb_v1.2/FakeVideo-RealAudio/Asian (South)/women/id06439/00118_id04583_M10zZFjuAb0.mp4,00118_id04583_M10zZFjuAb0.mp4,FakeAVCeleb,FakeVideo-RealAudio,VISUAL_MANIPULATION,1,0,1,id06439,Asian (South),women,118,id04583,unknown,4,calibration
fac_abec1979f46b,data/raw/fakeavceleb/FakeAVCeleb_v1.2/FakeAVCeleb_v1.2/FakeVideo-RealAudio/Asian (South)/women/id06439/00118_id05435_wavtolip.mp4,00118_id05435_wavtolip.mp4,FakeAVCeleb,FakeVideo-RealAudio,VISUAL_MANIPULATION,1,0,1,id06439,Asian (South),women,118,id05435,wav2lip,4,calibration
fac_bc46507ca224,data/raw/fakeavceleb/FakeAVCeleb_v1.2/FakeAVCeleb_v1.2/FakeVideo-RealAudio/Asian (South)/women/id06439/00118_id05478_VJkjRzPt-Jw.mp4,00118_id05478_VJkjRzPt-Jw.mp4,FakeAVCeleb,FakeVideo-RealAudio,VISUAL_MANIPULATION,1,0,1,id06439,Asian (South),women,118,id05478,unknown,4,calibration
fac_d49d28d26725,data/raw/fakeavceleb/FakeAVCeleb_v1.2/FakeAVCeleb_v1.2/FakeVideo-RealAudio/Asian (South)/women/id06439/00118_id06232_wavtolip.mp4,00118_id06232_wavtolip.mp4,FakeAVCeleb,FakeVideo-RealAudio,VISUAL_MANIPULATION,1,0,1,id06439,Asian (South),women,118,id06232,wav2lip,4,calibration
fac_2c3d0bd3c52c,data/raw/fakeavceleb/FakeAVCeleb_v1.2/FakeAVCeleb_v1.2/FakeVideo-RealAudio/Asian (South)/women/id06439/00118_id06428_A9nvRKd1afA.mp4,00118_id06428_A9nvRKd1afA.mp4,FakeAVCeleb,FakeVideo-RealAudio,VISUAL_MANIPULATION,1,0,1,id06439,Asian (South),women,118,id06428,unknown,4,calibration
fac_b52c6bbe92be,data/raw/fakeavceleb/FakeAVCeleb_v1.2/FakeAVCeleb_v1.2/FakeVideo-RealAudio/Asian (South)/women/id06439/00118_id06428_wavtolip.mp4,00118_id06428_wavtolip.mp4,FakeAVCeleb,FakeVideo-RealAudio,VISUAL_MANIPULATION,1,0,1,id06439,Asian (South),women,118,id06428,wav2lip,4,calibration
fac_7acaff53311b,data/raw/fakeavceleb/FakeAVCeleb_v1.2/FakeAVCeleb_v1.2/FakeVideo-RealAudio/Asian (South)/women/id06439/00118_id06437_wavtolip.mp4,00118_id06437_wavtolip.mp4,FakeAVCeleb,FakeVideo-RealAudio,VISUAL_MANIPULATION,1,0,1,id06439,Asian (South),women,118,id06437,wav2lip,4,calibration
fac_c6fad745bb0d,data/raw/fakeavceleb/FakeAVCeleb_v1.2/FakeAVCeleb_v1.2/FakeVideo-RealAudio/Asian (South)/women/id06439/00118_id06445_NWtdqOxEbDY.mp4,00118_id06445_NWtdqOxEbDY.mp4,FakeAVCeleb,FakeVideo-RealAudio,VISUAL_MANIPULATION,1,0,1,id06439,Asian (South),women,118,id06445,unknown,4,calibration
fac_b11787ca9318,data/raw/fakeavceleb/FakeAVCeleb_v1.2/FakeAVCeleb_v1.2/FakeVideo-RealAudio/Asian (South)/women/id06439/00118_id06752_wavtolip.mp4,00118_id06752_wavtolip.mp4,FakeAVCeleb,FakeVideo-RealAudio,VISUAL_MANIPULATION,1,0,1,id06439,Asian (South),women,118,id06752,wav2lip,4,calibration
fac_9e2b3e536076,data/raw/fakeavceleb/FakeAVCeleb_v1.2/FakeAVCeleb_v1.2/FakeVideo-RealAudio/Asian (South)/women/id06439/00118_id07136_4e43eS5p3_M.mp4,00118_id07136_4e43eS5p3_M.mp4,FakeAVCeleb,FakeVideo-RealAudio,VISUAL_MANIPULATION,1,0,1,id06439,Asian (South),women,118,id07136,unknown,4,calibration
fac_783c3cf5673b,data/raw/fakeavceleb/FakeAVCeleb_v1.2/FakeAVCeleb_v1.2/FakeVideo-RealAudio/Asian (South)/women/id06439/00118_id07377_FGNavKcGANA.mp4,00118_id07377_FGNavKcGANA.mp4,FakeAVCeleb,FakeVideo-RealAudio,VISUAL_MANIPULATION,1,0,1,id06439,Asian (South),women,118,id07377,unknown,4,calibration
fac_a8e45ebed92b,data/raw/fakeavceleb/FakeAVCeleb_v1.2/FakeAVCeleb_v1.2/FakeVideo-RealAudio/Asian (South)/women/id06439/00118_id07689_2ie0g83JkgA.mp4,00118_id07689_2ie0g83JkgA.mp4,FakeAVCeleb,FakeVideo-RealAudio,VISUAL_MANIPULATION,1,0,1,id06439,Asian (South),women,118,id07689,unknown,4,calibration
fac_418331526205,data/raw/fakeavceleb/FakeAVCeleb_v1.2/FakeAVCeleb_v1.2/FakeVideo-RealAudio/Asian (South)/women/id06445/00150_0.mp4,00150_0.mp4,FakeAVCeleb,FakeVideo-RealAudio,VISUAL_MANIPULATION,1,0,1,id06445,Asian (South),women,150,,unknown,4,calibration
fac_426e0adbe798,data/raw/fakeavceleb/FakeAVCeleb_v1.2/FakeAVCeleb_v1.2/FakeVideo-RealAudio/Asian (South)/women/id06445/00150_id00043_DxY87QyzDN8.mp4,00150_id00043_DxY87QyzDN8.mp4,FakeAVCeleb,FakeVideo-RealAudio,VISUAL_MANIPULATION,1,0,1,id06445,Asian (South),women,150,id00043,unknown,4,calibration
fac_17692abc8e00,data/raw/fakeavceleb/FakeAVCeleb_v1.2/FakeAVCeleb_v1.2/FakeVideo-RealAudio/Asian (South)/women/id06445/00150_id00080_wavtolip.mp4,00150_id00080_wavtolip.mp4,FakeAVCeleb,FakeVideo-RealAudio,VISUAL_MANIPULATION,1,0,1,id06445,Asian (South),women,150,id00080,wav2lip,4,calibration
fac_4c6a868f956c,data/raw/fakeavceleb/FakeAVCeleb_v1.2/FakeAVCeleb_v1.2/FakeVideo-RealAudio/Asian (South)/women/id06445/00150_id00461_Ort9NW3SJU4.mp4,00150_id00461_Ort9NW3SJU4.mp4,FakeAVCeleb,FakeVideo-RealAudio,VISUAL_MANIPULATION,1,0,1,id06445,Asian (South),women,150,id00461,unknown,4,calibration
fac_8b7f2569d0c0,data/raw/fakeavceleb/FakeAVCeleb_v1.2/FakeAVCeleb_v1.2/FakeVideo-RealAudio/Asian (South)/women/id06445/00150_id02089_wavtolip.mp4,00150_id02089_wavtolip.mp4,FakeAVCeleb,FakeVideo-RealAudio,VISUAL_MANIPULATION,1,0,1,id06445,Asian (South),women,150,id02089,wav2lip,4,calibration
fac_b77d13241e69,data/raw/fakeavceleb/FakeAVCeleb_v1.2/FakeAVCeleb_v1.2/FakeVideo-RealAudio/Asian (South)/women/id06445/00150_id02310_wavtolip.mp4,00150_id02310_wavtolip.mp4,FakeAVCeleb,FakeVideo-RealAudio,VISUAL_MANIPULATION,1,0,1,id06445,Asian (South),women,150,id02310,wav2lip,4,calibration
fac_ecdc19c0cd6c,data/raw/fakeavceleb/FakeAVCeleb_v1.2/FakeAVCeleb_v1.2/FakeVideo-RealAudio/Asian (South)/women/id06445/00150_id03815_wavtolip.mp4,00150_id03815_wavtolip.mp4,FakeAVCeleb,FakeVideo-RealAudio,VISUAL_MANIPULATION,1,0,1,id06445,Asian (South),women,150,id03815,wav2lip,4,calibration
fac_582801510366,data/raw/fakeavceleb/FakeAVCeleb_v1.2/FakeAVCeleb_v1.2/FakeVideo-RealAudio/Asian (South)/women/id06445/00150_id04070_wavtolip.mp4,00150_id04070_wavtolip.mp4,FakeAVCeleb,FakeVideo-RealAudio,VISUAL_MANIPULATION,1,0,1,id06445,Asian (South),women,150,id04070,wav2lip,4,calibration
fac_0e24b1c90676,data/raw/fakeavceleb/FakeAVCeleb_v1.2/FakeAVCeleb_v1.2/FakeVideo-RealAudio/Asian (South)/women/id06445/00150_id04530_wavtolip.mp4,00150_id04530_wavtolip.mp4,FakeAVCeleb,FakeVideo-RealAudio,VISUAL_MANIPULATION,1,0,1,id06445,Asian (South),women,150,id04530,wav2lip,4,calibration
fac_ffc20d4829e4,data/raw/fakeavceleb/FakeAVCeleb_v1.2/FakeAVCeleb_v1.2/FakeVideo-RealAudio/Asian (South)/women/id06445/00150_id04582_Pm9dX-TxNx0.mp4,00150_id04582_Pm9dX-TxNx0.mp4,FakeAVCeleb,FakeVideo-RealAudio,VISUAL_MANIPULATION,1,0,1,id06445,Asian (South),women,150,id04582,unknown,4,calibration
fac_b7c952511e5b,data/raw/fakeavceleb/FakeAVCeleb_v1.2/FakeAVCeleb_v1.2/FakeVideo-RealAudio/Asian (South)/women/id06445/00150_id04582_Pm9dX-TxNx0_faceswap.mp4,00150_id04582_Pm9dX-TxNx0_faceswap.mp4,FakeAVCeleb,FakeVideo-RealAudio,VISUAL_MANIPULATION,1,0,1,id06445,Asian (South),women,150,id04582,faceswap,4,calibration
fac_fb25ad070c7e,data/raw/fakeavceleb/FakeAVCeleb_v1.2/FakeAVCeleb_v1.2/FakeVideo-RealAudio/Asian (South)/women/id06445/00150_id05434_6p7kCmdOjDQ.mp4,00150_id05434_6p7kCmdOjDQ.mp4,FakeAVCeleb,FakeVideo-RealAudio,VISUAL_MANIPULATION,1,0,1,id06445,Asian (South),women,150,id05434,unknown,4,calibration
fac_757517b9145f,data/raw/fakeavceleb/FakeAVCeleb_v1.2/FakeAVCeleb_v1.2/FakeVideo-RealAudio/Asian (South)/women/id06445/00150_id05845_wavtolip.mp4,00150_id05845_wavtolip.mp4,FakeAVCeleb,FakeVideo-RealAudio,VISUAL_MANIPULATION,1,0,1,id06445,Asian (South),women,150,id05845,wav2lip,4,calibration
fac_c481759e0633,data/raw/fakeavceleb/FakeAVCeleb_v1.2/FakeAVCeleb_v1.2/FakeVideo-RealAudio/Asian (South)/women/id06445/00150_id06343__Tf30YR4M3w.mp4,00150_id06343__Tf30YR4M3w.mp4,FakeAVCeleb,FakeVideo-RealAudio,VISUAL_MANIPULATION,1,0,1,id06445,Asian (South),women,150,id06343,unknown,4,calibration
fac_86799e3527bd,data/raw/fakeavceleb/FakeAVCeleb_v1.2/FakeAVCeleb_v1.2/FakeVideo-RealAudio/Asian (South)/women/id06445/00150_id06428_wavtolip.mp4,00150_id06428_wavtolip.mp4,FakeAVCeleb,FakeVideo-RealAudio,VISUAL_MANIPULATION,1,0,1,id06445,Asian (South),women,150,id06428,wav2lip,4,calibration
fac_d3586af2e8b9,data/raw/fakeavceleb/FakeAVCeleb_v1.2/FakeAVCeleb_v1.2/FakeVideo-RealAudio/Asian (South)/women/id06445/00150_id06445_wavtolip.mp4,00150_id06445_wavtolip.mp4,FakeAVCeleb,FakeVideo-RealAudio,VISUAL_MANIPULATION,1,0,1,id06445,Asian (South),women,150,id06445,wav2lip,4,calibration
fac_9f84746ebf79,data/raw/fakeavceleb/FakeAVCeleb_v1.2/FakeAVCeleb_v1.2/FakeVideo-RealAudio/Asian (South)/women/id06445/00150_id07078_sLVbTD3Dtgw.mp4,00150_id07078_sLVbTD3Dtgw.mp4,FakeAVCeleb,FakeVideo-RealAudio,VISUAL_MANIPULATION,1,0,1,id06445,Asian (South),women,150,id07078,unknown,4,calibration
fac_60f39662e440,data/raw/fakeavceleb/FakeAVCeleb_v1.2/FakeAVCeleb_v1.2/FakeVideo-RealAudio/Asian (South)/women/id06445/00150_id07136_4e43eS5p3_M.mp4,00150_id07136_4e43eS5p3_M.mp4,FakeAVCeleb,FakeVideo-RealAudio,VISUAL_MANIPULATION,1,0,1,id06445,Asian (South),women,150,id07136,unknown,4,calibration
fac_525e90fd5e89,data/raw/fakeavceleb/FakeAVCeleb_v1.2/FakeAVCeleb_v1.2/FakeVideo-RealAudio/Asian (South)/women/id06445/00150_id07236_wavtolip.mp4,00150_id07236_wavtolip.mp4,FakeAVCeleb,FakeVideo-RealAudio,VISUAL_MANIPULATION,1,0,1,id06445,Asian (South),women,150,id07236,wav2lip,4,calibration
fac_4eb4bd25b060,data/raw/fakeavceleb/FakeAVCeleb_v1.2/FakeAVCeleb_v1.2/FakeVideo-RealAudio/Asian (South)/women/id06445/00150_id07377_FGNavKcGANA.mp4,00150_id07377_FGNavKcGANA.mp4,FakeAVCeleb,FakeVideo-RealAudio,VISUAL_MANIPULATION,1,0,1,id06445,Asian (South),women,150,id07377,unknown,4,calibration
fac_1374a0dfbf6a,data/raw/fakeavceleb/FakeAVCeleb_v1.2/FakeAVCeleb_v1.2/FakeVideo-RealAudio/Asian (South)/women/id06752/00221_0.mp4,00221_0.mp4,FakeAVCeleb,FakeVideo-RealAudio,VISUAL_MANIPULATION,1,0,1,id06752,Asian (South),women,221,,unknown,4,calibration
fac_fa79a46b73b4,data/raw/fakeavceleb/FakeAVCeleb_v1.2/FakeAVCeleb_v1.2/FakeVideo-RealAudio/Asian (South)/women/id06752/00221_2.mp4,00221_2.mp4,FakeAVCeleb,FakeVideo-RealAudio,VISUAL_MANIPULATION,1,0,1,id06752,Asian (South),women,221,,unknown,4,calibration
fac_0535497cd6b2,data/raw/fakeavceleb/FakeAVCeleb_v1.2/FakeAVCeleb_v1.2/FakeVideo-RealAudio/Asian (South)/women/id06752/00221_3.mp4,00221_3.mp4,FakeAVCeleb,FakeVideo-RealAudio,VISUAL_MANIPULATION,1,0,1,id06752,Asian (South),women,221,,unknown,4,calibration
fac_0c4641cb328a,data/raw/fakeavceleb/FakeAVCeleb_v1.2/FakeAVCeleb_v1.2/FakeVideo-RealAudio/Asian (South)/women/id06752/00221_id00080_wavtolip.mp4,00221_id00080_wavtolip.mp4,FakeAVCeleb,FakeVideo-RealAudio,VISUAL_MANIPULATION,1,0,1,id06752,Asian (South),women,221,id00080,wav2lip,4,calibration
fac_531aff52737e,data/raw/fakeavceleb/FakeAVCeleb_v1.2/FakeAVCeleb_v1.2/FakeVideo-RealAudio/Asian (South)/women/id06752/00221_id00488_wavtolip.mp4,00221_id00488_wavtolip.mp4,FakeAVCeleb,FakeVideo-RealAudio,VISUAL_MANIPULATION,1,0,1,id06752,Asian (South),women,221,id00488,wav2lip,4,calibration
fac_bc8654f1d3cd,data/raw/fakeavceleb/FakeAVCeleb_v1.2/FakeAVCeleb_v1.2/FakeVideo-RealAudio/Asian (South)/women/id06752/00221_id04530_wavtolip.mp4,00221_id04530_wavtolip.mp4,FakeAVCeleb,FakeVideo-RealAudio,VISUAL_MANIPULATION,1,0,1,id06752,Asian (South),women,221,id04530,wav2lip,4,calibration
fac_162d8cc8ccd6,data/raw/fakeavceleb/FakeAVCeleb_v1.2/FakeAVCeleb_v1.2/FakeVideo-RealAudio/Asian (South)/women/id06752/00221_id05845_XfMHm6CEwPw.mp4,00221_id05845_XfMHm6CEwPw.mp4,FakeAVCeleb,FakeVideo-RealAudio,VISUAL_MANIPULATION,1,0,1,id06752,Asian (South),women,221,id05845,unknown,4,calibration
fac_f18b00657512,data/raw/fakeavceleb/FakeAVCeleb_v1.2/FakeAVCeleb_v1.2/FakeVideo-RealAudio/Asian (South)/women/id06752/00221_id05931_bFqu86NV3hk.mp4,00221_id05931_bFqu86NV3hk.mp4,FakeAVCeleb,FakeVideo-RealAudio,VISUAL_MANIPULATION,1,0,1,id06752,Asian (South),women,221,id05931,unknown,4,calibration
fac_5886c6be4603,data/raw/fakeavceleb/FakeAVCeleb_v1.2/FakeAVCeleb_v1.2/FakeVideo-RealAudio/Asian (South)/women/id06752/00221_id06232_wavtolip.mp4,00221_id06232_wavtolip.mp4,FakeAVCeleb,FakeVideo-RealAudio,VISUAL_MANIPULATION,1,0,1,id06752,Asian (South),women,221,id06232,wav2lip,4,calibration
fac_516a131fa3ec,data/raw/fakeavceleb/FakeAVCeleb_v1.2/FakeAVCeleb_v1.2/FakeVideo-RealAudio/Asian (South)/women/id06752/00221_id06254_8VSfI86Fua4.mp4,00221_id06254_8VSfI86Fua4.mp4,FakeAVCeleb,FakeVideo-RealAudio,VISUAL_MANIPULATION,1,0,1,id06752,Asian (South),women,221,id06254,unknown,4,calibration
fac_e80199a1eabc,data/raw/fakeavceleb/FakeAVCeleb_v1.2/FakeAVCeleb_v1.2/FakeVideo-RealAudio/Asian (South)/women/id06752/00221_id06254_8VSfI86Fua4_faceswap.mp4,00221_id06254_8VSfI86Fua4_faceswap.mp4,FakeAVCeleb,FakeVideo-RealAudio,VISUAL_MANIPULATION,1,0,1,id06752,Asian (South),women,221,id06254,faceswap,4,calibration
fac_86222f991c17,data/raw/fakeavceleb/FakeAVCeleb_v1.2/FakeAVCeleb_v1.2/FakeVideo-RealAudio/Asian (South)/women/id06752/00221_id06343__Tf30YR4M3w.mp4,00221_id06343__Tf30YR4M3w.mp4,FakeAVCeleb,FakeVideo-RealAudio,VISUAL_MANIPULATION,1,0,1,id06752,Asian (South),women,221,id06343,unknown,4,calibration
fac_9df478bb0c6f,data/raw/fakeavceleb/FakeAVCeleb_v1.2/FakeAVCeleb_v1.2/FakeVideo-RealAudio/Asian (South)/women/id06752/00221_id06428_wavtolip.mp4,00221_id06428_wavtolip.mp4,FakeAVCeleb,FakeVideo-RealAudio,VISUAL_MANIPULATION,1,0,1,id06752,Asian (South),women,221,id06428,wav2lip,4,calibration
fac_e4c679807555,data/raw/fakeavceleb/FakeAVCeleb_v1.2/FakeAVCeleb_v1.2/FakeVideo-RealAudio/Asian (South)/women/id06752/00221_id06438_vf3xBVgYqYA.mp4,00221_id06438_vf3xBVgYqYA.mp4,FakeAVCeleb,FakeVideo-RealAudio,VISUAL_MANIPULATION,1,0,1,id06752,Asian (South),women,221,id06438,unknown,4,calibration
fac_eda39caea1eb,data/raw/fakeavceleb/FakeAVCeleb_v1.2/FakeAVCeleb_v1.2/FakeVideo-RealAudio/Asian (South)/women/id06752/00221_id06439_wavtolip.mp4,00221_id06439_wavtolip.mp4,FakeAVCeleb,FakeVideo-RealAudio,VISUAL_MANIPULATION,1,0,1,id06752,Asian (South),women,221,id06439,wav2lip,4,calibration
fac_526f9bfb409c,data/raw/fakeavceleb/FakeAVCeleb_v1.2/FakeAVCeleb_v1.2/FakeVideo-RealAudio/Asian (South)/women/id06752/00221_id06445_wavtolip.mp4,00221_id06445_wavtolip.mp4,FakeAVCeleb,FakeVideo-RealAudio,VISUAL_MANIPULATION,1,0,1,id06752,Asian (South),women,221,id06445,wav2lip,4,calibration
fac_788968823808,data/raw/fakeavceleb/FakeAVCeleb_v1.2/FakeAVCeleb_v1.2/FakeVideo-RealAudio/Asian (South)/women/id06752/00221_id07008_hbwmyKv9Hio.mp4,00221_id07008_hbwmyKv9Hio.mp4,FakeAVCeleb,FakeVideo-RealAudio,VISUAL_MANIPULATION,1,0,1,id06752,Asian (South),women,221,id07008,unknown,4,calibration
fac_6cade2d3b6d5,data/raw/fakeavceleb/FakeAVCeleb_v1.2/FakeAVCeleb_v1.2/FakeVideo-RealAudio/Asian (South)/women/id06752/00221_id07049_BiljgZcyWI4.mp4,00221_id07049_BiljgZcyWI4.mp4,FakeAVCeleb,FakeVideo-RealAudio,VISUAL_MANIPULATION,1,0,1,id06752,Asian (South),women,221,id07049,unknown,4,calibration
fac_4c1ea4bb9d79,data/raw/fakeavceleb/FakeAVCeleb_v1.2/FakeAVCeleb_v1.2/FakeVideo-RealAudio/Asian (South)/women/id06752/00221_id07051_wavtolip.mp4,00221_id07051_wavtolip.mp4,FakeAVCeleb,FakeVideo-RealAudio,VISUAL_MANIPULATION,1,0,1,id06752,Asian (South),women,221,id07051,wav2lip,4,calibration
fac_9d03dd2e63e6,data/raw/fakeavceleb/FakeAVCeleb_v1.2/FakeAVCeleb_v1.2/FakeVideo-RealAudio/Asian (South)/women/id06752/00221_id07136_4e43eS5p3_M.mp4,00221_id07136_4e43eS5p3_M.mp4,FakeAVCeleb,FakeVideo-RealAudio,VISUAL_MANIPULATION,1,0,1,id06752,Asian (South),women,221,id07136,unknown,4,calibration
fac_e06f0f60aae0,data/raw/fakeavceleb/FakeAVCeleb_v1.2/FakeAVCeleb_v1.2/FakeVideo-RealAudio/Asian (South)/women/id06752/00221_id07377_wavtolip.mp4,00221_id07377_wavtolip.mp4,FakeAVCeleb,FakeVideo-RealAudio,VISUAL_MANIPULATION,1,0,1,id06752,Asian (South),women,221,id07377,wav2lip,4,calibration
fac_1ce5e33d75d4,data/raw/fakeavceleb/FakeAVCeleb_v1.2/FakeAVCeleb_v1.2/FakeVideo-RealAudio/Asian (South)/women/id06752/00221_id07686_wavtolip.mp4,00221_id07686_wavtolip.mp4,FakeAVCeleb,FakeVideo-RealAudio,VISUAL_MANIPULATION,1,0,1,id06752,Asian (South),women,221,id07686,wav2lip,4,calibration
fac_eae525c93f5e,data/raw/fakeavceleb/FakeAVCeleb_v1.2/FakeAVCeleb_v1.2/FakeVideo-RealAudio/Asian (South)/women/id07008/00175_0.mp4,00175_0.mp4,FakeAVCeleb,FakeVideo-RealAudio,VISUAL_MANIPULATION,1,0,1,id07008,Asian (South),women,175,,unknown,4,calibration
fac_e4f08be5fe58,data/raw/fakeavceleb/FakeAVCeleb_v1.2/FakeAVCeleb_v1.2/FakeVideo-RealAudio/Asian (South)/women/id07008/00175_id00080_wavtolip.mp4,00175_id00080_wavtolip.mp4,FakeAVCeleb,FakeVideo-RealAudio,VISUAL_MANIPULATION,1,0,1,id07008,Asian (South),women,175,id00080,wav2lip,4,calibration
fac_6fcfd33adf33,data/raw/fakeavceleb/FakeAVCeleb_v1.2/FakeAVCeleb_v1.2/FakeVideo-RealAudio/Asian (South)/women/id07008/00175_id00080_y29QtxBTASE.mp4,00175_id00080_y29QtxBTASE.mp4,FakeAVCeleb,FakeVideo-RealAudio,VISUAL_MANIPULATION,1,0,1,id07008,Asian (South),women,175,id00080,unknown,4,calibration
fac_1b832729cfbc,data/raw/fakeavceleb/FakeAVCeleb_v1.2/FakeAVCeleb_v1.2/FakeVideo-RealAudio/Asian (South)/women/id07008/00175_id02089_ZC5FjKDazrM.mp4,00175_id02089_ZC5FjKDazrM.mp4,FakeAVCeleb,FakeVideo-RealAudio,VISUAL_MANIPULATION,1,0,1,id07008,Asian (South),women,175,id02089,unknown,4,calibration
fac_93adcb80de7f,data/raw/fakeavceleb/FakeAVCeleb_v1.2/FakeAVCeleb_v1.2/FakeVideo-RealAudio/Asian (South)/women/id07008/00175_id03559_wavtolip.mp4,00175_id03559_wavtolip.mp4,FakeAVCeleb,FakeVideo-RealAudio,VISUAL_MANIPULATION,1,0,1,id07008,Asian (South),women,175,id03559,wav2lip,4,calibration
fac_9d736905f29e,data/raw/fakeavceleb/FakeAVCeleb_v1.2/FakeAVCeleb_v1.2/FakeVideo-RealAudio/Asian (South)/women/id07008/00175_id03815_wavtolip.mp4,00175_id03815_wavtolip.mp4,FakeAVCeleb,FakeVideo-RealAudio,VISUAL_MANIPULATION,1,0,1,id07008,Asian (South),women,175,id03815,wav2lip,4,calibration
fac_b7f9d1434706,data/raw/fakeavceleb/FakeAVCeleb_v1.2/FakeAVCeleb_v1.2/FakeVideo-RealAudio/Asian (South)/women/id07008/00175_id04529_S92uo-UShxE.mp4,00175_id04529_S92uo-UShxE.mp4,FakeAVCeleb,FakeVideo-RealAudio,VISUAL_MANIPULATION,1,0,1,id07008,Asian (South),women,175,id04529,unknown,4,calibration
fac_5af770e97643,data/raw/fakeavceleb/FakeAVCeleb_v1.2/FakeAVCeleb_v1.2/FakeVideo-RealAudio/Asian (South)/women/id07008/00175_id04564_wavtolip.mp4,00175_id04564_wavtolip.mp4,FakeAVCeleb,FakeVideo-RealAudio,VISUAL_MANIPULATION,1,0,1,id07008,Asian (South),women,175,id04564,wav2lip,4,calibration
fac_25d0306b1999,data/raw/fakeavceleb/FakeAVCeleb_v1.2/FakeAVCeleb_v1.2/FakeVideo-RealAudio/Asian (South)/women/id07008/00175_id04564_xUz03LwKRtQ.mp4,00175_id04564_xUz03LwKRtQ.mp4,FakeAVCeleb,FakeVideo-RealAudio,VISUAL_MANIPULATION,1,0,1,id07008,Asian (South),women,175,id04564,unknown,4,calibration
fac_17e160f70e78,data/raw/fakeavceleb/FakeAVCeleb_v1.2/FakeAVCeleb_v1.2/FakeVideo-RealAudio/Asian (South)/women/id07008/00175_id04583_M10zZFjuAb0.mp4,00175_id04583_M10zZFjuAb0.mp4,FakeAVCeleb,FakeVideo-RealAudio,VISUAL_MANIPULATION,1,0,1,id07008,Asian (South),women,175,id04583,unknown,4,calibration
fac_7b94dbf09272,data/raw/fakeavceleb/FakeAVCeleb_v1.2/FakeAVCeleb_v1.2/FakeVideo-RealAudio/Asian (South)/women/id07008/00175_id04927_wavtolip.mp4,00175_id04927_wavtolip.mp4,FakeAVCeleb,FakeVideo-RealAudio,VISUAL_MANIPULATION,1,0,1,id07008,Asian (South),women,175,id04927,wav2lip,4,calibration
fac_370a99b89c07,data/raw/fakeavceleb/FakeAVCeleb_v1.2/FakeAVCeleb_v1.2/FakeVideo-RealAudio/Asian (South)/women/id07008/00175_id05434_6p7kCmdOjDQ.mp4,00175_id05434_6p7kCmdOjDQ.mp4,FakeAVCeleb,FakeVideo-RealAudio,VISUAL_MANIPULATION,1,0,1,id07008,Asian (South),women,175,id05434,unknown,4,calibration
fac_1cd3e442312a,data/raw/fakeavceleb/FakeAVCeleb_v1.2/FakeAVCeleb_v1.2/FakeVideo-RealAudio/Asian (South)/women/id07008/00175_id05434_6p7kCmdOjDQ_faceswap.mp4,00175_id05434_6p7kCmdOjDQ_faceswap.mp4,FakeAVCeleb,FakeVideo-RealAudio,VISUAL_MANIPULATION,1,0,1,id07008,Asian (South),women,175,id05434,faceswap,4,calibration
fac_0c9cc44fd666,data/raw/fakeavceleb/FakeAVCeleb_v1.2/FakeAVCeleb_v1.2/FakeVideo-RealAudio/Asian (South)/women/id07008/00175_id05435_wavtolip.mp4,00175_id05435_wavtolip.mp4,FakeAVCeleb,FakeVideo-RealAudio,VISUAL_MANIPULATION,1,0,1,id07008,Asian (South),women,175,id05435,wav2lip,4,calibration
fac_a3b9b51be278,data/raw/fakeavceleb/FakeAVCeleb_v1.2/FakeAVCeleb_v1.2/FakeVideo-RealAudio/Asian (South)/women/id07008/00175_id06343_wavtolip.mp4,00175_id06343_wavtolip.mp4,FakeAVCeleb,FakeVideo-RealAudio,VISUAL_MANIPULATION,1,0,1,id07008,Asian (South),women,175,id06343,wav2lip,4,calibration
fac_676096744438,data/raw/fakeavceleb/FakeAVCeleb_v1.2/FakeAVCeleb_v1.2/FakeVideo-RealAudio/Asian (South)/women/id07008/00175_id07051_d1c0Pl2aP_4.mp4,00175_id07051_d1c0Pl2aP_4.mp4,FakeAVCeleb,FakeVideo-RealAudio,VISUAL_MANIPULATION,1,0,1,id07008,Asian (South),women,175,id07051,unknown,4,calibration
fac_db5367e5c8e3,data/raw/fakeavceleb/FakeAVCeleb_v1.2/FakeAVCeleb_v1.2/FakeVideo-RealAudio/Asian (South)/women/id07008/00175_id07051_wavtolip.mp4,00175_id07051_wavtolip.mp4,FakeAVCeleb,FakeVideo-RealAudio,VISUAL_MANIPULATION,1,0,1,id07008,Asian (South),women,175,id07051,wav2lip,4,calibration
fac_cf54c0444870,data/raw/fakeavceleb/FakeAVCeleb_v1.2/FakeAVCeleb_v1.2/FakeVideo-RealAudio/Asian (South)/women/id07008/00175_id07136_4e43eS5p3_M.mp4,00175_id07136_4e43eS5p3_M.mp4,FakeAVCeleb,FakeVideo-RealAudio,VISUAL_MANIPULATION,1,0,1,id07008,Asian (South),women,175,id07136,unknown,4,calibration
fac_bd13841ea6da,data/raw/fakeavceleb/FakeAVCeleb_v1.2/FakeAVCeleb_v1.2/FakeVideo-RealAudio/Asian (South)/women/id07008/00175_id07236_wavtolip.mp4,00175_id07236_wavtolip.mp4,FakeAVCeleb,FakeVideo-RealAudio,VISUAL_MANIPULATION,1,0,1,id07008,Asian (South),women,175,id07236,wav2lip,4,calibration
fac_cfc4460075c8,data/raw/fakeavceleb/FakeAVCeleb_v1.2/FakeAVCeleb_v1.2/FakeVideo-RealAudio/Asian (South)/women/id07008/00175_id07686_wavtolip.mp4,00175_id07686_wavtolip.mp4,FakeAVCeleb,FakeVideo-RealAudio,VISUAL_MANIPULATION,1,0,1,id07008,Asian (South),women,175,id07686,wav2lip,4,calibration
fac_1ee59ad68e1f,data/raw/fakeavceleb/FakeAVCeleb_v1.2/FakeAVCeleb_v1.2/FakeVideo-RealAudio/Asian (South)/women/id07049/00043_id00080_wavtolip.mp4,00043_id00080_wavtolip.mp4,FakeAVCeleb,FakeVideo-RealAudio,VISUAL_MANIPULATION,1,0,1,id07049,Asian (South),women,43,id00080,wav2lip,4,calibration
fac_f9fe3d72caff,data/raw/fakeavceleb/FakeAVCeleb_v1.2/FakeAVCeleb_v1.2/FakeVideo-RealAudio/Asian (South)/women/id07049/00043_id00417_wavtolip.mp4,00043_id00417_wavtolip.mp4,FakeAVCeleb,FakeVideo-RealAudio,VISUAL_MANIPULATION,1,0,1,id07049,Asian (South),women,43,id00417,wav2lip,4,calibration
fac_4f95d1b18366,data/raw/fakeavceleb/FakeAVCeleb_v1.2/FakeAVCeleb_v1.2/FakeVideo-RealAudio/Asian (South)/women/id07049/00043_id01026_rM4ZERt7oM0.mp4,00043_id01026_rM4ZERt7oM0.mp4,FakeAVCeleb,FakeVideo-RealAudio,VISUAL_MANIPULATION,1,0,1,id07049,Asian (South),women,43,id01026,unknown,4,calibration
fac_f1b606fc4366,data/raw/fakeavceleb/FakeAVCeleb_v1.2/FakeAVCeleb_v1.2/FakeVideo-RealAudio/Asian (South)/women/id07049/00043_id02089_wavtolip.mp4,00043_id02089_wavtolip.mp4,FakeAVCeleb,FakeVideo-RealAudio,VISUAL_MANIPULATION,1,0,1,id07049,Asian (South),women,43,id02089,wav2lip,4,calibration
fac_11937385d2c4,data/raw/fakeavceleb/FakeAVCeleb_v1.2/FakeAVCeleb_v1.2/FakeVideo-RealAudio/Asian (South)/women/id07049/00043_id03815_wavtolip.mp4,00043_id03815_wavtolip.mp4,FakeAVCeleb,FakeVideo-RealAudio,VISUAL_MANIPULATION,1,0,1,id07049,Asian (South),women,43,id03815,wav2lip,4,calibration
fac_55736b9aa906,data/raw/fakeavceleb/FakeAVCeleb_v1.2/FakeAVCeleb_v1.2/FakeVideo-RealAudio/Asian (South)/women/id07049/00043_id03985_01aVtyjfVFM.mp4,00043_id03985_01aVtyjfVFM.mp4,FakeAVCeleb,FakeVideo-RealAudio,VISUAL_MANIPULATION,1,0,1,id07049,Asian (South),women,43,id03985,unknown,4,calibration
fac_2047b17895f3,data/raw/fakeavceleb/FakeAVCeleb_v1.2/FakeAVCeleb_v1.2/FakeVideo-RealAudio/Asian (South)/women/id07049/00043_id04070_wavtolip.mp4,00043_id04070_wavtolip.mp4,FakeAVCeleb,FakeVideo-RealAudio,VISUAL_MANIPULATION,1,0,1,id07049,Asian (South),women,43,id04070,wav2lip,4,calibration
fac_5b8c6c689292,data/raw/fakeavceleb/FakeAVCeleb_v1.2/FakeAVCeleb_v1.2/FakeVideo-RealAudio/Asian (South)/women/id07049/00043_id04530_wavtolip.mp4,00043_id04530_wavtolip.mp4,FakeAVCeleb,FakeVideo-RealAudio,VISUAL_MANIPULATION,1,0,1,id07049,Asian (South),women,43,id04530,wav2lip,4,calibration
fac_9162ac1a7e86,data/raw/fakeavceleb/FakeAVCeleb_v1.2/FakeAVCeleb_v1.2/FakeVideo-RealAudio/Asian (South)/women/id07049/00043_id05920_LuLTJu54joo.mp4,00043_id05920_LuLTJu54joo.mp4,FakeAVCeleb,FakeVideo-RealAudio,VISUAL_MANIPULATION,1,0,1,id07049,Asian (South),women,43,id05920,unknown,4,calibration
fac_e8fba50ef857,data/raw/fakeavceleb/FakeAVCeleb_v1.2/FakeAVCeleb_v1.2/FakeVideo-RealAudio/Asian (South)/women/id07049/00043_id05920_wavtolip.mp4,00043_id05920_wavtolip.mp4,FakeAVCeleb,FakeVideo-RealAudio,VISUAL_MANIPULATION,1,0,1,id07049,Asian (South),women,43,id05920,wav2lip,4,calibration
fac_dae0ad0016b5,data/raw/fakeavceleb/FakeAVCeleb_v1.2/FakeAVCeleb_v1.2/FakeVideo-RealAudio/Asian (South)/women/id07049/00043_id05931_bFqu86NV3hk.mp4,00043_id05931_bFqu86NV3hk.mp4,FakeAVCeleb,FakeVideo-RealAudio,VISUAL_MANIPULATION,1,0,1,id07049,Asian (South),women,43,id05931,unknown,4,calibration
fac_53f18123e616,data/raw/fakeavceleb/FakeAVCeleb_v1.2/FakeAVCeleb_v1.2/FakeVideo-RealAudio/Asian (South)/women/id07049/00043_id06268_wavtolip.mp4,00043_id06268_wavtolip.mp4,FakeAVCeleb,FakeVideo-RealAudio,VISUAL_MANIPULATION,1,0,1,id07049,Asian (South),women,43,id06268,wav2lip,4,calibration
fac_f441a409f8d4,data/raw/fakeavceleb/FakeAVCeleb_v1.2/FakeAVCeleb_v1.2/FakeVideo-RealAudio/Asian (South)/women/id07049/00043_id06438_wavtolip.mp4,00043_id06438_wavtolip.mp4,FakeAVCeleb,FakeVideo-RealAudio,VISUAL_MANIPULATION,1,0,1,id07049,Asian (South),women,43,id06438,wav2lip,4,calibration
fac_de9916ac1eea,data/raw/fakeavceleb/FakeAVCeleb_v1.2/FakeAVCeleb_v1.2/FakeVideo-RealAudio/Asian (South)/women/id07049/00043_id06439_h6KjOx7n15A.mp4,00043_id06439_h6KjOx7n15A.mp4,FakeAVCeleb,FakeVideo-RealAudio,VISUAL_MANIPULATION,1,0,1,id07049,Asian (South),women,43,id06439,unknown,4,calibration
fac_1d657be21c8c,data/raw/fakeavceleb/FakeAVCeleb_v1.2/FakeAVCeleb_v1.2/FakeVideo-RealAudio/Asian (South)/women/id07049/00043_id06439_wavtolip.mp4,00043_id06439_wavtolip.mp4,FakeAVCeleb,FakeVideo-RealAudio,VISUAL_MANIPULATION,1,0,1,id07049,Asian (South),women,43,id06439,wav2lip,4,calibration
fac_f92d8b81739c,data/raw/fakeavceleb/FakeAVCeleb_v1.2/FakeAVCeleb_v1.2/FakeVideo-RealAudio/Asian (South)/women/id07049/00043_id07008_hbwmyKv9Hio.mp4,00043_id07008_hbwmyKv9Hio.mp4,FakeAVCeleb,FakeVideo-RealAudio,VISUAL_MANIPULATION,1,0,1,id07049,Asian (South),women,43,id07008,unknown,4,calibration
fac_84812821badc,data/raw/fakeavceleb/FakeAVCeleb_v1.2/FakeAVCeleb_v1.2/FakeVideo-RealAudio/Asian (South)/women/id07049/00043_id07008_hbwmyKv9Hio_faceswap.mp4,00043_id07008_hbwmyKv9Hio_faceswap.mp4,FakeAVCeleb,FakeVideo-RealAudio,VISUAL_MANIPULATION,1,0,1,id07049,Asian (South),women,43,id07008,faceswap,4,calibration
fac_d8b484153e19,data/raw/fakeavceleb/FakeAVCeleb_v1.2/FakeAVCeleb_v1.2/FakeVideo-RealAudio/Asian (South)/women/id07049/00043_id07078_sLVbTD3Dtgw.mp4,00043_id07078_sLVbTD3Dtgw.mp4,FakeAVCeleb,FakeVideo-RealAudio,VISUAL_MANIPULATION,1,0,1,id07049,Asian (South),women,43,id07078,unknown,4,calibration
fac_c33aa44e1121,data/raw/fakeavceleb/FakeAVCeleb_v1.2/FakeAVCeleb_v1.2/FakeVideo-RealAudio/Asian (South)/women/id07049/00043_id07136_4e43eS5p3_M.mp4,00043_id07136_4e43eS5p3_M.mp4,FakeAVCeleb,FakeVideo-RealAudio,VISUAL_MANIPULATION,1,0,1,id07049,Asian (South),women,43,id07136,unknown,4,calibration
fac_68da51382871,data/raw/fakeavceleb/FakeAVCeleb_v1.2/FakeAVCeleb_v1.2/FakeVideo-RealAudio/Asian (South)/women/id07051/00083_id00461_Ort9NW3SJU4.mp4,00083_id00461_Ort9NW3SJU4.mp4,FakeAVCeleb,FakeVideo-RealAudio,VISUAL_MANIPULATION,1,0,1,id07051,Asian (South),women,83,id00461,unknown,4,calibration
fac_29273f6cf777,data/raw/fakeavceleb/FakeAVCeleb_v1.2/FakeAVCeleb_v1.2/FakeVideo-RealAudio/Asian (South)/women/id07051/00083_id00461_wavtolip.mp4,00083_id00461_wavtolip.mp4,FakeAVCeleb,FakeVideo-RealAudio,VISUAL_MANIPULATION,1,0,1,id07051,Asian (South),women,83,id00461,wav2lip,4,calibration
fac_659ee7d26b85,data/raw/fakeavceleb/FakeAVCeleb_v1.2/FakeAVCeleb_v1.2/FakeVideo-RealAudio/Asian (South)/women/id07051/00083_id00739_wavtolip.mp4,00083_id00739_wavtolip.mp4,FakeAVCeleb,FakeVideo-RealAudio,VISUAL_MANIPULATION,1,0,1,id07051,Asian (South),women,83,id00739,wav2lip,4,calibration
fac_76bc471d5e61,data/raw/fakeavceleb/FakeAVCeleb_v1.2/FakeAVCeleb_v1.2/FakeVideo-RealAudio/Asian (South)/women/id07051/00083_id01026_wavtolip.mp4,00083_id01026_wavtolip.mp4,FakeAVCeleb,FakeVideo-RealAudio,VISUAL_MANIPULATION,1,0,1,id07051,Asian (South),women,83,id01026,wav2lip,4,calibration
fac_b344286917f8,data/raw/fakeavceleb/FakeAVCeleb_v1.2/FakeAVCeleb_v1.2/FakeVideo-RealAudio/Asian (South)/women/id07051/00083_id02310_wavtolip.mp4,00083_id02310_wavtolip.mp4,FakeAVCeleb,FakeVideo-RealAudio,VISUAL_MANIPULATION,1,0,1,id07051,Asian (South),women,83,id02310,wav2lip,4,calibration
fac_a98b5912bba6,data/raw/fakeavceleb/FakeAVCeleb_v1.2/FakeAVCeleb_v1.2/FakeVideo-RealAudio/Asian (South)/women/id07051/00083_id03559_pgetxl1qbzM.mp4,00083_id03559_pgetxl1qbzM.mp4,FakeAVCeleb,FakeVideo-RealAudio,VISUAL_MANIPULATION,1,0,1,id07051,Asian (South),women,83,id03559,unknown,4,calibration
fac_8924384fe72b,data/raw/fakeavceleb/FakeAVCeleb_v1.2/FakeAVCeleb_v1.2/FakeVideo-RealAudio/Asian (South)/women/id07051/00083_id03559_wavtolip.mp4,00083_id03559_wavtolip.mp4,FakeAVCeleb,FakeVideo-RealAudio,VISUAL_MANIPULATION,1,0,1,id07051,Asian (South),women,83,id03559,wav2lip,4,calibration
fac_48f602b997c6,data/raw/fakeavceleb/FakeAVCeleb_v1.2/FakeAVCeleb_v1.2/FakeVideo-RealAudio/Asian (South)/women/id07051/00083_id04530_W5-PTTL9HzU.mp4,00083_id04530_W5-PTTL9HzU.mp4,FakeAVCeleb,FakeVideo-RealAudio,VISUAL_MANIPULATION,1,0,1,id07051,Asian (South),women,83,id04530,unknown,4,calibration
fac_129f93b4f5cd,data/raw/fakeavceleb/FakeAVCeleb_v1.2/FakeAVCeleb_v1.2/FakeVideo-RealAudio/Asian (South)/women/id07051/00083_id04564_xUz03LwKRtQ.mp4,00083_id04564_xUz03LwKRtQ.mp4,FakeAVCeleb,FakeVideo-RealAudio,VISUAL_MANIPULATION,1,0,1,id07051,Asian (South),women,83,id04564,unknown,4,calibration
fac_2d8a687c768e,data/raw/fakeavceleb/FakeAVCeleb_v1.2/FakeAVCeleb_v1.2/FakeVideo-RealAudio/Asian (South)/women/id07051/00083_id04582_wavtolip.mp4,00083_id04582_wavtolip.mp4,FakeAVCeleb,FakeVideo-RealAudio,VISUAL_MANIPULATION,1,0,1,id07051,Asian (South),women,83,id04582,wav2lip,4,calibration
fac_81f7442e8fc9,data/raw/fakeavceleb/FakeAVCeleb_v1.2/FakeAVCeleb_v1.2/FakeVideo-RealAudio/Asian (South)/women/id07051/00083_id04583_M10zZFjuAb0.mp4,00083_id04583_M10zZFjuAb0.mp4,FakeAVCeleb,FakeVideo-RealAudio,VISUAL_MANIPULATION,1,0,1,id07051,Asian (South),women,83,id04583,unknown,4,calibration
fac_c71989e1a8a8,data/raw/fakeavceleb/FakeAVCeleb_v1.2/FakeAVCeleb_v1.2/FakeVideo-RealAudio/Asian (South)/women/id07051/00083_id05434_wavtolip.mp4,00083_id05434_wavtolip.mp4,FakeAVCeleb,FakeVideo-RealAudio,VISUAL_MANIPULATION,1,0,1,id07051,Asian (South),women,83,id05434,wav2lip,4,calibration
fac_42386f2aa230,data/raw/fakeavceleb/FakeAVCeleb_v1.2/FakeAVCeleb_v1.2/FakeVideo-RealAudio/Asian (South)/women/id07051/00083_id05435_OvX-Jv_whcU.mp4,00083_id05435_OvX-Jv_whcU.mp4,FakeAVCeleb,FakeVideo-RealAudio,VISUAL_MANIPULATION,1,0,1,id07051,Asian (South),women,83,id05435,unknown,4,calibration
fac_24e25db67b07,data/raw/fakeavceleb/FakeAVCeleb_v1.2/FakeAVCeleb_v1.2/FakeVideo-RealAudio/Asian (South)/women/id07051/00083_id05478_wavtolip.mp4,00083_id05478_wavtolip.mp4,FakeAVCeleb,FakeVideo-RealAudio,VISUAL_MANIPULATION,1,0,1,id07051,Asian (South),women,83,id05478,wav2lip,4,calibration
fac_0330af1add0c,data/raw/fakeavceleb/FakeAVCeleb_v1.2/FakeAVCeleb_v1.2/FakeVideo-RealAudio/Asian (South)/women/id07051/00083_id06428_A9nvRKd1afA.mp4,00083_id06428_A9nvRKd1afA.mp4,FakeAVCeleb,FakeVideo-RealAudio,VISUAL_MANIPULATION,1,0,1,id07051,Asian (South),women,83,id06428,unknown,4,calibration
fac_2a64248d3b32,data/raw/fakeavceleb/FakeAVCeleb_v1.2/FakeAVCeleb_v1.2/FakeVideo-RealAudio/Asian (South)/women/id07051/00083_id06428_A9nvRKd1afA_faceswap.mp4,00083_id06428_A9nvRKd1afA_faceswap.mp4,FakeAVCeleb,FakeVideo-RealAudio,VISUAL_MANIPULATION,1,0,1,id07051,Asian (South),women,83,id06428,faceswap,4,calibration
fac_95f24fb2e59f,data/raw/fakeavceleb/FakeAVCeleb_v1.2/FakeAVCeleb_v1.2/FakeVideo-RealAudio/Asian (South)/women/id07051/00083_id06438_wavtolip.mp4,00083_id06438_wavtolip.mp4,FakeAVCeleb,FakeVideo-RealAudio,VISUAL_MANIPULATION,1,0,1,id07051,Asian (South),women,83,id06438,wav2lip,4,calibration
fac_2c60aaa5365a,data/raw/fakeavceleb/FakeAVCeleb_v1.2/FakeAVCeleb_v1.2/FakeVideo-RealAudio/Asian (South)/women/id07051/00083_id07136_4e43eS5p3_M.mp4,00083_id07136_4e43eS5p3_M.mp4,FakeAVCeleb,FakeVideo-RealAudio,VISUAL_MANIPULATION,1,0,1,id07051,Asian (South),women,83,id07136,unknown,4,calibration
fac_ebc18b1769f7,data/raw/fakeavceleb/FakeAVCeleb_v1.2/FakeAVCeleb_v1.2/FakeVideo-RealAudio/Asian (South)/women/id07051/00083_id07377_wavtolip.mp4,00083_id07377_wavtolip.mp4,FakeAVCeleb,FakeVideo-RealAudio,VISUAL_MANIPULATION,1,0,1,id07051,Asian (South),women,83,id07377,wav2lip,4,calibration
fac_a8bdf08f40d4,data/raw/fakeavceleb/FakeAVCeleb_v1.2/FakeAVCeleb_v1.2/FakeVideo-RealAudio/Asian (South)/women/id07078/00405_0.mp4,00405_0.mp4,FakeAVCeleb,FakeVideo-RealAudio,VISUAL_MANIPULATION,1,0,1,id07078,Asian (South),women,405,,unknown,4,calibration
fac_c9cc1527ade2,data/raw/fakeavceleb/FakeAVCeleb_v1.2/FakeAVCeleb_v1.2/FakeVideo-RealAudio/Asian (South)/women/id07078/00405_1.mp4,00405_1.mp4,FakeAVCeleb,FakeVideo-RealAudio,VISUAL_MANIPULATION,1,0,1,id07078,Asian (South),women,405,,unknown,4,calibration
fac_90de9800a060,data/raw/fakeavceleb/FakeAVCeleb_v1.2/FakeAVCeleb_v1.2/FakeVideo-RealAudio/Asian (South)/women/id07078/00405_3.mp4,00405_3.mp4,FakeAVCeleb,FakeVideo-RealAudio,VISUAL_MANIPULATION,1,0,1,id07078,Asian (South),women,405,,unknown,4,calibration
fac_05d0685e6cb3,data/raw/fakeavceleb/FakeAVCeleb_v1.2/FakeAVCeleb_v1.2/FakeVideo-RealAudio/Asian (South)/women/id07078/00405_id00043_wavtolip.mp4,00405_id00043_wavtolip.mp4,FakeAVCeleb,FakeVideo-RealAudio,VISUAL_MANIPULATION,1,0,1,id07078,Asian (South),women,405,id00043,wav2lip,4,calibration
fac_4de1f9f3536e,data/raw/fakeavceleb/FakeAVCeleb_v1.2/FakeAVCeleb_v1.2/FakeVideo-RealAudio/Asian (South)/women/id07078/00405_id00488_wavtolip.mp4,00405_id00488_wavtolip.mp4,FakeAVCeleb,FakeVideo-RealAudio,VISUAL_MANIPULATION,1,0,1,id07078,Asian (South),women,405,id00488,wav2lip,4,calibration
fac_01a3aeb4b08e,data/raw/fakeavceleb/FakeAVCeleb_v1.2/FakeAVCeleb_v1.2/FakeVideo-RealAudio/Asian (South)/women/id07078/00405_id00747_wavtolip.mp4,00405_id00747_wavtolip.mp4,FakeAVCeleb,FakeVideo-RealAudio,VISUAL_MANIPULATION,1,0,1,id07078,Asian (South),women,405,id00747,wav2lip,4,calibration
fac_f9affb635191,data/raw/fakeavceleb/FakeAVCeleb_v1.2/FakeAVCeleb_v1.2/FakeVideo-RealAudio/Asian (South)/women/id07078/00405_id03815_wavtolip.mp4,00405_id03815_wavtolip.mp4,FakeAVCeleb,FakeVideo-RealAudio,VISUAL_MANIPULATION,1,0,1,id07078,Asian (South),women,405,id03815,wav2lip,4,calibration
fac_651aabef69c2,data/raw/fakeavceleb/FakeAVCeleb_v1.2/FakeAVCeleb_v1.2/FakeVideo-RealAudio/Asian (South)/women/id07078/00405_id04070_F3CgrqRjcgw.mp4,00405_id04070_F3CgrqRjcgw.mp4,FakeAVCeleb,FakeVideo-RealAudio,VISUAL_MANIPULATION,1,0,1,id07078,Asian (South),women,405,id04070,unknown,4,calibration
fac_7beba160405d,data/raw/fakeavceleb/FakeAVCeleb_v1.2/FakeAVCeleb_v1.2/FakeVideo-RealAudio/Asian (South)/women/id07078/00405_id04070_F3CgrqRjcgw_faceswap.mp4,00405_id04070_F3CgrqRjcgw_faceswap.mp4,FakeAVCeleb,FakeVideo-RealAudio,VISUAL_MANIPULATION,1,0,1,id07078,Asian (South),women,405,id04070,faceswap,4,calibration
fac_8dc81a9d2590,data/raw/fakeavceleb/FakeAVCeleb_v1.2/FakeAVCeleb_v1.2/FakeVideo-RealAudio/Asian (South)/women/id07078/00405_id04070_wavtolip.mp4,00405_id04070_wavtolip.mp4,FakeAVCeleb,FakeVideo-RealAudio,VISUAL_MANIPULATION,1,0,1,id07078,Asian (South),women,405,id04070,wav2lip,4,calibration
fac_209827f6455c,data/raw/fakeavceleb/FakeAVCeleb_v1.2/FakeAVCeleb_v1.2/FakeVideo-RealAudio/Asian (South)/women/id07078/00405_id04529_wavtolip.mp4,00405_id04529_wavtolip.mp4,FakeAVCeleb,FakeVideo-RealAudio,VISUAL_MANIPULATION,1,0,1,id07078,Asian (South),women,405,id04529,wav2lip,4,calibration
fac_dcc46ed904be,data/raw/fakeavceleb/FakeAVCeleb_v1.2/FakeAVCeleb_v1.2/FakeVideo-RealAudio/Asian (South)/women/id07078/00405_id04564_wavtolip.mp4,00405_id04564_wavtolip.mp4,FakeAVCeleb,FakeVideo-RealAudio,VISUAL_MANIPULATION,1,0,1,id07078,Asian (South),women,405,id04564,wav2lip,4,calibration
fac_27c3f8e4e788,data/raw/fakeavceleb/FakeAVCeleb_v1.2/FakeAVCeleb_v1.2/FakeVideo-RealAudio/Asian (South)/women/id07078/00405_id04927_8MD618FRyfA.mp4,00405_id04927_8MD618FRyfA.mp4,FakeAVCeleb,FakeVideo-RealAudio,VISUAL_MANIPULATION,1,0,1,id07078,Asian (South),women,405,id04927,unknown,4,calibration
fac_31c94c458ec4,data/raw/fakeavceleb/FakeAVCeleb_v1.2/FakeAVCeleb_v1.2/FakeVideo-RealAudio/Asian (South)/women/id07078/00405_id05434_6p7kCmdOjDQ.mp4,00405_id05434_6p7kCmdOjDQ.mp4,FakeAVCeleb,FakeVideo-RealAudio,VISUAL_MANIPULATION,1,0,1,id07078,Asian (South),women,405,id05434,unknown,4,calibration
fac_cb4ffced3fb4,data/raw/fakeavceleb/FakeAVCeleb_v1.2/FakeAVCeleb_v1.2/FakeVideo-RealAudio/Asian (South)/women/id07078/00405_id05435_wavtolip.mp4,00405_id05435_wavtolip.mp4,FakeAVCeleb,FakeVideo-RealAudio,VISUAL_MANIPULATION,1,0,1,id07078,Asian (South),women,405,id05435,wav2lip,4,calibration
fac_b5a480dfc494,data/raw/fakeavceleb/FakeAVCeleb_v1.2/FakeAVCeleb_v1.2/FakeVideo-RealAudio/Asian (South)/women/id07078/00405_id05920_LuLTJu54joo.mp4,00405_id05920_LuLTJu54joo.mp4,FakeAVCeleb,FakeVideo-RealAudio,VISUAL_MANIPULATION,1,0,1,id07078,Asian (South),women,405,id05920,unknown,4,calibration
fac_ef64110727d9,data/raw/fakeavceleb/FakeAVCeleb_v1.2/FakeAVCeleb_v1.2/FakeVideo-RealAudio/Asian (South)/women/id07078/00405_id06445_NWtdqOxEbDY.mp4,00405_id06445_NWtdqOxEbDY.mp4,FakeAVCeleb,FakeVideo-RealAudio,VISUAL_MANIPULATION,1,0,1,id07078,Asian (South),women,405,id06445,unknown,4,calibration
fac_3186fd3ee111,data/raw/fakeavceleb/FakeAVCeleb_v1.2/FakeAVCeleb_v1.2/FakeVideo-RealAudio/Asian (South)/women/id07078/00405_id07008_hbwmyKv9Hio.mp4,00405_id07008_hbwmyKv9Hio.mp4,FakeAVCeleb,FakeVideo-RealAudio,VISUAL_MANIPULATION,1,0,1,id07078,Asian (South),women,405,id07008,unknown,4,calibration
fac_68f1c27e3663,data/raw/fakeavceleb/FakeAVCeleb_v1.2/FakeAVCeleb_v1.2/FakeVideo-RealAudio/Asian (South)/women/id07078/00405_id07049_BiljgZcyWI4.mp4,00405_id07049_BiljgZcyWI4.mp4,FakeAVCeleb,FakeVideo-RealAudio,VISUAL_MANIPULATION,1,0,1,id07078,Asian (South),women,405,id07049,unknown,4,calibration
fac_e6af9f831108,data/raw/fakeavceleb/FakeAVCeleb_v1.2/FakeAVCeleb_v1.2/FakeVideo-RealAudio/Asian (South)/women/id07078/00405_id07236_wavtolip.mp4,00405_id07236_wavtolip.mp4,FakeAVCeleb,FakeVideo-RealAudio,VISUAL_MANIPULATION,1,0,1,id07078,Asian (South),women,405,id07236,wav2lip,4,calibration
fac_a4bec343c498,data/raw/fakeavceleb/FakeAVCeleb_v1.2/FakeAVCeleb_v1.2/FakeVideo-RealAudio/Asian (South)/women/id07078/00405_id07686_lwSGz24c1Bs.mp4,00405_id07686_lwSGz24c1Bs.mp4,FakeAVCeleb,FakeVideo-RealAudio,VISUAL_MANIPULATION,1,0,1,id07078,Asian (South),women,405,id07686,unknown,4,calibration
fac_6fb8f04157b0,data/raw/fakeavceleb/FakeAVCeleb_v1.2/FakeAVCeleb_v1.2/FakeVideo-RealAudio/Asian (South)/women/id07078/00405_id07686_wavtolip.mp4,00405_id07686_wavtolip.mp4,FakeAVCeleb,FakeVideo-RealAudio,VISUAL_MANIPULATION,1,0,1,id07078,Asian (South),women,405,id07686,wav2lip,4,calibration
fac_719c9802b3c8,data/raw/fakeavceleb/FakeAVCeleb_v1.2/FakeAVCeleb_v1.2/FakeVideo-RealAudio/Asian (South)/women/id07136/00052_0.mp4,00052_0.mp4,FakeAVCeleb,FakeVideo-RealAudio,VISUAL_MANIPULATION,1,0,1,id07136,Asian (South),women,52,,unknown,4,calibration
fac_0d412af1e06a,data/raw/fakeavceleb/FakeAVCeleb_v1.2/FakeAVCeleb_v1.2/FakeVideo-RealAudio/Asian (South)/women/id07136/00052_1.mp4,00052_1.mp4,FakeAVCeleb,FakeVideo-RealAudio,VISUAL_MANIPULATION,1,0,1,id07136,Asian (South),women,52,,unknown,4,calibration
fac_8078cd435a8c,data/raw/fakeavceleb/FakeAVCeleb_v1.2/FakeAVCeleb_v1.2/FakeVideo-RealAudio/Asian (South)/women/id07136/00052_2.mp4,00052_2.mp4,FakeAVCeleb,FakeVideo-RealAudio,VISUAL_MANIPULATION,1,0,1,id07136,Asian (South),women,52,,unknown,4,calibration
fac_f2696f4d20a3,data/raw/fakeavceleb/FakeAVCeleb_v1.2/FakeAVCeleb_v1.2/FakeVideo-RealAudio/Asian (South)/women/id07136/00052_id00043_wavtolip.mp4,00052_id00043_wavtolip.mp4,FakeAVCeleb,FakeVideo-RealAudio,VISUAL_MANIPULATION,1,0,1,id07136,Asian (South),women,52,id00043,wav2lip,4,calibration
fac_60ef4d9f9f1b,data/raw/fakeavceleb/FakeAVCeleb_v1.2/FakeAVCeleb_v1.2/FakeVideo-RealAudio/Asian (South)/women/id07136/00052_id01026_rM4ZERt7oM0.mp4,00052_id01026_rM4ZERt7oM0.mp4,FakeAVCeleb,FakeVideo-RealAudio,VISUAL_MANIPULATION,1,0,1,id07136,Asian (South),women,52,id01026,unknown,4,calibration
fac_33927d5e7592,data/raw/fakeavceleb/FakeAVCeleb_v1.2/FakeAVCeleb_v1.2/FakeVideo-RealAudio/Asian (South)/women/id07136/00052_id02310_wavtolip.mp4,00052_id02310_wavtolip.mp4,FakeAVCeleb,FakeVideo-RealAudio,VISUAL_MANIPULATION,1,0,1,id07136,Asian (South),women,52,id02310,wav2lip,4,calibration
fac_b77637925d27,data/raw/fakeavceleb/FakeAVCeleb_v1.2/FakeAVCeleb_v1.2/FakeVideo-RealAudio/Asian (South)/women/id07136/00052_id02310_zA-8Pw0SvZg.mp4,00052_id02310_zA-8Pw0SvZg.mp4,FakeAVCeleb,FakeVideo-RealAudio,VISUAL_MANIPULATION,1,0,1,id07136,Asian (South),women,52,id02310,unknown,4,calibration
fac_6f7a4fb2d2b0,data/raw/fakeavceleb/FakeAVCeleb_v1.2/FakeAVCeleb_v1.2/FakeVideo-RealAudio/Asian (South)/women/id07136/00052_id03815_hw41YlLps4w.mp4,00052_id03815_hw41YlLps4w.mp4,FakeAVCeleb,FakeVideo-RealAudio,VISUAL_MANIPULATION,1,0,1,id07136,Asian (South),women,52,id03815,unknown,4,calibration
fac_eb3bfaad6e67,data/raw/fakeavceleb/FakeAVCeleb_v1.2/FakeAVCeleb_v1.2/FakeVideo-RealAudio/Asian (South)/women/id07136/00052_id03985_wavtolip.mp4,00052_id03985_wavtolip.mp4,FakeAVCeleb,FakeVideo-RealAudio,VISUAL_MANIPULATION,1,0,1,id07136,Asian (South),women,52,id03985,wav2lip,4,calibration
fac_837e720693ea,data/raw/fakeavceleb/FakeAVCeleb_v1.2/FakeAVCeleb_v1.2/FakeVideo-RealAudio/Asian (South)/women/id07136/00052_id04583_M10zZFjuAb0.mp4,00052_id04583_M10zZFjuAb0.mp4,FakeAVCeleb,FakeVideo-RealAudio,VISUAL_MANIPULATION,1,0,1,id07136,Asian (South),women,52,id04583,unknown,4,calibration
fac_a3d8abaf3237,data/raw/fakeavceleb/FakeAVCeleb_v1.2/FakeAVCeleb_v1.2/FakeVideo-RealAudio/Asian (South)/women/id07136/00052_id04583_M10zZFjuAb0_faceswap.mp4,00052_id04583_M10zZFjuAb0_faceswap.mp4,FakeAVCeleb,FakeVideo-RealAudio,VISUAL_MANIPULATION,1,0,1,id07136,Asian (South),women,52,id04583,faceswap,4,calibration
fac_6a75af5d424c,data/raw/fakeavceleb/FakeAVCeleb_v1.2/FakeAVCeleb_v1.2/FakeVideo-RealAudio/Asian (South)/women/id07136/00052_id04583_wavtolip.mp4,00052_id04583_wavtolip.mp4,FakeAVCeleb,FakeVideo-RealAudio,VISUAL_MANIPULATION,1,0,1,id07136,Asian (South),women,52,id04583,wav2lip,4,calibration
fac_6798976112c9,data/raw/fakeavceleb/FakeAVCeleb_v1.2/FakeAVCeleb_v1.2/FakeVideo-RealAudio/Asian (South)/women/id07136/00052_id05435_OvX-Jv_whcU.mp4,00052_id05435_OvX-Jv_whcU.mp4,FakeAVCeleb,FakeVideo-RealAudio,VISUAL_MANIPULATION,1,0,1,id07136,Asian (South),women,52,id05435,unknown,4,calibration
fac_b117e65a5577,data/raw/fakeavceleb/FakeAVCeleb_v1.2/FakeAVCeleb_v1.2/FakeVideo-RealAudio/Asian (South)/women/id07136/00052_id05435_wavtolip.mp4,00052_id05435_wavtolip.mp4,FakeAVCeleb,FakeVideo-RealAudio,VISUAL_MANIPULATION,1,0,1,id07136,Asian (South),women,52,id05435,wav2lip,4,calibration
fac_7500306bdf6d,data/raw/fakeavceleb/FakeAVCeleb_v1.2/FakeAVCeleb_v1.2/FakeVideo-RealAudio/Asian (South)/women/id07136/00052_id05920_wavtolip.mp4,00052_id05920_wavtolip.mp4,FakeAVCeleb,FakeVideo-RealAudio,VISUAL_MANIPULATION,1,0,1,id07136,Asian (South),women,52,id05920,wav2lip,4,calibration
fac_f0298a69c75f,data/raw/fakeavceleb/FakeAVCeleb_v1.2/FakeAVCeleb_v1.2/FakeVideo-RealAudio/Asian (South)/women/id07136/00052_id06268_wavtolip.mp4,00052_id06268_wavtolip.mp4,FakeAVCeleb,FakeVideo-RealAudio,VISUAL_MANIPULATION,1,0,1,id07136,Asian (South),women,52,id06268,wav2lip,4,calibration
fac_e11d397424fb,data/raw/fakeavceleb/FakeAVCeleb_v1.2/FakeAVCeleb_v1.2/FakeVideo-RealAudio/Asian (South)/women/id07136/00052_id06445_NWtdqOxEbDY.mp4,00052_id06445_NWtdqOxEbDY.mp4,FakeAVCeleb,FakeVideo-RealAudio,VISUAL_MANIPULATION,1,0,1,id07136,Asian (South),women,52,id06445,unknown,4,calibration
fac_61593fe42167,data/raw/fakeavceleb/FakeAVCeleb_v1.2/FakeAVCeleb_v1.2/FakeVideo-RealAudio/Asian (South)/women/id07136/00052_id07008_wavtolip.mp4,00052_id07008_wavtolip.mp4,FakeAVCeleb,FakeVideo-RealAudio,VISUAL_MANIPULATION,1,0,1,id07136,Asian (South),women,52,id07008,wav2lip,4,calibration
fac_fc9e2f342a9d,data/raw/fakeavceleb/FakeAVCeleb_v1.2/FakeAVCeleb_v1.2/FakeVideo-RealAudio/Asian (South)/women/id07136/00052_id07049_wavtolip.mp4,00052_id07049_wavtolip.mp4,FakeAVCeleb,FakeVideo-RealAudio,VISUAL_MANIPULATION,1,0,1,id07136,Asian (South),women,52,id07049,wav2lip,4,calibration
fac_b75de25c824e,data/raw/fakeavceleb/FakeAVCeleb_v1.2/FakeAVCeleb_v1.2/FakeVideo-RealAudio/Asian (South)/women/id07136/00052_id07051_d1c0Pl2aP_4.mp4,00052_id07051_d1c0Pl2aP_4.mp4,FakeAVCeleb,FakeVideo-RealAudio,VISUAL_MANIPULATION,1,0,1,id07136,Asian (South),women,52,id07051,unknown,4,calibration
fac_cb35e627573a,data/raw/fakeavceleb/FakeAVCeleb_v1.2/FakeAVCeleb_v1.2/FakeVideo-RealAudio/Asian (South)/women/id07136/00052_id07051_wavtolip.mp4,00052_id07051_wavtolip.mp4,FakeAVCeleb,FakeVideo-RealAudio,VISUAL_MANIPULATION,1,0,1,id07136,Asian (South),women,52,id07051,wav2lip,4,calibration
fac_b839344f80bf,data/raw/fakeavceleb/FakeAVCeleb_v1.2/FakeAVCeleb_v1.2/FakeVideo-RealAudio/Asian (South)/women/id07136/00052_id07377_FGNavKcGANA.mp4,00052_id07377_FGNavKcGANA.mp4,FakeAVCeleb,FakeVideo-RealAudio,VISUAL_MANIPULATION,1,0,1,id07136,Asian (South),women,52,id07377,unknown,4,calibration
fac_502fd6aa3bdd,data/raw/fakeavceleb/FakeAVCeleb_v1.2/FakeAVCeleb_v1.2/FakeVideo-RealAudio/Asian (South)/women/id07236/00143_0.mp4,00143_0.mp4,FakeAVCeleb,FakeVideo-RealAudio,VISUAL_MANIPULATION,1,0,1,id07236,Asian (South),women,143,,unknown,4,calibration
fac_28c5c962162a,data/raw/fakeavceleb/FakeAVCeleb_v1.2/FakeAVCeleb_v1.2/FakeVideo-RealAudio/Asian (South)/women/id07236/00143_id00080_wavtolip.mp4,00143_id00080_wavtolip.mp4,FakeAVCeleb,FakeVideo-RealAudio,VISUAL_MANIPULATION,1,0,1,id07236,Asian (South),women,143,id00080,wav2lip,4,calibration
fac_4ef047e258ef,data/raw/fakeavceleb/FakeAVCeleb_v1.2/FakeAVCeleb_v1.2/FakeVideo-RealAudio/Asian (South)/women/id07236/00143_id00149_wavtolip.mp4,00143_id00149_wavtolip.mp4,FakeAVCeleb,FakeVideo-RealAudio,VISUAL_MANIPULATION,1,0,1,id07236,Asian (South),women,143,id00149,wav2lip,4,calibration
fac_157a514bf216,data/raw/fakeavceleb/FakeAVCeleb_v1.2/FakeAVCeleb_v1.2/FakeVideo-RealAudio/Asian (South)/women/id07236/00143_id00488_F3YxmZ9CYFw.mp4,00143_id00488_F3YxmZ9CYFw.mp4,FakeAVCeleb,FakeVideo-RealAudio,VISUAL_MANIPULATION,1,0,1,id07236,Asian (South),women,143,id00488,unknown,4,calibration
fac_b6858c94d2c9,data/raw/fakeavceleb/FakeAVCeleb_v1.2/FakeAVCeleb_v1.2/FakeVideo-RealAudio/Asian (South)/women/id07236/00143_id00747_wavtolip.mp4,00143_id00747_wavtolip.mp4,FakeAVCeleb,FakeVideo-RealAudio,VISUAL_MANIPULATION,1,0,1,id07236,Asian (South),women,143,id00747,wav2lip,4,calibration
fac_49cbd62b8a5c,data/raw/fakeavceleb/FakeAVCeleb_v1.2/FakeAVCeleb_v1.2/FakeVideo-RealAudio/Asian (South)/women/id07236/00143_id03815_wavtolip.mp4,00143_id03815_wavtolip.mp4,FakeAVCeleb,FakeVideo-RealAudio,VISUAL_MANIPULATION,1,0,1,id07236,Asian (South),women,143,id03815,wav2lip,4,calibration
fac_984e66e19da9,data/raw/fakeavceleb/FakeAVCeleb_v1.2/FakeAVCeleb_v1.2/FakeVideo-RealAudio/Asian (South)/women/id07236/00143_id03985_01aVtyjfVFM.mp4,00143_id03985_01aVtyjfVFM.mp4,FakeAVCeleb,FakeVideo-RealAudio,VISUAL_MANIPULATION,1,0,1,id07236,Asian (South),women,143,id03985,unknown,4,calibration
fac_117eb0bf634d,data/raw/fakeavceleb/FakeAVCeleb_v1.2/FakeAVCeleb_v1.2/FakeVideo-RealAudio/Asian (South)/women/id07236/00143_id04490_wavtolip.mp4,00143_id04490_wavtolip.mp4,FakeAVCeleb,FakeVideo-RealAudio,VISUAL_MANIPULATION,1,0,1,id07236,Asian (South),women,143,id04490,wav2lip,4,calibration
fac_887f9b843448,data/raw/fakeavceleb/FakeAVCeleb_v1.2/FakeAVCeleb_v1.2/FakeVideo-RealAudio/Asian (South)/women/id07236/00143_id04530_W5-PTTL9HzU.mp4,00143_id04530_W5-PTTL9HzU.mp4,FakeAVCeleb,FakeVideo-RealAudio,VISUAL_MANIPULATION,1,0,1,id07236,Asian (South),women,143,id04530,unknown,4,calibration
fac_1c7db470b4e2,data/raw/fakeavceleb/FakeAVCeleb_v1.2/FakeAVCeleb_v1.2/FakeVideo-RealAudio/Asian (South)/women/id07236/00143_id04582_Pm9dX-TxNx0.mp4,00143_id04582_Pm9dX-TxNx0.mp4,FakeAVCeleb,FakeVideo-RealAudio,VISUAL_MANIPULATION,1,0,1,id07236,Asian (South),women,143,id04582,unknown,4,calibration
fac_1963753a7b6f,data/raw/fakeavceleb/FakeAVCeleb_v1.2/FakeAVCeleb_v1.2/FakeVideo-RealAudio/Asian (South)/women/id07236/00143_id05435_OvX-Jv_whcU.mp4,00143_id05435_OvX-Jv_whcU.mp4,FakeAVCeleb,FakeVideo-RealAudio,VISUAL_MANIPULATION,1,0,1,id07236,Asian (South),women,143,id05435,unknown,4,calibration
fac_2ee231beb1ae,data/raw/fakeavceleb/FakeAVCeleb_v1.2/FakeAVCeleb_v1.2/FakeVideo-RealAudio/Asian (South)/women/id07236/00143_id05435_OvX-Jv_whcU_faceswap.mp4,00143_id05435_OvX-Jv_whcU_faceswap.mp4,FakeAVCeleb,FakeVideo-RealAudio,VISUAL_MANIPULATION,1,0,1,id07236,Asian (South),women,143,id05435,faceswap,4,calibration
fac_2d12d3e126de,data/raw/fakeavceleb/FakeAVCeleb_v1.2/FakeAVCeleb_v1.2/FakeVideo-RealAudio/Asian (South)/women/id07236/00143_id05931_bFqu86NV3hk.mp4,00143_id05931_bFqu86NV3hk.mp4,FakeAVCeleb,FakeVideo-RealAudio,VISUAL_MANIPULATION,1,0,1,id07236,Asian (South),women,143,id05931,unknown,4,calibration
fac_34d67639e894,data/raw/fakeavceleb/FakeAVCeleb_v1.2/FakeAVCeleb_v1.2/FakeVideo-RealAudio/Asian (South)/women/id07236/00143_id06254_8VSfI86Fua4.mp4,00143_id06254_8VSfI86Fua4.mp4,FakeAVCeleb,FakeVideo-RealAudio,VISUAL_MANIPULATION,1,0,1,id07236,Asian (South),women,143,id06254,unknown,4,calibration
fac_81ffc708afdc,data/raw/fakeavceleb/FakeAVCeleb_v1.2/FakeAVCeleb_v1.2/FakeVideo-RealAudio/Asian (South)/women/id07236/00143_id06254_wavtolip.mp4,00143_id06254_wavtolip.mp4,FakeAVCeleb,FakeVideo-RealAudio,VISUAL_MANIPULATION,1,0,1,id07236,Asian (South),women,143,id06254,wav2lip,4,calibration
fac_ad3964c62c1b,data/raw/fakeavceleb/FakeAVCeleb_v1.2/FakeAVCeleb_v1.2/FakeVideo-RealAudio/Asian (South)/women/id07236/00143_id06268_wavtolip.mp4,00143_id06268_wavtolip.mp4,FakeAVCeleb,FakeVideo-RealAudio,VISUAL_MANIPULATION,1,0,1,id07236,Asian (South),women,143,id06268,wav2lip,4,calibration
fac_d04880da3c39,data/raw/fakeavceleb/FakeAVCeleb_v1.2/FakeAVCeleb_v1.2/FakeVideo-RealAudio/Asian (South)/women/id07236/00143_id06438_wavtolip.mp4,00143_id06438_wavtolip.mp4,FakeAVCeleb,FakeVideo-RealAudio,VISUAL_MANIPULATION,1,0,1,id07236,Asian (South),women,143,id06438,wav2lip,4,calibration
fac_ca1c08aa4f91,data/raw/fakeavceleb/FakeAVCeleb_v1.2/FakeAVCeleb_v1.2/FakeVideo-RealAudio/Asian (South)/women/id07236/00143_id07051_d1c0Pl2aP_4.mp4,00143_id07051_d1c0Pl2aP_4.mp4,FakeAVCeleb,FakeVideo-RealAudio,VISUAL_MANIPULATION,1,0,1,id07236,Asian (South),women,143,id07051,unknown,4,calibration
fac_b1bbb710484c,data/raw/fakeavceleb/FakeAVCeleb_v1.2/FakeAVCeleb_v1.2/FakeVideo-RealAudio/Asian (South)/women/id07236/00143_id07051_wavtolip.mp4,00143_id07051_wavtolip.mp4,FakeAVCeleb,FakeVideo-RealAudio,VISUAL_MANIPULATION,1,0,1,id07236,Asian (South),women,143,id07051,wav2lip,4,calibration
fac_90047aa063ed,data/raw/fakeavceleb/FakeAVCeleb_v1.2/FakeAVCeleb_v1.2/FakeVideo-RealAudio/Asian (South)/women/id07236/00143_id07377_wavtolip.mp4,00143_id07377_wavtolip.mp4,FakeAVCeleb,FakeVideo-RealAudio,VISUAL_MANIPULATION,1,0,1,id07236,Asian (South),women,143,id07377,wav2lip,4,calibration
fac_314c91f6912e,data/raw/fakeavceleb/FakeAVCeleb_v1.2/FakeAVCeleb_v1.2/FakeVideo-RealAudio/Asian (South)/women/id07377/00025_id00043_wavtolip.mp4,00025_id00043_wavtolip.mp4,FakeAVCeleb,FakeVideo-RealAudio,VISUAL_MANIPULATION,1,0,1,id07377,Asian (South),women,25,id00043,wav2lip,4,calibration
fac_b39fc3b9c8f6,data/raw/fakeavceleb/FakeAVCeleb_v1.2/FakeAVCeleb_v1.2/FakeVideo-RealAudio/Asian (South)/women/id07377/00025_id00080_y29QtxBTASE.mp4,00025_id00080_y29QtxBTASE.mp4,FakeAVCeleb,FakeVideo-RealAudio,VISUAL_MANIPULATION,1,0,1,id07377,Asian (South),women,25,id00080,unknown,4,calibration
fac_d34589d97a21,data/raw/fakeavceleb/FakeAVCeleb_v1.2/FakeAVCeleb_v1.2/FakeVideo-RealAudio/Asian (South)/women/id07377/00025_id00149_s2evR-nUhVY.mp4,00025_id00149_s2evR-nUhVY.mp4,FakeAVCeleb,FakeVideo-RealAudio,VISUAL_MANIPULATION,1,0,1,id07377,Asian (South),women,25,id00149,unknown,4,calibration
fac_627b54e5f088,data/raw/fakeavceleb/FakeAVCeleb_v1.2/FakeAVCeleb_v1.2/FakeVideo-RealAudio/Asian (South)/women/id07377/00025_id00739_wavtolip.mp4,00025_id00739_wavtolip.mp4,FakeAVCeleb,FakeVideo-RealAudio,VISUAL_MANIPULATION,1,0,1,id07377,Asian (South),women,25,id00739,wav2lip,4,calibration
fac_0f0d6fa93276,data/raw/fakeavceleb/FakeAVCeleb_v1.2/FakeAVCeleb_v1.2/FakeVideo-RealAudio/Asian (South)/women/id07377/00025_id01026_rM4ZERt7oM0.mp4,00025_id01026_rM4ZERt7oM0.mp4,FakeAVCeleb,FakeVideo-RealAudio,VISUAL_MANIPULATION,1,0,1,id07377,Asian (South),women,25,id01026,unknown,4,calibration
fac_cdff94200979,data/raw/fakeavceleb/FakeAVCeleb_v1.2/FakeAVCeleb_v1.2/FakeVideo-RealAudio/Asian (South)/women/id07377/00025_id01026_rM4ZERt7oM0_faceswap.mp4,00025_id01026_rM4ZERt7oM0_faceswap.mp4,FakeAVCeleb,FakeVideo-RealAudio,VISUAL_MANIPULATION,1,0,1,id07377,Asian (South),women,25,id01026,faceswap,4,calibration
fac_e3493592967e,data/raw/fakeavceleb/FakeAVCeleb_v1.2/FakeAVCeleb_v1.2/FakeVideo-RealAudio/Asian (South)/women/id07377/00025_id02310_wavtolip.mp4,00025_id02310_wavtolip.mp4,FakeAVCeleb,FakeVideo-RealAudio,VISUAL_MANIPULATION,1,0,1,id07377,Asian (South),women,25,id02310,wav2lip,4,calibration
fac_09609b7d53d6,data/raw/fakeavceleb/FakeAVCeleb_v1.2/FakeAVCeleb_v1.2/FakeVideo-RealAudio/Asian (South)/women/id07377/00025_id03559_wavtolip.mp4,00025_id03559_wavtolip.mp4,FakeAVCeleb,FakeVideo-RealAudio,VISUAL_MANIPULATION,1,0,1,id07377,Asian (South),women,25,id03559,wav2lip,4,calibration
fac_67b8cb6da44f,data/raw/fakeavceleb/FakeAVCeleb_v1.2/FakeAVCeleb_v1.2/FakeVideo-RealAudio/Asian (South)/women/id07377/00025_id03815_hw41YlLps4w.mp4,00025_id03815_hw41YlLps4w.mp4,FakeAVCeleb,FakeVideo-RealAudio,VISUAL_MANIPULATION,1,0,1,id07377,Asian (South),women,25,id03815,unknown,4,calibration
fac_8cbb10661066,data/raw/fakeavceleb/FakeAVCeleb_v1.2/FakeAVCeleb_v1.2/FakeVideo-RealAudio/Asian (South)/women/id07377/00025_id03897_wavtolip.mp4,00025_id03897_wavtolip.mp4,FakeAVCeleb,FakeVideo-RealAudio,VISUAL_MANIPULATION,1,0,1,id07377,Asian (South),women,25,id03897,wav2lip,4,calibration
fac_48973669830f,data/raw/fakeavceleb/FakeAVCeleb_v1.2/FakeAVCeleb_v1.2/FakeVideo-RealAudio/Asian (South)/women/id07377/00025_id03985_01aVtyjfVFM.mp4,00025_id03985_01aVtyjfVFM.mp4,FakeAVCeleb,FakeVideo-RealAudio,VISUAL_MANIPULATION,1,0,1,id07377,Asian (South),women,25,id03985,unknown,4,calibration
fac_5b0ec08a37ca,data/raw/fakeavceleb/FakeAVCeleb_v1.2/FakeAVCeleb_v1.2/FakeVideo-RealAudio/Asian (South)/women/id07377/00025_id04530_wavtolip.mp4,00025_id04530_wavtolip.mp4,FakeAVCeleb,FakeVideo-RealAudio,VISUAL_MANIPULATION,1,0,1,id07377,Asian (South),women,25,id04530,wav2lip,4,calibration
fac_afb811b5f364,data/raw/fakeavceleb/FakeAVCeleb_v1.2/FakeAVCeleb_v1.2/FakeVideo-RealAudio/Asian (South)/women/id07377/00025_id05434_wavtolip.mp4,00025_id05434_wavtolip.mp4,FakeAVCeleb,FakeVideo-RealAudio,VISUAL_MANIPULATION,1,0,1,id07377,Asian (South),women,25,id05434,wav2lip,4,calibration
fac_c0d217124d5f,data/raw/fakeavceleb/FakeAVCeleb_v1.2/FakeAVCeleb_v1.2/FakeVideo-RealAudio/Asian (South)/women/id07377/00025_id05845_XfMHm6CEwPw.mp4,00025_id05845_XfMHm6CEwPw.mp4,FakeAVCeleb,FakeVideo-RealAudio,VISUAL_MANIPULATION,1,0,1,id07377,Asian (South),women,25,id05845,unknown,4,calibration
fac_c94e477e027d,data/raw/fakeavceleb/FakeAVCeleb_v1.2/FakeAVCeleb_v1.2/FakeVideo-RealAudio/Asian (South)/women/id07377/00025_id06428_A9nvRKd1afA.mp4,00025_id06428_A9nvRKd1afA.mp4,FakeAVCeleb,FakeVideo-RealAudio,VISUAL_MANIPULATION,1,0,1,id07377,Asian (South),women,25,id06428,unknown,4,calibration
fac_48f8da62e0f3,data/raw/fakeavceleb/FakeAVCeleb_v1.2/FakeAVCeleb_v1.2/FakeVideo-RealAudio/Asian (South)/women/id07377/00025_id06445_NWtdqOxEbDY.mp4,00025_id06445_NWtdqOxEbDY.mp4,FakeAVCeleb,FakeVideo-RealAudio,VISUAL_MANIPULATION,1,0,1,id07377,Asian (South),women,25,id06445,unknown,4,calibration
fac_a525f5375011,data/raw/fakeavceleb/FakeAVCeleb_v1.2/FakeAVCeleb_v1.2/FakeVideo-RealAudio/Asian (South)/women/id07377/00025_id06752_wavtolip.mp4,00025_id06752_wavtolip.mp4,FakeAVCeleb,FakeVideo-RealAudio,VISUAL_MANIPULATION,1,0,1,id07377,Asian (South),women,25,id06752,wav2lip,4,calibration
fac_3509aaad1e8e,data/raw/fakeavceleb/FakeAVCeleb_v1.2/FakeAVCeleb_v1.2/FakeVideo-RealAudio/Asian (South)/women/id07377/00025_id07008_wavtolip.mp4,00025_id07008_wavtolip.mp4,FakeAVCeleb,FakeVideo-RealAudio,VISUAL_MANIPULATION,1,0,1,id07377,Asian (South),women,25,id07008,wav2lip,4,calibration
fac_ccbe487273f8,data/raw/fakeavceleb/FakeAVCeleb_v1.2/FakeAVCeleb_v1.2/FakeVideo-RealAudio/Asian (South)/women/id07377/00025_id07051_wavtolip.mp4,00025_id07051_wavtolip.mp4,FakeAVCeleb,FakeVideo-RealAudio,VISUAL_MANIPULATION,1,0,1,id07377,Asian (South),women,25,id07051,wav2lip,4,calibration
fac_39aa220c806a,data/raw/fakeavceleb/FakeAVCeleb_v1.2/FakeAVCeleb_v1.2/FakeVideo-RealAudio/Asian (South)/women/id07686/00254_id00043_wavtolip.mp4,00254_id00043_wavtolip.mp4,FakeAVCeleb,FakeVideo-RealAudio,VISUAL_MANIPULATION,1,0,1,id07686,Asian (South),women,254,id00043,wav2lip,4,calibration
fac_c5cc4e6e50b0,data/raw/fakeavceleb/FakeAVCeleb_v1.2/FakeAVCeleb_v1.2/FakeVideo-RealAudio/Asian (South)/women/id07686/00254_id00080_wavtolip.mp4,00254_id00080_wavtolip.mp4,FakeAVCeleb,FakeVideo-RealAudio,VISUAL_MANIPULATION,1,0,1,id07686,Asian (South),women,254,id00080,wav2lip,4,calibration
fac_26d718d0df05,data/raw/fakeavceleb/FakeAVCeleb_v1.2/FakeAVCeleb_v1.2/FakeVideo-RealAudio/Asian (South)/women/id07686/00254_id00417_GhIZam3v09g.mp4,00254_id00417_GhIZam3v09g.mp4,FakeAVCeleb,FakeVideo-RealAudio,VISUAL_MANIPULATION,1,0,1,id07686,Asian (South),women,254,id00417,unknown,4,calibration
fac_c23327128461,data/raw/fakeavceleb/FakeAVCeleb_v1.2/FakeAVCeleb_v1.2/FakeVideo-RealAudio/Asian (South)/women/id07686/00254_id00461_Ort9NW3SJU4.mp4,00254_id00461_Ort9NW3SJU4.mp4,FakeAVCeleb,FakeVideo-RealAudio,VISUAL_MANIPULATION,1,0,1,id07686,Asian (South),women,254,id00461,unknown,4,calibration
fac_d3bca45bafd2,data/raw/fakeavceleb/FakeAVCeleb_v1.2/FakeAVCeleb_v1.2/FakeVideo-RealAudio/Asian (South)/women/id07686/00254_id02089_wavtolip.mp4,00254_id02089_wavtolip.mp4,FakeAVCeleb,FakeVideo-RealAudio,VISUAL_MANIPULATION,1,0,1,id07686,Asian (South),women,254,id02089,wav2lip,4,calibration
fac_eae36a6af33e,data/raw/fakeavceleb/FakeAVCeleb_v1.2/FakeAVCeleb_v1.2/FakeVideo-RealAudio/Asian (South)/women/id07686/00254_id02310_wavtolip.mp4,00254_id02310_wavtolip.mp4,FakeAVCeleb,FakeVideo-RealAudio,VISUAL_MANIPULATION,1,0,1,id07686,Asian (South),women,254,id02310,wav2lip,4,calibration
fac_65dbad2355c5,data/raw/fakeavceleb/FakeAVCeleb_v1.2/FakeAVCeleb_v1.2/FakeVideo-RealAudio/Asian (South)/women/id07686/00254_id03985_01aVtyjfVFM.mp4,00254_id03985_01aVtyjfVFM.mp4,FakeAVCeleb,FakeVideo-RealAudio,VISUAL_MANIPULATION,1,0,1,id07686,Asian (South),women,254,id03985,unknown,4,calibration
fac_373354291c1f,data/raw/fakeavceleb/FakeAVCeleb_v1.2/FakeAVCeleb_v1.2/FakeVideo-RealAudio/Asian (South)/women/id07686/00254_id03985_01aVtyjfVFM_faceswap.mp4,00254_id03985_01aVtyjfVFM_faceswap.mp4,FakeAVCeleb,FakeVideo-RealAudio,VISUAL_MANIPULATION,1,0,1,id07686,Asian (South),women,254,id03985,faceswap,4,calibration
fac_840a50b20206,data/raw/fakeavceleb/FakeAVCeleb_v1.2/FakeAVCeleb_v1.2/FakeVideo-RealAudio/Asian (South)/women/id07686/00254_id04564_xUz03LwKRtQ.mp4,00254_id04564_xUz03LwKRtQ.mp4,FakeAVCeleb,FakeVideo-RealAudio,VISUAL_MANIPULATION,1,0,1,id07686,Asian (South),women,254,id04564,unknown,4,calibration
fac_0e0e70a7cce2,data/raw/fakeavceleb/FakeAVCeleb_v1.2/FakeAVCeleb_v1.2/FakeVideo-RealAudio/Asian (South)/women/id07686/00254_id04583_wavtolip.mp4,00254_id04583_wavtolip.mp4,FakeAVCeleb,FakeVideo-RealAudio,VISUAL_MANIPULATION,1,0,1,id07686,Asian (South),women,254,id04583,wav2lip,4,calibration
fac_a5ad48660f1b,data/raw/fakeavceleb/FakeAVCeleb_v1.2/FakeAVCeleb_v1.2/FakeVideo-RealAudio/Asian (South)/women/id07686/00254_id04927_8MD618FRyfA.mp4,00254_id04927_8MD618FRyfA.mp4,FakeAVCeleb,FakeVideo-RealAudio,VISUAL_MANIPULATION,1,0,1,id07686,Asian (South),women,254,id04927,unknown,4,calibration
fac_7c77e1986d38,data/raw/fakeavceleb/FakeAVCeleb_v1.2/FakeAVCeleb_v1.2/FakeVideo-RealAudio/Asian (South)/women/id07686/00254_id06254_8VSfI86Fua4.mp4,00254_id06254_8VSfI86Fua4.mp4,FakeAVCeleb,FakeVideo-RealAudio,VISUAL_MANIPULATION,1,0,1,id07686,Asian (South),women,254,id06254,unknown,4,calibration
fac_31f16e8df61a,data/raw/fakeavceleb/FakeAVCeleb_v1.2/FakeAVCeleb_v1.2/FakeVideo-RealAudio/Asian (South)/women/id07686/00254_id06254_wavtolip.mp4,00254_id06254_wavtolip.mp4,FakeAVCeleb,FakeVideo-RealAudio,VISUAL_MANIPULATION,1,0,1,id07686,Asian (South),women,254,id06254,wav2lip,4,calibration
fac_c3057b392bd5,data/raw/fakeavceleb/FakeAVCeleb_v1.2/FakeAVCeleb_v1.2/FakeVideo-RealAudio/Asian (South)/women/id07686/00254_id06343_wavtolip.mp4,00254_id06343_wavtolip.mp4,FakeAVCeleb,FakeVideo-RealAudio,VISUAL_MANIPULATION,1,0,1,id07686,Asian (South),women,254,id06343,wav2lip,4,calibration
fac_c4cc33ce41e9,data/raw/fakeavceleb/FakeAVCeleb_v1.2/FakeAVCeleb_v1.2/FakeVideo-RealAudio/Asian (South)/women/id07686/00254_id06437_3BZvvzBhj8s.mp4,00254_id06437_3BZvvzBhj8s.mp4,FakeAVCeleb,FakeVideo-RealAudio,VISUAL_MANIPULATION,1,0,1,id07686,Asian (South),women,254,id06437,unknown,4,calibration
fac_a69a6d751c5f,data/raw/fakeavceleb/FakeAVCeleb_v1.2/FakeAVCeleb_v1.2/FakeVideo-RealAudio/Asian (South)/women/id07686/00254_id06439_wavtolip.mp4,00254_id06439_wavtolip.mp4,FakeAVCeleb,FakeVideo-RealAudio,VISUAL_MANIPULATION,1,0,1,id07686,Asian (South),women,254,id06439,wav2lip,4,calibration
fac_6a3eb07ca5e3,data/raw/fakeavceleb/FakeAVCeleb_v1.2/FakeAVCeleb_v1.2/FakeVideo-RealAudio/Asian (South)/women/id07686/00254_id06445_wavtolip.mp4,00254_id06445_wavtolip.mp4,FakeAVCeleb,FakeVideo-RealAudio,VISUAL_MANIPULATION,1,0,1,id07686,Asian (South),women,254,id06445,wav2lip,4,calibration
fac_de29bb043433,data/raw/fakeavceleb/FakeAVCeleb_v1.2/FakeAVCeleb_v1.2/FakeVideo-RealAudio/Asian (South)/women/id07686/00254_id07008_wavtolip.mp4,00254_id07008_wavtolip.mp4,FakeAVCeleb,FakeVideo-RealAudio,VISUAL_MANIPULATION,1,0,1,id07686,Asian (South),women,254,id07008,wav2lip,4,calibration
fac_b7807e4f6329,data/raw/fakeavceleb/FakeAVCeleb_v1.2/FakeAVCeleb_v1.2/FakeVideo-RealAudio/Asian (South)/women/id07686/00254_id07078_sLVbTD3Dtgw.mp4,00254_id07078_sLVbTD3Dtgw.mp4,FakeAVCeleb,FakeVideo-RealAudio,VISUAL_MANIPULATION,1,0,1,id07686,Asian (South),women,254,id07078,unknown,4,calibration
fac_cd0fdd8831da,data/raw/fakeavceleb/FakeAVCeleb_v1.2/FakeAVCeleb_v1.2/FakeVideo-RealAudio/Asian (South)/women/id07689/00028_1.mp4,00028_1.mp4,FakeAVCeleb,FakeVideo-RealAudio,VISUAL_MANIPULATION,1,0,1,id07689,Asian (South),women,28,,unknown,4,calibration
fac_27e65cd1f0e9,data/raw/fakeavceleb/FakeAVCeleb_v1.2/FakeAVCeleb_v1.2/FakeVideo-RealAudio/Asian (South)/women/id07689/00028_2.mp4,00028_2.mp4,FakeAVCeleb,FakeVideo-RealAudio,VISUAL_MANIPULATION,1,0,1,id07689,Asian (South),women,28,,unknown,4,calibration
fac_8c5a5472681e,data/raw/fakeavceleb/FakeAVCeleb_v1.2/FakeAVCeleb_v1.2/FakeVideo-RealAudio/Asian (South)/women/id07689/00028_3.mp4,00028_3.mp4,FakeAVCeleb,FakeVideo-RealAudio,VISUAL_MANIPULATION,1,0,1,id07689,Asian (South),women,28,,unknown,4,calibration
fac_f3c3e9cd2b5d,data/raw/fakeavceleb/FakeAVCeleb_v1.2/FakeAVCeleb_v1.2/FakeVideo-RealAudio/Asian (South)/women/id07689/00028_id00080_wavtolip.mp4,00028_id00080_wavtolip.mp4,FakeAVCeleb,FakeVideo-RealAudio,VISUAL_MANIPULATION,1,0,1,id07689,Asian (South),women,28,id00080,wav2lip,4,calibration
fac_f93f391f2652,data/raw/fakeavceleb/FakeAVCeleb_v1.2/FakeAVCeleb_v1.2/FakeVideo-RealAudio/Asian (South)/women/id07689/00028_id00488_wavtolip.mp4,00028_id00488_wavtolip.mp4,FakeAVCeleb,FakeVideo-RealAudio,VISUAL_MANIPULATION,1,0,1,id07689,Asian (South),women,28,id00488,wav2lip,4,calibration
fac_0c3ce5b3f9d9,data/raw/fakeavceleb/FakeAVCeleb_v1.2/FakeAVCeleb_v1.2/FakeVideo-RealAudio/Asian (South)/women/id07689/00028_id01026_wavtolip.mp4,00028_id01026_wavtolip.mp4,FakeAVCeleb,FakeVideo-RealAudio,VISUAL_MANIPULATION,1,0,1,id07689,Asian (South),women,28,id01026,wav2lip,4,calibration
fac_4a4acbb29bcb,data/raw/fakeavceleb/FakeAVCeleb_v1.2/FakeAVCeleb_v1.2/FakeVideo-RealAudio/Asian (South)/women/id07689/00028_id03985_01aVtyjfVFM.mp4,00028_id03985_01aVtyjfVFM.mp4,FakeAVCeleb,FakeVideo-RealAudio,VISUAL_MANIPULATION,1,0,1,id07689,Asian (South),women,28,id03985,unknown,4,calibration
fac_6ed6a58f99d3,data/raw/fakeavceleb/FakeAVCeleb_v1.2/FakeAVCeleb_v1.2/FakeVideo-RealAudio/Asian (South)/women/id07689/00028_id03985_01aVtyjfVFM_faceswap.mp4,00028_id03985_01aVtyjfVFM_faceswap.mp4,FakeAVCeleb,FakeVideo-RealAudio,VISUAL_MANIPULATION,1,0,1,id07689,Asian (South),women,28,id03985,faceswap,4,calibration
fac_d899cec2bd70,data/raw/fakeavceleb/FakeAVCeleb_v1.2/FakeAVCeleb_v1.2/FakeVideo-RealAudio/Asian (South)/women/id07689/00028_id03985_wavtolip.mp4,00028_id03985_wavtolip.mp4,FakeAVCeleb,FakeVideo-RealAudio,VISUAL_MANIPULATION,1,0,1,id07689,Asian (South),women,28,id03985,wav2lip,4,calibration
fac_60cea6c7910b,data/raw/fakeavceleb/FakeAVCeleb_v1.2/FakeAVCeleb_v1.2/FakeVideo-RealAudio/Asian (South)/women/id07689/00028_id04070_wavtolip.mp4,00028_id04070_wavtolip.mp4,FakeAVCeleb,FakeVideo-RealAudio,VISUAL_MANIPULATION,1,0,1,id07689,Asian (South),women,28,id04070,wav2lip,4,calibration
fac_75abaf968c99,data/raw/fakeavceleb/FakeAVCeleb_v1.2/FakeAVCeleb_v1.2/FakeVideo-RealAudio/Asian (South)/women/id07689/00028_id04583_M10zZFjuAb0.mp4,00028_id04583_M10zZFjuAb0.mp4,FakeAVCeleb,FakeVideo-RealAudio,VISUAL_MANIPULATION,1,0,1,id07689,Asian (South),women,28,id04583,unknown,4,calibration
fac_dfb6e58dd8cf,data/raw/fakeavceleb/FakeAVCeleb_v1.2/FakeAVCeleb_v1.2/FakeVideo-RealAudio/Asian (South)/women/id07689/00028_id05434_6p7kCmdOjDQ.mp4,00028_id05434_6p7kCmdOjDQ.mp4,FakeAVCeleb,FakeVideo-RealAudio,VISUAL_MANIPULATION,1,0,1,id07689,Asian (South),women,28,id05434,unknown,4,calibration
fac_b48eb194b351,data/raw/fakeavceleb/FakeAVCeleb_v1.2/FakeAVCeleb_v1.2/FakeVideo-RealAudio/Asian (South)/women/id07689/00028_id05434_wavtolip.mp4,00028_id05434_wavtolip.mp4,FakeAVCeleb,FakeVideo-RealAudio,VISUAL_MANIPULATION,1,0,1,id07689,Asian (South),women,28,id05434,wav2lip,4,calibration
fac_3ac82db3e9f8,data/raw/fakeavceleb/FakeAVCeleb_v1.2/FakeAVCeleb_v1.2/FakeVideo-RealAudio/Asian (South)/women/id07689/00028_id05435_OvX-Jv_whcU.mp4,00028_id05435_OvX-Jv_whcU.mp4,FakeAVCeleb,FakeVideo-RealAudio,VISUAL_MANIPULATION,1,0,1,id07689,Asian (South),women,28,id05435,unknown,4,calibration
fac_c12affcac0f2,data/raw/fakeavceleb/FakeAVCeleb_v1.2/FakeAVCeleb_v1.2/FakeVideo-RealAudio/Asian (South)/women/id07689/00028_id05845_XfMHm6CEwPw.mp4,00028_id05845_XfMHm6CEwPw.mp4,FakeAVCeleb,FakeVideo-RealAudio,VISUAL_MANIPULATION,1,0,1,id07689,Asian (South),women,28,id05845,unknown,4,calibration
fac_0ec218815472,data/raw/fakeavceleb/FakeAVCeleb_v1.2/FakeAVCeleb_v1.2/FakeVideo-RealAudio/Asian (South)/women/id07689/00028_id05920_LuLTJu54joo.mp4,00028_id05920_LuLTJu54joo.mp4,FakeAVCeleb,FakeVideo-RealAudio,VISUAL_MANIPULATION,1,0,1,id07689,Asian (South),women,28,id05920,unknown,4,calibration
fac_4652e078b907,data/raw/fakeavceleb/FakeAVCeleb_v1.2/FakeAVCeleb_v1.2/FakeVideo-RealAudio/Asian (South)/women/id07689/00028_id06254_wavtolip.mp4,00028_id06254_wavtolip.mp4,FakeAVCeleb,FakeVideo-RealAudio,VISUAL_MANIPULATION,1,0,1,id07689,Asian (South),women,28,id06254,wav2lip,4,calibration
fac_e3b9bcea3f72,data/raw/fakeavceleb/FakeAVCeleb_v1.2/FakeAVCeleb_v1.2/FakeVideo-RealAudio/Asian (South)/women/id07689/00028_id06428_wavtolip.mp4,00028_id06428_wavtolip.mp4,FakeAVCeleb,FakeVideo-RealAudio,VISUAL_MANIPULATION,1,0,1,id07689,Asian (South),women,28,id06428,wav2lip,4,calibration
fac_250447d2c134,data/raw/fakeavceleb/FakeAVCeleb_v1.2/FakeAVCeleb_v1.2/FakeVideo-RealAudio/Asian (South)/women/id07689/00028_id06438_vf3xBVgYqYA.mp4,00028_id06438_vf3xBVgYqYA.mp4,FakeAVCeleb,FakeVideo-RealAudio,VISUAL_MANIPULATION,1,0,1,id07689,Asian (South),women,28,id06438,unknown,4,calibration
fac_013674677a5f,data/raw/fakeavceleb/FakeAVCeleb_v1.2/FakeAVCeleb_v1.2/FakeVideo-RealAudio/Asian (South)/women/id07689/00028_id06438_wavtolip.mp4,00028_id06438_wavtolip.mp4,FakeAVCeleb,FakeVideo-RealAudio,VISUAL_MANIPULATION,1,0,1,id07689,Asian (South),women,28,id06438,wav2lip,4,calibration
fac_2958cddc11b1,data/raw/fakeavceleb/FakeAVCeleb_v1.2/FakeAVCeleb_v1.2/FakeVideo-RealAudio/Asian (South)/women/id07689/00028_id06752_wavtolip.mp4,00028_id06752_wavtolip.mp4,FakeAVCeleb,FakeVideo-RealAudio,VISUAL_MANIPULATION,1,0,1,id07689,Asian (South),women,28,id06752,wav2lip,4,calibration
fac_02c0e49b131b,data/raw/fakeavceleb/FakeAVCeleb_v1.2/FakeAVCeleb_v1.2/FakeVideo-RealAudio/Asian (South)/women/id07689/00028_id07136_4e43eS5p3_M.mp4,00028_id07136_4e43eS5p3_M.mp4,FakeAVCeleb,FakeVideo-RealAudio,VISUAL_MANIPULATION,1,0,1,id07689,Asian (South),women,28,id07136,unknown,4,calibration
fac_42a11d46c2e1,data/raw/fakeavceleb/FakeAVCeleb_v1.2/FakeAVCeleb_v1.2/RealVideo-FakeAudio/Asian (South)/women/id00043/00135_fake.mp4,00135_fake.mp4,FakeAVCeleb,RealVideo-FakeAudio,AUDIO_MANIPULATION,0,1,2,id00043,Asian (South),women,135,,unknown,4,calibration
fac_ab98a102fea3,data/raw/fakeavceleb/FakeAVCeleb_v1.2/FakeAVCeleb_v1.2/RealVideo-FakeAudio/Asian (South)/women/id00080/00281_fake.mp4,00281_fake.mp4,FakeAVCeleb,RealVideo-FakeAudio,AUDIO_MANIPULATION,0,1,2,id00080,Asian (South),women,281,,unknown,4,calibration
fac_8265f90d3c3e,data/raw/fakeavceleb/FakeAVCeleb_v1.2/FakeAVCeleb_v1.2/RealVideo-FakeAudio/Asian (South)/women/id00149/00284_fake.mp4,00284_fake.mp4,FakeAVCeleb,RealVideo-FakeAudio,AUDIO_MANIPULATION,0,1,2,id00149,Asian (South),women,284,,unknown,4,calibration
fac_8e213a722854,data/raw/fakeavceleb/FakeAVCeleb_v1.2/FakeAVCeleb_v1.2/RealVideo-FakeAudio/Asian (South)/women/id00235/00052_fake.mp4,00052_fake.mp4,FakeAVCeleb,RealVideo-FakeAudio,AUDIO_MANIPULATION,0,1,2,id00235,Asian (South),women,52,,unknown,4,calibration
fac_ce7092407ea2,data/raw/fakeavceleb/FakeAVCeleb_v1.2/FakeAVCeleb_v1.2/RealVideo-FakeAudio/Asian (South)/women/id00417/00069_fake.mp4,00069_fake.mp4,FakeAVCeleb,RealVideo-FakeAudio,AUDIO_MANIPULATION,0,1,2,id00417,Asian (South),women,69,,unknown,4,calibration
fac_2e3512a6d605,data/raw/fakeavceleb/FakeAVCeleb_v1.2/FakeAVCeleb_v1.2/RealVideo-FakeAudio/Asian (South)/women/id00461/00043_fake.mp4,00043_fake.mp4,FakeAVCeleb,RealVideo-FakeAudio,AUDIO_MANIPULATION,0,1,2,id00461,Asian (South),women,43,,unknown,4,calibration
fac_69af53728616,data/raw/fakeavceleb/FakeAVCeleb_v1.2/FakeAVCeleb_v1.2/RealVideo-FakeAudio/Asian (South)/women/id00488/00028_fake.mp4,00028_fake.mp4,FakeAVCeleb,RealVideo-FakeAudio,AUDIO_MANIPULATION,0,1,2,id00488,Asian (South),women,28,,unknown,4,calibration
fac_df5f60f0fe18,data/raw/fakeavceleb/FakeAVCeleb_v1.2/FakeAVCeleb_v1.2/RealVideo-FakeAudio/Asian (South)/women/id00739/00005_fake.mp4,00005_fake.mp4,FakeAVCeleb,RealVideo-FakeAudio,AUDIO_MANIPULATION,0,1,2,id00739,Asian (South),women,5,,unknown,4,calibration
fac_ea754e49410b,data/raw/fakeavceleb/FakeAVCeleb_v1.2/FakeAVCeleb_v1.2/RealVideo-FakeAudio/Asian (South)/women/id00747/00053_fake.mp4,00053_fake.mp4,FakeAVCeleb,RealVideo-FakeAudio,AUDIO_MANIPULATION,0,1,2,id00747,Asian (South),women,53,,unknown,4,calibration
fac_e75550f2e6b2,data/raw/fakeavceleb/FakeAVCeleb_v1.2/FakeAVCeleb_v1.2/RealVideo-FakeAudio/Asian (South)/women/id01026/00083_fake.mp4,00083_fake.mp4,FakeAVCeleb,RealVideo-FakeAudio,AUDIO_MANIPULATION,0,1,2,id01026,Asian (South),women,83,,unknown,4,calibration
fac_eb7dc1960e91,data/raw/fakeavceleb/FakeAVCeleb_v1.2/FakeAVCeleb_v1.2/RealVideo-FakeAudio/Asian (South)/women/id02089/00092_fake.mp4,00092_fake.mp4,FakeAVCeleb,RealVideo-FakeAudio,AUDIO_MANIPULATION,0,1,2,id02089,Asian (South),women,92,,unknown,4,calibration
fac_b5b2bc62c6be,data/raw/fakeavceleb/FakeAVCeleb_v1.2/FakeAVCeleb_v1.2/RealVideo-FakeAudio/Asian (South)/women/id02310/00139_fake.mp4,00139_fake.mp4,FakeAVCeleb,RealVideo-FakeAudio,AUDIO_MANIPULATION,0,1,2,id02310,Asian (South),women,139,,unknown,4,calibration
fac_6b1570452863,data/raw/fakeavceleb/FakeAVCeleb_v1.2/FakeAVCeleb_v1.2/RealVideo-FakeAudio/Asian (South)/women/id02619/00015_fake.mp4,00015_fake.mp4,FakeAVCeleb,RealVideo-FakeAudio,AUDIO_MANIPULATION,0,1,2,id02619,Asian (South),women,15,,unknown,4,calibration
fac_f696052e945a,data/raw/fakeavceleb/FakeAVCeleb_v1.2/FakeAVCeleb_v1.2/RealVideo-FakeAudio/Asian (South)/women/id03559/00023_fake.mp4,00023_fake.mp4,FakeAVCeleb,RealVideo-FakeAudio,AUDIO_MANIPULATION,0,1,2,id03559,Asian (South),women,23,,unknown,4,calibration
fac_cc4d23913497,data/raw/fakeavceleb/FakeAVCeleb_v1.2/FakeAVCeleb_v1.2/RealVideo-FakeAudio/Asian (South)/women/id03815/00118_fake.mp4,00118_fake.mp4,FakeAVCeleb,RealVideo-FakeAudio,AUDIO_MANIPULATION,0,1,2,id03815,Asian (South),women,118,,unknown,4,calibration
fac_ac88d69212e6,data/raw/fakeavceleb/FakeAVCeleb_v1.2/FakeAVCeleb_v1.2/RealVideo-FakeAudio/Asian (South)/women/id03897/00021_fake.mp4,00021_fake.mp4,FakeAVCeleb,RealVideo-FakeAudio,AUDIO_MANIPULATION,0,1,2,id03897,Asian (South),women,21,,unknown,4,calibration
fac_d9b67ff97d25,data/raw/fakeavceleb/FakeAVCeleb_v1.2/FakeAVCeleb_v1.2/RealVideo-FakeAudio/Asian (South)/women/id03985/00005_fake.mp4,00005_fake.mp4,FakeAVCeleb,RealVideo-FakeAudio,AUDIO_MANIPULATION,0,1,2,id03985,Asian (South),women,5,,unknown,4,calibration
fac_c806e6fee31b,data/raw/fakeavceleb/FakeAVCeleb_v1.2/FakeAVCeleb_v1.2/RealVideo-FakeAudio/Asian (South)/women/id04070/00072_fake.mp4,00072_fake.mp4,FakeAVCeleb,RealVideo-FakeAudio,AUDIO_MANIPULATION,0,1,2,id04070,Asian (South),women,72,,unknown,4,calibration
fac_e8a98e2d8765,data/raw/fakeavceleb/FakeAVCeleb_v1.2/FakeAVCeleb_v1.2/RealVideo-FakeAudio/Asian (South)/women/id04490/00054_fake.mp4,00054_fake.mp4,FakeAVCeleb,RealVideo-FakeAudio,AUDIO_MANIPULATION,0,1,2,id04490,Asian (South),women,54,,unknown,4,calibration
fac_bd4358c24a98,data/raw/fakeavceleb/FakeAVCeleb_v1.2/FakeAVCeleb_v1.2/RealVideo-FakeAudio/Asian (South)/women/id04529/00186_fake.mp4,00186_fake.mp4,FakeAVCeleb,RealVideo-FakeAudio,AUDIO_MANIPULATION,0,1,2,id04529,Asian (South),women,186,,unknown,4,calibration
fac_a8a86419d9b6,data/raw/fakeavceleb/FakeAVCeleb_v1.2/FakeAVCeleb_v1.2/RealVideo-FakeAudio/Asian (South)/women/id04530/00231_fake.mp4,00231_fake.mp4,FakeAVCeleb,RealVideo-FakeAudio,AUDIO_MANIPULATION,0,1,2,id04530,Asian (South),women,231,,unknown,4,calibration
fac_e2e46e698a9a,data/raw/fakeavceleb/FakeAVCeleb_v1.2/FakeAVCeleb_v1.2/RealVideo-FakeAudio/Asian (South)/women/id04564/00417_fake.mp4,00417_fake.mp4,FakeAVCeleb,RealVideo-FakeAudio,AUDIO_MANIPULATION,0,1,2,id04564,Asian (South),women,417,,unknown,4,calibration
fac_5ff7aee7273d,data/raw/fakeavceleb/FakeAVCeleb_v1.2/FakeAVCeleb_v1.2/RealVideo-FakeAudio/Asian (South)/women/id04582/00180_fake.mp4,00180_fake.mp4,FakeAVCeleb,RealVideo-FakeAudio,AUDIO_MANIPULATION,0,1,2,id04582,Asian (South),women,180,,unknown,4,calibration
fac_4919167a910e,data/raw/fakeavceleb/FakeAVCeleb_v1.2/FakeAVCeleb_v1.2/RealVideo-FakeAudio/Asian (South)/women/id04583/00077_fake.mp4,00077_fake.mp4,FakeAVCeleb,RealVideo-FakeAudio,AUDIO_MANIPULATION,0,1,2,id04583,Asian (South),women,77,,unknown,4,calibration
fac_95d8109559df,data/raw/fakeavceleb/FakeAVCeleb_v1.2/FakeAVCeleb_v1.2/RealVideo-FakeAudio/Asian (South)/women/id04927/00013_fake.mp4,00013_fake.mp4,FakeAVCeleb,RealVideo-FakeAudio,AUDIO_MANIPULATION,0,1,2,id04927,Asian (South),women,13,,unknown,4,calibration
fac_b722ad907709,data/raw/fakeavceleb/FakeAVCeleb_v1.2/FakeAVCeleb_v1.2/RealVideo-FakeAudio/Asian (South)/women/id05434/00052_fake.mp4,00052_fake.mp4,FakeAVCeleb,RealVideo-FakeAudio,AUDIO_MANIPULATION,0,1,2,id05434,Asian (South),women,52,,unknown,4,calibration
fac_f99a370de450,data/raw/fakeavceleb/FakeAVCeleb_v1.2/FakeAVCeleb_v1.2/RealVideo-FakeAudio/Asian (South)/women/id05435/00107_fake.mp4,00107_fake.mp4,FakeAVCeleb,RealVideo-FakeAudio,AUDIO_MANIPULATION,0,1,2,id05435,Asian (South),women,107,,unknown,4,calibration
fac_5299f3fa63dc,data/raw/fakeavceleb/FakeAVCeleb_v1.2/FakeAVCeleb_v1.2/RealVideo-FakeAudio/Asian (South)/women/id05478/00135_fake.mp4,00135_fake.mp4,FakeAVCeleb,RealVideo-FakeAudio,AUDIO_MANIPULATION,0,1,2,id05478,Asian (South),women,135,,unknown,4,calibration
fac_ad0eb893eccd,data/raw/fakeavceleb/FakeAVCeleb_v1.2/FakeAVCeleb_v1.2/RealVideo-FakeAudio/Asian (South)/women/id05845/00027_fake.mp4,00027_fake.mp4,FakeAVCeleb,RealVideo-FakeAudio,AUDIO_MANIPULATION,0,1,2,id05845,Asian (South),women,27,,unknown,4,calibration
fac_f5597ebb3d49,data/raw/fakeavceleb/FakeAVCeleb_v1.2/FakeAVCeleb_v1.2/RealVideo-FakeAudio/Asian (South)/women/id05920/00161_fake.mp4,00161_fake.mp4,FakeAVCeleb,RealVideo-FakeAudio,AUDIO_MANIPULATION,0,1,2,id05920,Asian (South),women,161,,unknown,4,calibration
fac_901c046293ab,data/raw/fakeavceleb/FakeAVCeleb_v1.2/FakeAVCeleb_v1.2/RealVideo-FakeAudio/Asian (South)/women/id05931/00013_fake.mp4,00013_fake.mp4,FakeAVCeleb,RealVideo-FakeAudio,AUDIO_MANIPULATION,0,1,2,id05931,Asian (South),women,13,,unknown,4,calibration
fac_3b17292b71ae,data/raw/fakeavceleb/FakeAVCeleb_v1.2/FakeAVCeleb_v1.2/RealVideo-FakeAudio/Asian (South)/women/id06232/00025_fake.mp4,00025_fake.mp4,FakeAVCeleb,RealVideo-FakeAudio,AUDIO_MANIPULATION,0,1,2,id06232,Asian (South),women,25,,unknown,4,calibration
fac_83f3bc2c444a,data/raw/fakeavceleb/FakeAVCeleb_v1.2/FakeAVCeleb_v1.2/RealVideo-FakeAudio/Asian (South)/women/id06254/00043_fake.mp4,00043_fake.mp4,FakeAVCeleb,RealVideo-FakeAudio,AUDIO_MANIPULATION,0,1,2,id06254,Asian (South),women,43,,unknown,4,calibration
fac_b5abf7c39c73,data/raw/fakeavceleb/FakeAVCeleb_v1.2/FakeAVCeleb_v1.2/RealVideo-FakeAudio/Asian (South)/women/id06268/00159_fake.mp4,00159_fake.mp4,FakeAVCeleb,RealVideo-FakeAudio,AUDIO_MANIPULATION,0,1,2,id06268,Asian (South),women,159,,unknown,4,calibration
fac_fd947db64d25,data/raw/fakeavceleb/FakeAVCeleb_v1.2/FakeAVCeleb_v1.2/RealVideo-FakeAudio/Asian (South)/women/id06343/00023_fake.mp4,00023_fake.mp4,FakeAVCeleb,RealVideo-FakeAudio,AUDIO_MANIPULATION,0,1,2,id06343,Asian (South),women,23,,unknown,4,calibration
fac_4604bffdf58b,data/raw/fakeavceleb/FakeAVCeleb_v1.2/FakeAVCeleb_v1.2/RealVideo-FakeAudio/Asian (South)/women/id06428/00043_fake.mp4,00043_fake.mp4,FakeAVCeleb,RealVideo-FakeAudio,AUDIO_MANIPULATION,0,1,2,id06428,Asian (South),women,43,,unknown,4,calibration
fac_cda5e11060bc,data/raw/fakeavceleb/FakeAVCeleb_v1.2/FakeAVCeleb_v1.2/RealVideo-FakeAudio/Asian (South)/women/id06437/00028_fake.mp4,00028_fake.mp4,FakeAVCeleb,RealVideo-FakeAudio,AUDIO_MANIPULATION,0,1,2,id06437,Asian (South),women,28,,unknown,4,calibration
fac_2a985cab085d,data/raw/fakeavceleb/FakeAVCeleb_v1.2/FakeAVCeleb_v1.2/RealVideo-FakeAudio/Asian (South)/women/id06438/00110_fake.mp4,00110_fake.mp4,FakeAVCeleb,RealVideo-FakeAudio,AUDIO_MANIPULATION,0,1,2,id06438,Asian (South),women,110,,unknown,4,calibration
fac_92c6594f7442,data/raw/fakeavceleb/FakeAVCeleb_v1.2/FakeAVCeleb_v1.2/RealVideo-FakeAudio/Asian (South)/women/id06439/00118_fake.mp4,00118_fake.mp4,FakeAVCeleb,RealVideo-FakeAudio,AUDIO_MANIPULATION,0,1,2,id06439,Asian (South),women,118,,unknown,4,calibration
fac_6952de7ba78a,data/raw/fakeavceleb/FakeAVCeleb_v1.2/FakeAVCeleb_v1.2/RealVideo-FakeAudio/Asian (South)/women/id06445/00150_fake.mp4,00150_fake.mp4,FakeAVCeleb,RealVideo-FakeAudio,AUDIO_MANIPULATION,0,1,2,id06445,Asian (South),women,150,,unknown,4,calibration
fac_5e99702fb8cf,data/raw/fakeavceleb/FakeAVCeleb_v1.2/FakeAVCeleb_v1.2/RealVideo-FakeAudio/Asian (South)/women/id06752/00221_fake.mp4,00221_fake.mp4,FakeAVCeleb,RealVideo-FakeAudio,AUDIO_MANIPULATION,0,1,2,id06752,Asian (South),women,221,,unknown,4,calibration
fac_0917f6187143,data/raw/fakeavceleb/FakeAVCeleb_v1.2/FakeAVCeleb_v1.2/RealVideo-FakeAudio/Asian (South)/women/id07008/00175_fake.mp4,00175_fake.mp4,FakeAVCeleb,RealVideo-FakeAudio,AUDIO_MANIPULATION,0,1,2,id07008,Asian (South),women,175,,unknown,4,calibration
fac_572c02531a87,data/raw/fakeavceleb/FakeAVCeleb_v1.2/FakeAVCeleb_v1.2/RealVideo-FakeAudio/Asian (South)/women/id07049/00043_fake.mp4,00043_fake.mp4,FakeAVCeleb,RealVideo-FakeAudio,AUDIO_MANIPULATION,0,1,2,id07049,Asian (South),women,43,,unknown,4,calibration
fac_9f4d1d4d0c84,data/raw/fakeavceleb/FakeAVCeleb_v1.2/FakeAVCeleb_v1.2/RealVideo-FakeAudio/Asian (South)/women/id07051/00083_fake.mp4,00083_fake.mp4,FakeAVCeleb,RealVideo-FakeAudio,AUDIO_MANIPULATION,0,1,2,id07051,Asian (South),women,83,,unknown,4,calibration
fac_859f799f908f,data/raw/fakeavceleb/FakeAVCeleb_v1.2/FakeAVCeleb_v1.2/RealVideo-FakeAudio/Asian (South)/women/id07078/00405_fake.mp4,00405_fake.mp4,FakeAVCeleb,RealVideo-FakeAudio,AUDIO_MANIPULATION,0,1,2,id07078,Asian (South),women,405,,unknown,4,calibration
fac_fd0b7dabb8c5,data/raw/fakeavceleb/FakeAVCeleb_v1.2/FakeAVCeleb_v1.2/RealVideo-FakeAudio/Asian (South)/women/id07136/00052_fake.mp4,00052_fake.mp4,FakeAVCeleb,RealVideo-FakeAudio,AUDIO_MANIPULATION,0,1,2,id07136,Asian (South),women,52,,unknown,4,calibration
fac_d0fbca97aab4,data/raw/fakeavceleb/FakeAVCeleb_v1.2/FakeAVCeleb_v1.2/RealVideo-FakeAudio/Asian (South)/women/id07236/00143_fake.mp4,00143_fake.mp4,FakeAVCeleb,RealVideo-FakeAudio,AUDIO_MANIPULATION,0,1,2,id07236,Asian (South),women,143,,unknown,4,calibration
fac_894d18486d22,data/raw/fakeavceleb/FakeAVCeleb_v1.2/FakeAVCeleb_v1.2/RealVideo-FakeAudio/Asian (South)/women/id07377/00025_fake.mp4,00025_fake.mp4,FakeAVCeleb,RealVideo-FakeAudio,AUDIO_MANIPULATION,0,1,2,id07377,Asian (South),women,25,,unknown,4,calibration
fac_2266c750503b,data/raw/fakeavceleb/FakeAVCeleb_v1.2/FakeAVCeleb_v1.2/RealVideo-FakeAudio/Asian (South)/women/id07686/00254_fake.mp4,00254_fake.mp4,FakeAVCeleb,RealVideo-FakeAudio,AUDIO_MANIPULATION,0,1,2,id07686,Asian (South),women,254,,unknown,4,calibration
fac_1e22080c937e,data/raw/fakeavceleb/FakeAVCeleb_v1.2/FakeAVCeleb_v1.2/RealVideo-FakeAudio/Asian (South)/women/id07689/00028_fake.mp4,00028_fake.mp4,FakeAVCeleb,RealVideo-FakeAudio,AUDIO_MANIPULATION,0,1,2,id07689,Asian (South),women,28,,unknown,4,calibration
fac_c05bbf067046,data/raw/fakeavceleb/FakeAVCeleb_v1.2/FakeAVCeleb_v1.2/FakeVideo-FakeAudio/Asian (South)/women/id00043/00135_id00043_wavtolip.mp4,00135_id00043_wavtolip.mp4,FakeAVCeleb,FakeVideo-FakeAudio,AUDIO_VISUAL_MANIPULATION,1,1,3,id00043,Asian (South),women,135,id00043,wav2lip,4,calibration
fac_aa62c2d72afd,data/raw/fakeavceleb/FakeAVCeleb_v1.2/FakeAVCeleb_v1.2/FakeVideo-FakeAudio/Asian (South)/women/id00043/00135_id00417_GhIZam3v09g_faceswap_id02619_wavtolip.mp4,00135_id00417_GhIZam3v09g_faceswap_id02619_wavtolip.mp4,FakeAVCeleb,FakeVideo-FakeAudio,AUDIO_VISUAL_MANIPULATION,1,1,3,id00043,Asian (South),women,135,id00417;id02619,faceswap,4,calibration
fac_3129671eed61,data/raw/fakeavceleb/FakeAVCeleb_v1.2/FakeAVCeleb_v1.2/FakeVideo-FakeAudio/Asian (South)/women/id00043/00135_id00417_GhIZam3v09g_faceswap_id04583_wavtolip.mp4,00135_id00417_GhIZam3v09g_faceswap_id04583_wavtolip.mp4,FakeAVCeleb,FakeVideo-FakeAudio,AUDIO_VISUAL_MANIPULATION,1,1,3,id00043,Asian (South),women,135,id00417;id04583,faceswap,4,calibration
fac_865cadb749bf,data/raw/fakeavceleb/FakeAVCeleb_v1.2/FakeAVCeleb_v1.2/FakeVideo-FakeAudio/Asian (South)/women/id00043/00135_id00417_GhIZam3v09g_faceswap_id04927_wavtolip.mp4,00135_id00417_GhIZam3v09g_faceswap_id04927_wavtolip.mp4,FakeAVCeleb,FakeVideo-FakeAudio,AUDIO_VISUAL_MANIPULATION,1,1,3,id00043,Asian (South),women,135,id00417;id04927,faceswap,4,calibration
fac_7c362c62ed06,data/raw/fakeavceleb/FakeAVCeleb_v1.2/FakeAVCeleb_v1.2/FakeVideo-FakeAudio/Asian (South)/women/id00043/00135_id00417_GhIZam3v09g_faceswap_id05434_wavtolip.mp4,00135_id00417_GhIZam3v09g_faceswap_id05434_wavtolip.mp4,FakeAVCeleb,FakeVideo-FakeAudio,AUDIO_VISUAL_MANIPULATION,1,1,3,id00043,Asian (South),women,135,id00417;id05434,faceswap,4,calibration
fac_16c3997bf105,data/raw/fakeavceleb/FakeAVCeleb_v1.2/FakeAVCeleb_v1.2/FakeVideo-FakeAudio/Asian (South)/women/id00043/00135_id00417_GhIZam3v09g_faceswap_id07689_wavtolip.mp4,00135_id00417_GhIZam3v09g_faceswap_id07689_wavtolip.mp4,FakeAVCeleb,FakeVideo-FakeAudio,AUDIO_VISUAL_MANIPULATION,1,1,3,id00043,Asian (South),women,135,id00417;id07689,faceswap,4,calibration
fac_79c470cf3a62,data/raw/fakeavceleb/FakeAVCeleb_v1.2/FakeAVCeleb_v1.2/FakeVideo-FakeAudio/Asian (South)/women/id00043/00135_id00417_GhIZam3v09g_id05435_wavtolip.mp4,00135_id00417_GhIZam3v09g_id05435_wavtolip.mp4,FakeAVCeleb,FakeVideo-FakeAudio,AUDIO_VISUAL_MANIPULATION,1,1,3,id00043,Asian (South),women,135,id00417;id05435,wav2lip,4,calibration
fac_c1857f78b5d0,data/raw/fakeavceleb/FakeAVCeleb_v1.2/FakeAVCeleb_v1.2/FakeVideo-FakeAudio/Asian (South)/women/id00043/00135_id00488_wavtolip.mp4,00135_id00488_wavtolip.mp4,FakeAVCeleb,FakeVideo-FakeAudio,AUDIO_VISUAL_MANIPULATION,1,1,3,id00043,Asian (South),women,135,id00488,wav2lip,4,calibration
fac_8ff6fe44c543,data/raw/fakeavceleb/FakeAVCeleb_v1.2/FakeAVCeleb_v1.2/FakeVideo-FakeAudio/Asian (South)/women/id00043/00135_id01026_rM4ZERt7oM0_id04583_wavtolip.mp4,00135_id01026_rM4ZERt7oM0_id04583_wavtolip.mp4,FakeAVCeleb,FakeVideo-FakeAudio,AUDIO_VISUAL_MANIPULATION,1,1,3,id00043,Asian (South),women,135,id01026;id04583,wav2lip,4,calibration
fac_199c39a074f3,data/raw/fakeavceleb/FakeAVCeleb_v1.2/FakeAVCeleb_v1.2/FakeVideo-FakeAudio/Asian (South)/women/id00043/00135_id02089_wavtolip.mp4,00135_id02089_wavtolip.mp4,FakeAVCeleb,FakeVideo-FakeAudio,AUDIO_VISUAL_MANIPULATION,1,1,3,id00043,Asian (South),women,135,id02089,wav2lip,4,calibration
fac_14489ef077d8,data/raw/fakeavceleb/FakeAVCeleb_v1.2/FakeAVCeleb_v1.2/FakeVideo-FakeAudio/Asian (South)/women/id00043/00135_id02619_6AKIR2gTCNU_id04490_wavtolip.mp4,00135_id02619_6AKIR2gTCNU_id04490_wavtolip.mp4,FakeAVCeleb,FakeVideo-FakeAudio,AUDIO_VISUAL_MANIPULATION,1,1,3,id00043,Asian (South),women,135,id02619;id04490,wav2lip,4,calibration
fac_245730792e6c,data/raw/fakeavceleb/FakeAVCeleb_v1.2/FakeAVCeleb_v1.2/FakeVideo-FakeAudio/Asian (South)/women/id00043/00135_id03815_hw41YlLps4w_id07377_wavtolip.mp4,00135_id03815_hw41YlLps4w_id07377_wavtolip.mp4,FakeAVCeleb,FakeVideo-FakeAudio,AUDIO_VISUAL_MANIPULATION,1,1,3,id00043,Asian (South),women,135,id03815;id07377,wav2lip,4,calibration
fac_162deef50f9d,data/raw/fakeavceleb/FakeAVCeleb_v1.2/FakeAVCeleb_v1.2/FakeVideo-FakeAudio/Asian (South)/women/id00043/00135_id04529_S92uo-UShxE_id06439_wavtolip.mp4,00135_id04529_S92uo-UShxE_id06439_wavtolip.mp4,FakeAVCeleb,FakeVideo-FakeAudio,AUDIO_VISUAL_MANIPULATION,1,1,3,id00043,Asian (South),women,135,id04529;id06439,wav2lip,4,calibration
fac_070381dd7e92,data/raw/fakeavceleb/FakeAVCeleb_v1.2/FakeAVCeleb_v1.2/FakeVideo-FakeAudio/Asian (South)/women/id00043/00135_id04529_wavtolip.mp4,00135_id04529_wavtolip.mp4,FakeAVCeleb,FakeVideo-FakeAudio,AUDIO_VISUAL_MANIPULATION,1,1,3,id00043,Asian (South),women,135,id04529,wav2lip,4,calibration
fac_4c94c5e515ea,data/raw/fakeavceleb/FakeAVCeleb_v1.2/FakeAVCeleb_v1.2/FakeVideo-FakeAudio/Asian (South)/women/id00043/00135_id04530_W5-PTTL9HzU_id05478_wavtolip.mp4,00135_id04530_W5-PTTL9HzU_id05478_wavtolip.mp4,FakeAVCeleb,FakeVideo-FakeAudio,AUDIO_VISUAL_MANIPULATION,1,1,3,id00043,Asian (South),women,135,id04530;id05478,wav2lip,4,calibration
fac_e9e1212c4f22,data/raw/fakeavceleb/FakeAVCeleb_v1.2/FakeAVCeleb_v1.2/FakeVideo-FakeAudio/Asian (South)/women/id00043/00135_id04927_wavtolip.mp4,00135_id04927_wavtolip.mp4,FakeAVCeleb,FakeVideo-FakeAudio,AUDIO_VISUAL_MANIPULATION,1,1,3,id00043,Asian (South),women,135,id04927,wav2lip,4,calibration
fac_e1193ddddcf8,data/raw/fakeavceleb/FakeAVCeleb_v1.2/FakeAVCeleb_v1.2/FakeVideo-FakeAudio/Asian (South)/women/id00043/00135_id05845_XfMHm6CEwPw_id03815_wavtolip.mp4,00135_id05845_XfMHm6CEwPw_id03815_wavtolip.mp4,FakeAVCeleb,FakeVideo-FakeAudio,AUDIO_VISUAL_MANIPULATION,1,1,3,id00043,Asian (South),women,135,id05845;id03815,wav2lip,4,calibration
fac_10e0947c3e18,data/raw/fakeavceleb/FakeAVCeleb_v1.2/FakeAVCeleb_v1.2/FakeVideo-FakeAudio/Asian (South)/women/id00043/00135_id05920_wavtolip.mp4,00135_id05920_wavtolip.mp4,FakeAVCeleb,FakeVideo-FakeAudio,AUDIO_VISUAL_MANIPULATION,1,1,3,id00043,Asian (South),women,135,id05920,wav2lip,4,calibration
fac_4e8fba525d4d,data/raw/fakeavceleb/FakeAVCeleb_v1.2/FakeAVCeleb_v1.2/FakeVideo-FakeAudio/Asian (South)/women/id00043/00135_id05931_wavtolip.mp4,00135_id05931_wavtolip.mp4,FakeAVCeleb,FakeVideo-FakeAudio,AUDIO_VISUAL_MANIPULATION,1,1,3,id00043,Asian (South),women,135,id05931,wav2lip,4,calibration
fac_e50bcff6e6e7,data/raw/fakeavceleb/FakeAVCeleb_v1.2/FakeAVCeleb_v1.2/FakeVideo-FakeAudio/Asian (South)/women/id00043/00135_id06254_wavtolip.mp4,00135_id06254_wavtolip.mp4,FakeAVCeleb,FakeVideo-FakeAudio,AUDIO_VISUAL_MANIPULATION,1,1,3,id00043,Asian (South),women,135,id06254,wav2lip,4,calibration
fac_303f0ac881e6,data/raw/fakeavceleb/FakeAVCeleb_v1.2/FakeAVCeleb_v1.2/FakeVideo-FakeAudio/Asian (South)/women/id00043/00135_id06438_wavtolip.mp4,00135_id06438_wavtolip.mp4,FakeAVCeleb,FakeVideo-FakeAudio,AUDIO_VISUAL_MANIPULATION,1,1,3,id00043,Asian (South),women,135,id06438,wav2lip,4,calibration
fac_b2ba40ef875d,data/raw/fakeavceleb/FakeAVCeleb_v1.2/FakeAVCeleb_v1.2/FakeVideo-FakeAudio/Asian (South)/women/id00043/00135_id06445_NWtdqOxEbDY_id00417_wavtolip.mp4,00135_id06445_NWtdqOxEbDY_id00417_wavtolip.mp4,FakeAVCeleb,FakeVideo-FakeAudio,AUDIO_VISUAL_MANIPULATION,1,1,3,id00043,Asian (South),women,135,id06445;id00417,wav2lip,4,calibration
fac_cebed34580f5,data/raw/fakeavceleb/FakeAVCeleb_v1.2/FakeAVCeleb_v1.2/FakeVideo-FakeAudio/Asian (South)/women/id00043/00135_id06752_wavtolip.mp4,00135_id06752_wavtolip.mp4,FakeAVCeleb,FakeVideo-FakeAudio,AUDIO_VISUAL_MANIPULATION,1,1,3,id00043,Asian (South),women,135,id06752,wav2lip,4,calibration
fac_7b982c9f8cc2,data/raw/fakeavceleb/FakeAVCeleb_v1.2/FakeAVCeleb_v1.2/FakeVideo-FakeAudio/Asian (South)/women/id00080/00281_id00235_wavtolip.mp4,00281_id00235_wavtolip.mp4,FakeAVCeleb,FakeVideo-FakeAudio,AUDIO_VISUAL_MANIPULATION,1,1,3,id00080,Asian (South),women,281,id00235,wav2lip,4,calibration
fac_c29c9b4a8dff,data/raw/fakeavceleb/FakeAVCeleb_v1.2/FakeAVCeleb_v1.2/FakeVideo-FakeAudio/Asian (South)/women/id00080/00281_id01026_rM4ZERt7oM0_id06343_wavtolip.mp4,00281_id01026_rM4ZERt7oM0_id06343_wavtolip.mp4,FakeAVCeleb,FakeVideo-FakeAudio,AUDIO_VISUAL_MANIPULATION,1,1,3,id00080,Asian (South),women,281,id01026;id06343,wav2lip,4,calibration
fac_ca835c8f7cfa,data/raw/fakeavceleb/FakeAVCeleb_v1.2/FakeAVCeleb_v1.2/FakeVideo-FakeAudio/Asian (South)/women/id00080/00281_id02310_zA-8Pw0SvZg_id07008_wavtolip.mp4,00281_id02310_zA-8Pw0SvZg_id07008_wavtolip.mp4,FakeAVCeleb,FakeVideo-FakeAudio,AUDIO_VISUAL_MANIPULATION,1,1,3,id00080,Asian (South),women,281,id02310;id07008,wav2lip,4,calibration
fac_6f1a16746ac4,data/raw/fakeavceleb/FakeAVCeleb_v1.2/FakeAVCeleb_v1.2/FakeVideo-FakeAudio/Asian (South)/women/id00080/00281_id02619_wavtolip.mp4,00281_id02619_wavtolip.mp4,FakeAVCeleb,FakeVideo-FakeAudio,AUDIO_VISUAL_MANIPULATION,1,1,3,id00080,Asian (South),women,281,id02619,wav2lip,4,calibration
fac_720e60b686bb,data/raw/fakeavceleb/FakeAVCeleb_v1.2/FakeAVCeleb_v1.2/FakeVideo-FakeAudio/Asian (South)/women/id00080/00281_id03815_hw41YlLps4w_id00488_wavtolip.mp4,00281_id03815_hw41YlLps4w_id00488_wavtolip.mp4,FakeAVCeleb,FakeVideo-FakeAudio,AUDIO_VISUAL_MANIPULATION,1,1,3,id00080,Asian (South),women,281,id03815;id00488,wav2lip,4,calibration
fac_b9b2754dbecb,data/raw/fakeavceleb/FakeAVCeleb_v1.2/FakeAVCeleb_v1.2/FakeVideo-FakeAudio/Asian (South)/women/id00080/00281_id03897_wavtolip.mp4,00281_id03897_wavtolip.mp4,FakeAVCeleb,FakeVideo-FakeAudio,AUDIO_VISUAL_MANIPULATION,1,1,3,id00080,Asian (South),women,281,id03897,wav2lip,4,calibration
fac_f3c7ce1a9e64,data/raw/fakeavceleb/FakeAVCeleb_v1.2/FakeAVCeleb_v1.2/FakeVideo-FakeAudio/Asian (South)/women/id00080/00281_id04070_F3CgrqRjcgw_id03815_wavtolip.mp4,00281_id04070_F3CgrqRjcgw_id03815_wavtolip.mp4,FakeAVCeleb,FakeVideo-FakeAudio,AUDIO_VISUAL_MANIPULATION,1,1,3,id00080,Asian (South),women,281,id04070;id03815,wav2lip,4,calibration
fac_710d81527696,data/raw/fakeavceleb/FakeAVCeleb_v1.2/FakeAVCeleb_v1.2/FakeVideo-FakeAudio/Asian (South)/women/id00080/00281_id04564_wavtolip.mp4,00281_id04564_wavtolip.mp4,FakeAVCeleb,FakeVideo-FakeAudio,AUDIO_VISUAL_MANIPULATION,1,1,3,id00080,Asian (South),women,281,id04564,wav2lip,4,calibration
fac_984c327713e8,data/raw/fakeavceleb/FakeAVCeleb_v1.2/FakeAVCeleb_v1.2/FakeVideo-FakeAudio/Asian (South)/women/id00080/00281_id04582_wavtolip.mp4,00281_id04582_wavtolip.mp4,FakeAVCeleb,FakeVideo-FakeAudio,AUDIO_VISUAL_MANIPULATION,1,1,3,id00080,Asian (South),women,281,id04582,wav2lip,4,calibration
fac_b022a913f588,data/raw/fakeavceleb/FakeAVCeleb_v1.2/FakeAVCeleb_v1.2/FakeVideo-FakeAudio/Asian (South)/women/id00080/00281_id05435_OvX-Jv_whcU_id02310_wavtolip.mp4,00281_id05435_OvX-Jv_whcU_id02310_wavtolip.mp4,FakeAVCeleb,FakeVideo-FakeAudio,AUDIO_VISUAL_MANIPULATION,1,1,3,id00080,Asian (South),women,281,id05435;id02310,wav2lip,4,calibration
fac_c54045357762,data/raw/fakeavceleb/FakeAVCeleb_v1.2/FakeAVCeleb_v1.2/FakeVideo-FakeAudio/Asian (South)/women/id00080/00281_id05920_wavtolip.mp4,00281_id05920_wavtolip.mp4,FakeAVCeleb,FakeVideo-FakeAudio,AUDIO_VISUAL_MANIPULATION,1,1,3,id00080,Asian (South),women,281,id05920,wav2lip,4,calibration
fac_363673d7cce8,data/raw/fakeavceleb/FakeAVCeleb_v1.2/FakeAVCeleb_v1.2/FakeVideo-FakeAudio/Asian (South)/women/id00080/00281_id05931_wavtolip.mp4,00281_id05931_wavtolip.mp4,FakeAVCeleb,FakeVideo-FakeAudio,AUDIO_VISUAL_MANIPULATION,1,1,3,id00080,Asian (South),women,281,id05931,wav2lip,4,calibration
fac_7c16be1a792d,data/raw/fakeavceleb/FakeAVCeleb_v1.2/FakeAVCeleb_v1.2/FakeVideo-FakeAudio/Asian (South)/women/id00080/00281_id06254_wavtolip.mp4,00281_id06254_wavtolip.mp4,FakeAVCeleb,FakeVideo-FakeAudio,AUDIO_VISUAL_MANIPULATION,1,1,3,id00080,Asian (South),women,281,id06254,wav2lip,4,calibration
fac_1aaebb96f2b4,data/raw/fakeavceleb/FakeAVCeleb_v1.2/FakeAVCeleb_v1.2/FakeVideo-FakeAudio/Asian (South)/women/id00080/00281_id07008_hbwmyKv9Hio_id06752_wavtolip.mp4,00281_id07008_hbwmyKv9Hio_id06752_wavtolip.mp4,FakeAVCeleb,FakeVideo-FakeAudio,AUDIO_VISUAL_MANIPULATION,1,1,3,id00080,Asian (South),women,281,id07008;id06752,wav2lip,4,calibration
fac_e9f96f35bfbe,data/raw/fakeavceleb/FakeAVCeleb_v1.2/FakeAVCeleb_v1.2/FakeVideo-FakeAudio/Asian (South)/women/id00080/00281_id07049_wavtolip.mp4,00281_id07049_wavtolip.mp4,FakeAVCeleb,FakeVideo-FakeAudio,AUDIO_VISUAL_MANIPULATION,1,1,3,id00080,Asian (South),women,281,id07049,wav2lip,4,calibration
fac_a5a4cab92319,data/raw/fakeavceleb/FakeAVCeleb_v1.2/FakeAVCeleb_v1.2/FakeVideo-FakeAudio/Asian (South)/women/id00080/00281_id07051_wavtolip.mp4,00281_id07051_wavtolip.mp4,FakeAVCeleb,FakeVideo-FakeAudio,AUDIO_VISUAL_MANIPULATION,1,1,3,id00080,Asian (South),women,281,id07051,wav2lip,4,calibration
fac_d762635ea2c0,data/raw/fakeavceleb/FakeAVCeleb_v1.2/FakeAVCeleb_v1.2/FakeVideo-FakeAudio/Asian (South)/women/id00080/00281_id07136_4e43eS5p3_M_faceswap_id03897_wavtolip.mp4,00281_id07136_4e43eS5p3_M_faceswap_id03897_wavtolip.mp4,FakeAVCeleb,FakeVideo-FakeAudio,AUDIO_VISUAL_MANIPULATION,1,1,3,id00080,Asian (South),women,281,id07136;id03897,faceswap,4,calibration
fac_f8f12a74cae2,data/raw/fakeavceleb/FakeAVCeleb_v1.2/FakeAVCeleb_v1.2/FakeVideo-FakeAudio/Asian (South)/women/id00080/00281_id07136_4e43eS5p3_M_faceswap_id04564_wavtolip.mp4,00281_id07136_4e43eS5p3_M_faceswap_id04564_wavtolip.mp4,FakeAVCeleb,FakeVideo-FakeAudio,AUDIO_VISUAL_MANIPULATION,1,1,3,id00080,Asian (South),women,281,id07136;id04564,faceswap,4,calibration
fac_de1dcb286eda,data/raw/fakeavceleb/FakeAVCeleb_v1.2/FakeAVCeleb_v1.2/FakeVideo-FakeAudio/Asian (South)/women/id00080/00281_id07136_4e43eS5p3_M_faceswap_id06437_wavtolip.mp4,00281_id07136_4e43eS5p3_M_faceswap_id06437_wavtolip.mp4,FakeAVCeleb,FakeVideo-FakeAudio,AUDIO_VISUAL_MANIPULATION,1,1,3,id00080,Asian (South),women,281,id07136;id06437,faceswap,4,calibration
fac_8677a2bdd818,data/raw/fakeavceleb/FakeAVCeleb_v1.2/FakeAVCeleb_v1.2/FakeVideo-FakeAudio/Asian (South)/women/id00080/00281_id07136_4e43eS5p3_M_faceswap_id06752_wavtolip.mp4,00281_id07136_4e43eS5p3_M_faceswap_id06752_wavtolip.mp4,FakeAVCeleb,FakeVideo-FakeAudio,AUDIO_VISUAL_MANIPULATION,1,1,3,id00080,Asian (South),women,281,id07136;id06752,faceswap,4,calibration
fac_a8ee5a1aa7e2,data/raw/fakeavceleb/FakeAVCeleb_v1.2/FakeAVCeleb_v1.2/FakeVideo-FakeAudio/Asian (South)/women/id00080/00281_id07136_4e43eS5p3_M_faceswap_id07377_wavtolip.mp4,00281_id07136_4e43eS5p3_M_faceswap_id07377_wavtolip.mp4,FakeAVCeleb,FakeVideo-FakeAudio,AUDIO_VISUAL_MANIPULATION,1,1,3,id00080,Asian (South),women,281,id07136;id07377,faceswap,4,calibration
fac_1e2ae5a74033,data/raw/fakeavceleb/FakeAVCeleb_v1.2/FakeAVCeleb_v1.2/FakeVideo-FakeAudio/Asian (South)/women/id00080/00281_id07136_4e43eS5p3_M_id00739_wavtolip.mp4,00281_id07136_4e43eS5p3_M_id00739_wavtolip.mp4,FakeAVCeleb,FakeVideo-FakeAudio,AUDIO_VISUAL_MANIPULATION,1,1,3,id00080,Asian (South),women,281,id07136;id00739,wav2lip,4,calibration
fac_be974b7b01ff,data/raw/fakeavceleb/FakeAVCeleb_v1.2/FakeAVCeleb_v1.2/FakeVideo-FakeAudio/Asian (South)/women/id00149/00284_id00461_Ort9NW3SJU4_id04927_wavtolip.mp4,00284_id00461_Ort9NW3SJU4_id04927_wavtolip.mp4,FakeAVCeleb,FakeVideo-FakeAudio,AUDIO_VISUAL_MANIPULATION,1,1,3,id00149,Asian (South),women,284,id00461;id04927,wav2lip,4,calibration
fac_f92e0d709212,data/raw/fakeavceleb/FakeAVCeleb_v1.2/FakeAVCeleb_v1.2/FakeVideo-FakeAudio/Asian (South)/women/id00149/00284_id00747_wavtolip.mp4,00284_id00747_wavtolip.mp4,FakeAVCeleb,FakeVideo-FakeAudio,AUDIO_VISUAL_MANIPULATION,1,1,3,id00149,Asian (South),women,284,id00747,wav2lip,4,calibration
fac_44adba867c3b,data/raw/fakeavceleb/FakeAVCeleb_v1.2/FakeAVCeleb_v1.2/FakeVideo-FakeAudio/Asian (South)/women/id00149/00284_id01026_wavtolip.mp4,00284_id01026_wavtolip.mp4,FakeAVCeleb,FakeVideo-FakeAudio,AUDIO_VISUAL_MANIPULATION,1,1,3,id00149,Asian (South),women,284,id01026,wav2lip,4,calibration
fac_540ab01ce214,data/raw/fakeavceleb/FakeAVCeleb_v1.2/FakeAVCeleb_v1.2/FakeVideo-FakeAudio/Asian (South)/women/id00149/00284_id02310_zA-8Pw0SvZg_id07686_wavtolip.mp4,00284_id02310_zA-8Pw0SvZg_id07686_wavtolip.mp4,FakeAVCeleb,FakeVideo-FakeAudio,AUDIO_VISUAL_MANIPULATION,1,1,3,id00149,Asian (South),women,284,id02310;id07686,wav2lip,4,calibration
fac_9ab86ee11555,data/raw/fakeavceleb/FakeAVCeleb_v1.2/FakeAVCeleb_v1.2/FakeVideo-FakeAudio/Asian (South)/women/id00149/00284_id03559_pgetxl1qbzM_id06752_wavtolip.mp4,00284_id03559_pgetxl1qbzM_id06752_wavtolip.mp4,FakeAVCeleb,FakeVideo-FakeAudio,AUDIO_VISUAL_MANIPULATION,1,1,3,id00149,Asian (South),women,284,id03559;id06752,wav2lip,4,calibration
fac_af90049e0de0,data/raw/fakeavceleb/FakeAVCeleb_v1.2/FakeAVCeleb_v1.2/FakeVideo-FakeAudio/Asian (South)/women/id00149/00284_id04490_wavtolip.mp4,00284_id04490_wavtolip.mp4,FakeAVCeleb,FakeVideo-FakeAudio,AUDIO_VISUAL_MANIPULATION,1,1,3,id00149,Asian (South),women,284,id04490,wav2lip,4,calibration
fac_46a52660be0f,data/raw/fakeavceleb/FakeAVCeleb_v1.2/FakeAVCeleb_v1.2/FakeVideo-FakeAudio/Asian (South)/women/id00149/00284_id04530_W5-PTTL9HzU_id04582_wavtolip.mp4,00284_id04530_W5-PTTL9HzU_id04582_wavtolip.mp4,FakeAVCeleb,FakeVideo-FakeAudio,AUDIO_VISUAL_MANIPULATION,1,1,3,id00149,Asian (South),women,284,id04530;id04582,wav2lip,4,calibration
fac_9124be6334b5,data/raw/fakeavceleb/FakeAVCeleb_v1.2/FakeAVCeleb_v1.2/FakeVideo-FakeAudio/Asian (South)/women/id00149/00284_id04583_M10zZFjuAb0_id06343_wavtolip.mp4,00284_id04583_M10zZFjuAb0_id06343_wavtolip.mp4,FakeAVCeleb,FakeVideo-FakeAudio,AUDIO_VISUAL_MANIPULATION,1,1,3,id00149,Asian (South),women,284,id04583;id06343,wav2lip,4,calibration
fac_e73a5ea8bfbf,data/raw/fakeavceleb/FakeAVCeleb_v1.2/FakeAVCeleb_v1.2/FakeVideo-FakeAudio/Asian (South)/women/id00149/00284_id04583_wavtolip.mp4,00284_id04583_wavtolip.mp4,FakeAVCeleb,FakeVideo-FakeAudio,AUDIO_VISUAL_MANIPULATION,1,1,3,id00149,Asian (South),women,284,id04583,wav2lip,4,calibration
fac_f2c9ec8ee111,data/raw/fakeavceleb/FakeAVCeleb_v1.2/FakeAVCeleb_v1.2/FakeVideo-FakeAudio/Asian (South)/women/id00149/00284_id05435_wavtolip.mp4,00284_id05435_wavtolip.mp4,FakeAVCeleb,FakeVideo-FakeAudio,AUDIO_VISUAL_MANIPULATION,1,1,3,id00149,Asian (South),women,284,id05435,wav2lip,4,calibration
fac_d45c12141a2b,data/raw/fakeavceleb/FakeAVCeleb_v1.2/FakeAVCeleb_v1.2/FakeVideo-FakeAudio/Asian (South)/women/id00149/00284_id05478_wavtolip.mp4,00284_id05478_wavtolip.mp4,FakeAVCeleb,FakeVideo-FakeAudio,AUDIO_VISUAL_MANIPULATION,1,1,3,id00149,Asian (South),women,284,id05478,wav2lip,4,calibration
fac_d2c04af58af2,data/raw/fakeavceleb/FakeAVCeleb_v1.2/FakeAVCeleb_v1.2/FakeVideo-FakeAudio/Asian (South)/women/id00149/00284_id06232_wavtolip.mp4,00284_id06232_wavtolip.mp4,FakeAVCeleb,FakeVideo-FakeAudio,AUDIO_VISUAL_MANIPULATION,1,1,3,id00149,Asian (South),women,284,id06232,wav2lip,4,calibration
fac_a1465b91a98d,data/raw/fakeavceleb/FakeAVCeleb_v1.2/FakeAVCeleb_v1.2/FakeVideo-FakeAudio/Asian (South)/women/id00149/00284_id06254_wavtolip.mp4,00284_id06254_wavtolip.mp4,FakeAVCeleb,FakeVideo-FakeAudio,AUDIO_VISUAL_MANIPULATION,1,1,3,id00149,Asian (South),women,284,id06254,wav2lip,4,calibration
fac_f4fc1542f913,data/raw/fakeavceleb/FakeAVCeleb_v1.2/FakeAVCeleb_v1.2/FakeVideo-FakeAudio/Asian (South)/women/id00149/00284_id06439_wavtolip.mp4,00284_id06439_wavtolip.mp4,FakeAVCeleb,FakeVideo-FakeAudio,AUDIO_VISUAL_MANIPULATION,1,1,3,id00149,Asian (South),women,284,id06439,wav2lip,4,calibration
fac_0b3c55b60861,data/raw/fakeavceleb/FakeAVCeleb_v1.2/FakeAVCeleb_v1.2/FakeVideo-FakeAudio/Asian (South)/women/id00149/00284_id07051_wavtolip.mp4,00284_id07051_wavtolip.mp4,FakeAVCeleb,FakeVideo-FakeAudio,AUDIO_VISUAL_MANIPULATION,1,1,3,id00149,Asian (South),women,284,id07051,wav2lip,4,calibration
fac_8a0681c7bc10,data/raw/fakeavceleb/FakeAVCeleb_v1.2/FakeAVCeleb_v1.2/FakeVideo-FakeAudio/Asian (South)/women/id00149/00284_id07136_4e43eS5p3_M_faceswap_id02310_wavtolip.mp4,00284_id07136_4e43eS5p3_M_faceswap_id02310_wavtolip.mp4,FakeAVCeleb,FakeVideo-FakeAudio,AUDIO_VISUAL_MANIPULATION,1,1,3,id00149,Asian (South),women,284,id07136;id02310,faceswap,4,calibration
fac_10733e2d4922,data/raw/fakeavceleb/FakeAVCeleb_v1.2/FakeAVCeleb_v1.2/FakeVideo-FakeAudio/Asian (South)/women/id00149/00284_id07136_4e43eS5p3_M_faceswap_id05920_wavtolip.mp4,00284_id07136_4e43eS5p3_M_faceswap_id05920_wavtolip.mp4,FakeAVCeleb,FakeVideo-FakeAudio,AUDIO_VISUAL_MANIPULATION,1,1,3,id00149,Asian (South),women,284,id07136;id05920,faceswap,4,calibration
fac_bd1f00d67ba0,data/raw/fakeavceleb/FakeAVCeleb_v1.2/FakeAVCeleb_v1.2/FakeVideo-FakeAudio/Asian (South)/women/id00149/00284_id07136_4e43eS5p3_M_faceswap_id06428_wavtolip.mp4,00284_id07136_4e43eS5p3_M_faceswap_id06428_wavtolip.mp4,FakeAVCeleb,FakeVideo-FakeAudio,AUDIO_VISUAL_MANIPULATION,1,1,3,id00149,Asian (South),women,284,id07136;id06428,faceswap,4,calibration
fac_b66056a76d56,data/raw/fakeavceleb/FakeAVCeleb_v1.2/FakeAVCeleb_v1.2/FakeVideo-FakeAudio/Asian (South)/women/id00149/00284_id07136_4e43eS5p3_M_id00747_wavtolip.mp4,00284_id07136_4e43eS5p3_M_id00747_wavtolip.mp4,FakeAVCeleb,FakeVideo-FakeAudio,AUDIO_VISUAL_MANIPULATION,1,1,3,id00149,Asian (South),women,284,id07136;id00747,wav2lip,4,calibration
fac_98f375942ed7,data/raw/fakeavceleb/FakeAVCeleb_v1.2/FakeAVCeleb_v1.2/FakeVideo-FakeAudio/Asian (South)/women/id00149/00284_id07377_FGNavKcGANA_id00417_wavtolip.mp4,00284_id07377_FGNavKcGANA_id00417_wavtolip.mp4,FakeAVCeleb,FakeVideo-FakeAudio,AUDIO_VISUAL_MANIPULATION,1,1,3,id00149,Asian (South),women,284,id07377;id00417,wav2lip,4,calibration
fac_51f0d740a7c3,data/raw/fakeavceleb/FakeAVCeleb_v1.2/FakeAVCeleb_v1.2/FakeVideo-FakeAudio/Asian (South)/women/id00149/00284_id07689_2ie0g83JkgA_id04530_wavtolip.mp4,00284_id07689_2ie0g83JkgA_id04530_wavtolip.mp4,FakeAVCeleb,FakeVideo-FakeAudio,AUDIO_VISUAL_MANIPULATION,1,1,3,id00149,Asian (South),women,284,id07689;id04530,wav2lip,4,calibration
fac_0fbc57a9d620,data/raw/fakeavceleb/FakeAVCeleb_v1.2/FakeAVCeleb_v1.2/FakeVideo-FakeAudio/Asian (South)/women/id00235/00052_id00043_wavtolip.mp4,00052_id00043_wavtolip.mp4,FakeAVCeleb,FakeVideo-FakeAudio,AUDIO_VISUAL_MANIPULATION,1,1,3,id00235,Asian (South),women,52,id00043,wav2lip,4,calibration
fac_7ddf78a5aa52,data/raw/fakeavceleb/FakeAVCeleb_v1.2/FakeAVCeleb_v1.2/FakeVideo-FakeAudio/Asian (South)/women/id00235/00052_id00149_wavtolip.mp4,00052_id00149_wavtolip.mp4,FakeAVCeleb,FakeVideo-FakeAudio,AUDIO_VISUAL_MANIPULATION,1,1,3,id00235,Asian (South),women,52,id00149,wav2lip,4,calibration
fac_960783e97431,data/raw/fakeavceleb/FakeAVCeleb_v1.2/FakeAVCeleb_v1.2/FakeVideo-FakeAudio/Asian (South)/women/id00235/00052_id00488_wavtolip.mp4,00052_id00488_wavtolip.mp4,FakeAVCeleb,FakeVideo-FakeAudio,AUDIO_VISUAL_MANIPULATION,1,1,3,id00235,Asian (South),women,52,id00488,wav2lip,4,calibration
fac_2b1460f9ecdb,data/raw/fakeavceleb/FakeAVCeleb_v1.2/FakeAVCeleb_v1.2/FakeVideo-FakeAudio/Asian (South)/women/id00235/00052_id00739_wavtolip.mp4,00052_id00739_wavtolip.mp4,FakeAVCeleb,FakeVideo-FakeAudio,AUDIO_VISUAL_MANIPULATION,1,1,3,id00235,Asian (South),women,52,id00739,wav2lip,4,calibration
fac_3ccf193db5ca,data/raw/fakeavceleb/FakeAVCeleb_v1.2/FakeAVCeleb_v1.2/FakeVideo-FakeAudio/Asian (South)/women/id00235/00052_id00747_l3eOd4UDsGc_id07689_wavtolip.mp4,00052_id00747_l3eOd4UDsGc_id07689_wavtolip.mp4,FakeAVCeleb,FakeVideo-FakeAudio,AUDIO_VISUAL_MANIPULATION,1,1,3,id00235,Asian (South),women,52,id00747;id07689,wav2lip,4,calibration
fac_bc535d4c4fdf,data/raw/fakeavceleb/FakeAVCeleb_v1.2/FakeAVCeleb_v1.2/FakeVideo-FakeAudio/Asian (South)/women/id00235/00052_id02089_ZC5FjKDazrM_id02619_wavtolip.mp4,00052_id02089_ZC5FjKDazrM_id02619_wavtolip.mp4,FakeAVCeleb,FakeVideo-FakeAudio,AUDIO_VISUAL_MANIPULATION,1,1,3,id00235,Asian (South),women,52,id02089;id02619,wav2lip,4,calibration
fac_937faabef439,data/raw/fakeavceleb/FakeAVCeleb_v1.2/FakeAVCeleb_v1.2/FakeVideo-FakeAudio/Asian (South)/women/id00235/00052_id03559_pgetxl1qbzM_id00149_wavtolip.mp4,00052_id03559_pgetxl1qbzM_id00149_wavtolip.mp4,FakeAVCeleb,FakeVideo-FakeAudio,AUDIO_VISUAL_MANIPULATION,1,1,3,id00235,Asian (South),women,52,id03559;id00149,wav2lip,4,calibration
fac_79faabf7556d,data/raw/fakeavceleb/FakeAVCeleb_v1.2/FakeAVCeleb_v1.2/FakeVideo-FakeAudio/Asian (South)/women/id00235/00052_id03559_wavtolip.mp4,00052_id03559_wavtolip.mp4,FakeAVCeleb,FakeVideo-FakeAudio,AUDIO_VISUAL_MANIPULATION,1,1,3,id00235,Asian (South),women,52,id03559,wav2lip,4,calibration
fac_51fd11d36371,data/raw/fakeavceleb/FakeAVCeleb_v1.2/FakeAVCeleb_v1.2/FakeVideo-FakeAudio/Asian (South)/women/id00235/00052_id04530_wavtolip.mp4,00052_id04530_wavtolip.mp4,FakeAVCeleb,FakeVideo-FakeAudio,AUDIO_VISUAL_MANIPULATION,1,1,3,id00235,Asian (South),women,52,id04530,wav2lip,4,calibration
fac_b231ce63ee20,data/raw/fakeavceleb/FakeAVCeleb_v1.2/FakeAVCeleb_v1.2/FakeVideo-FakeAudio/Asian (South)/women/id00235/00052_id04583_M10zZFjuAb0_id03985_wavtolip.mp4,00052_id04583_M10zZFjuAb0_id03985_wavtolip.mp4,FakeAVCeleb,FakeVideo-FakeAudio,AUDIO_VISUAL_MANIPULATION,1,1,3,id00235,Asian (South),women,52,id04583;id03985,wav2lip,4,calibration
fac_78357360ecf5,data/raw/fakeavceleb/FakeAVCeleb_v1.2/FakeAVCeleb_v1.2/FakeVideo-FakeAudio/Asian (South)/women/id00235/00052_id04927_8MD618FRyfA_id01026_wavtolip.mp4,00052_id04927_8MD618FRyfA_id01026_wavtolip.mp4,FakeAVCeleb,FakeVideo-FakeAudio,AUDIO_VISUAL_MANIPULATION,1,1,3,id00235,Asian (South),women,52,id04927;id01026,wav2lip,4,calibration
fac_20bff39a8fba,data/raw/fakeavceleb/FakeAVCeleb_v1.2/FakeAVCeleb_v1.2/FakeVideo-FakeAudio/Asian (South)/women/id00235/00052_id05434_wavtolip.mp4,00052_id05434_wavtolip.mp4,FakeAVCeleb,FakeVideo-FakeAudio,AUDIO_VISUAL_MANIPULATION,1,1,3,id00235,Asian (South),women,52,id05434,wav2lip,4,calibration
fac_f7a61ab04954,data/raw/fakeavceleb/FakeAVCeleb_v1.2/FakeAVCeleb_v1.2/FakeVideo-FakeAudio/Asian (South)/women/id00235/00052_id05845_XfMHm6CEwPw_faceswap_id00080_wavtolip.mp4,00052_id05845_XfMHm6CEwPw_faceswap_id00080_wavtolip.mp4,FakeAVCeleb,FakeVideo-FakeAudio,AUDIO_VISUAL_MANIPULATION,1,1,3,id00235,Asian (South),women,52,id05845;id00080,faceswap,4,calibration
fac_0d39737616f8,data/raw/fakeavceleb/FakeAVCeleb_v1.2/FakeAVCeleb_v1.2/FakeVideo-FakeAudio/Asian (South)/women/id00235/00052_id05845_XfMHm6CEwPw_faceswap_id04070_wavtolip.mp4,00052_id05845_XfMHm6CEwPw_faceswap_id04070_wavtolip.mp4,FakeAVCeleb,FakeVideo-FakeAudio,AUDIO_VISUAL_MANIPULATION,1,1,3,id00235,Asian (South),women,52,id05845;id04070,faceswap,4,calibration
fac_cc59ad3f968a,data/raw/fakeavceleb/FakeAVCeleb_v1.2/FakeAVCeleb_v1.2/FakeVideo-FakeAudio/Asian (South)/women/id00235/00052_id05845_XfMHm6CEwPw_faceswap_id04530_wavtolip.mp4,00052_id05845_XfMHm6CEwPw_faceswap_id04530_wavtolip.mp4,FakeAVCeleb,FakeVideo-FakeAudio,AUDIO_VISUAL_MANIPULATION,1,1,3,id00235,Asian (South),women,52,id05845;id04530,faceswap,4,calibration
fac_f004e662246e,data/raw/fakeavceleb/FakeAVCeleb_v1.2/FakeAVCeleb_v1.2/FakeVideo-FakeAudio/Asian (South)/women/id00235/00052_id05845_XfMHm6CEwPw_faceswap_id06438_wavtolip.mp4,00052_id05845_XfMHm6CEwPw_faceswap_id06438_wavtolip.mp4,FakeAVCeleb,FakeVideo-FakeAudio,AUDIO_VISUAL_MANIPULATION,1,1,3,id00235,Asian (South),women,52,id05845;id06438,faceswap,4,calibration
fac_959b549c3ba3,data/raw/fakeavceleb/FakeAVCeleb_v1.2/FakeAVCeleb_v1.2/FakeVideo-FakeAudio/Asian (South)/women/id00235/00052_id05845_XfMHm6CEwPw_faceswap_id06445_wavtolip.mp4,00052_id05845_XfMHm6CEwPw_faceswap_id06445_wavtolip.mp4,FakeAVCeleb,FakeVideo-FakeAudio,AUDIO_VISUAL_MANIPULATION,1,1,3,id00235,Asian (South),women,52,id05845;id06445,faceswap,4,calibration
fac_43b951136633,data/raw/fakeavceleb/FakeAVCeleb_v1.2/FakeAVCeleb_v1.2/FakeVideo-FakeAudio/Asian (South)/women/id00235/00052_id05920_LuLTJu54joo_id07377_wavtolip.mp4,00052_id05920_LuLTJu54joo_id07377_wavtolip.mp4,FakeAVCeleb,FakeVideo-FakeAudio,AUDIO_VISUAL_MANIPULATION,1,1,3,id00235,Asian (South),women,52,id05920;id07377,wav2lip,4,calibration
fac_6520901f7811,data/raw/fakeavceleb/FakeAVCeleb_v1.2/FakeAVCeleb_v1.2/FakeVideo-FakeAudio/Asian (South)/women/id00235/00052_id06268_wavtolip.mp4,00052_id06268_wavtolip.mp4,FakeAVCeleb,FakeVideo-FakeAudio,AUDIO_VISUAL_MANIPULATION,1,1,3,id00235,Asian (South),women,52,id06268,wav2lip,4,calibration
fac_2480f9ea39a4,data/raw/fakeavceleb/FakeAVCeleb_v1.2/FakeAVCeleb_v1.2/FakeVideo-FakeAudio/Asian (South)/women/id00235/00052_id06343_wavtolip.mp4,00052_id06343_wavtolip.mp4,FakeAVCeleb,FakeVideo-FakeAudio,AUDIO_VISUAL_MANIPULATION,1,1,3,id00235,Asian (South),women,52,id06343,wav2lip,4,calibration
fac_3f89ac75368f,data/raw/fakeavceleb/FakeAVCeleb_v1.2/FakeAVCeleb_v1.2/FakeVideo-FakeAudio/Asian (South)/women/id00235/00052_id06752_wavtolip.mp4,00052_id06752_wavtolip.mp4,FakeAVCeleb,FakeVideo-FakeAudio,AUDIO_VISUAL_MANIPULATION,1,1,3,id00235,Asian (South),women,52,id06752,wav2lip,4,calibration
fac_d06e896f5210,data/raw/fakeavceleb/FakeAVCeleb_v1.2/FakeAVCeleb_v1.2/FakeVideo-FakeAudio/Asian (South)/women/id00417/00069_id00235_F7aHtfdzytQ_id06752_wavtolip.mp4,00069_id00235_F7aHtfdzytQ_id06752_wavtolip.mp4,FakeAVCeleb,FakeVideo-FakeAudio,AUDIO_VISUAL_MANIPULATION,1,1,3,id00417,Asian (South),women,69,id00235;id06752,wav2lip,4,calibration
fac_e3ede1fd3a8a,data/raw/fakeavceleb/FakeAVCeleb_v1.2/FakeAVCeleb_v1.2/FakeVideo-FakeAudio/Asian (South)/women/id00417/00069_id00461_wavtolip.mp4,00069_id00461_wavtolip.mp4,FakeAVCeleb,FakeVideo-FakeAudio,AUDIO_VISUAL_MANIPULATION,1,1,3,id00417,Asian (South),women,69,id00461,wav2lip,4,calibration
fac_93eee1724fa4,data/raw/fakeavceleb/FakeAVCeleb_v1.2/FakeAVCeleb_v1.2/FakeVideo-FakeAudio/Asian (South)/women/id00417/00069_id00488_wavtolip.mp4,00069_id00488_wavtolip.mp4,FakeAVCeleb,FakeVideo-FakeAudio,AUDIO_VISUAL_MANIPULATION,1,1,3,id00417,Asian (South),women,69,id00488,wav2lip,4,calibration
fac_745acaee9b23,data/raw/fakeavceleb/FakeAVCeleb_v1.2/FakeAVCeleb_v1.2/FakeVideo-FakeAudio/Asian (South)/women/id00417/00069_id00739_CT-6UmfLiU0_faceswap_id04490_wavtolip.mp4,00069_id00739_CT-6UmfLiU0_faceswap_id04490_wavtolip.mp4,FakeAVCeleb,FakeVideo-FakeAudio,AUDIO_VISUAL_MANIPULATION,1,1,3,id00417,Asian (South),women,69,id00739;id04490,faceswap,4,calibration
fac_4b67a792654a,data/raw/fakeavceleb/FakeAVCeleb_v1.2/FakeAVCeleb_v1.2/FakeVideo-FakeAudio/Asian (South)/women/id00417/00069_id00739_CT-6UmfLiU0_faceswap_id04564_wavtolip.mp4,00069_id00739_CT-6UmfLiU0_faceswap_id04564_wavtolip.mp4,FakeAVCeleb,FakeVideo-FakeAudio,AUDIO_VISUAL_MANIPULATION,1,1,3,id00417,Asian (South),women,69,id00739;id04564,faceswap,4,calibration
fac_dbe9bd7cc709,data/raw/fakeavceleb/FakeAVCeleb_v1.2/FakeAVCeleb_v1.2/FakeVideo-FakeAudio/Asian (South)/women/id00417/00069_id00739_CT-6UmfLiU0_faceswap_id05435_wavtolip.mp4,00069_id00739_CT-6UmfLiU0_faceswap_id05435_wavtolip.mp4,FakeAVCeleb,FakeVideo-FakeAudio,AUDIO_VISUAL_MANIPULATION,1,1,3,id00417,Asian (South),women,69,id00739;id05435,faceswap,4,calibration
fac_70eaf65c6fb1,data/raw/fakeavceleb/FakeAVCeleb_v1.2/FakeAVCeleb_v1.2/FakeVideo-FakeAudio/Asian (South)/women/id00417/00069_id00739_CT-6UmfLiU0_id06439_wavtolip.mp4,00069_id00739_CT-6UmfLiU0_id06439_wavtolip.mp4,FakeAVCeleb,FakeVideo-FakeAudio,AUDIO_VISUAL_MANIPULATION,1,1,3,id00417,Asian (South),women,69,id00739;id06439,wav2lip,4,calibration
fac_0526571ca613,data/raw/fakeavceleb/FakeAVCeleb_v1.2/FakeAVCeleb_v1.2/FakeVideo-FakeAudio/Asian (South)/women/id00417/00069_id00747_wavtolip.mp4,00069_id00747_wavtolip.mp4,FakeAVCeleb,FakeVideo-FakeAudio,AUDIO_VISUAL_MANIPULATION,1,1,3,id00417,Asian (South),women,69,id00747,wav2lip,4,calibration
fac_68a9e4a932ee,data/raw/fakeavceleb/FakeAVCeleb_v1.2/FakeAVCeleb_v1.2/FakeVideo-FakeAudio/Asian (South)/women/id00417/00069_id01026_wavtolip.mp4,00069_id01026_wavtolip.mp4,FakeAVCeleb,FakeVideo-FakeAudio,AUDIO_VISUAL_MANIPULATION,1,1,3,id00417,Asian (South),women,69,id01026,wav2lip,4,calibration
fac_2793d4990f2d,data/raw/fakeavceleb/FakeAVCeleb_v1.2/FakeAVCeleb_v1.2/FakeVideo-FakeAudio/Asian (South)/women/id00417/00069_id03559_pgetxl1qbzM_id04529_wavtolip.mp4,00069_id03559_pgetxl1qbzM_id04529_wavtolip.mp4,FakeAVCeleb,FakeVideo-FakeAudio,AUDIO_VISUAL_MANIPULATION,1,1,3,id00417,Asian (South),women,69,id03559;id04529,wav2lip,4,calibration
fac_41a5d47b973c,data/raw/fakeavceleb/FakeAVCeleb_v1.2/FakeAVCeleb_v1.2/FakeVideo-FakeAudio/Asian (South)/women/id00417/00069_id04529_wavtolip.mp4,00069_id04529_wavtolip.mp4,FakeAVCeleb,FakeVideo-FakeAudio,AUDIO_VISUAL_MANIPULATION,1,1,3,id00417,Asian (South),women,69,id04529,wav2lip,4,calibration
fac_9ce663fd2f86,data/raw/fakeavceleb/FakeAVCeleb_v1.2/FakeAVCeleb_v1.2/FakeVideo-FakeAudio/Asian (South)/women/id00417/00069_id04530_W5-PTTL9HzU_id07049_wavtolip.mp4,00069_id04530_W5-PTTL9HzU_id07049_wavtolip.mp4,FakeAVCeleb,FakeVideo-FakeAudio,AUDIO_VISUAL_MANIPULATION,1,1,3,id00417,Asian (South),women,69,id04530;id07049,wav2lip,4,calibration
fac_cf75d849a78b,data/raw/fakeavceleb/FakeAVCeleb_v1.2/FakeAVCeleb_v1.2/FakeVideo-FakeAudio/Asian (South)/women/id00417/00069_id04582_wavtolip.mp4,00069_id04582_wavtolip.mp4,FakeAVCeleb,FakeVideo-FakeAudio,AUDIO_VISUAL_MANIPULATION,1,1,3,id00417,Asian (South),women,69,id04582,wav2lip,4,calibration
fac_27d266e8a2ba,data/raw/fakeavceleb/FakeAVCeleb_v1.2/FakeAVCeleb_v1.2/FakeVideo-FakeAudio/Asian (South)/women/id00417/00069_id04583_M10zZFjuAb0_id06343_wavtolip.mp4,00069_id04583_M10zZFjuAb0_id06343_wavtolip.mp4,FakeAVCeleb,FakeVideo-FakeAudio,AUDIO_VISUAL_MANIPULATION,1,1,3,id00417,Asian (South),women,69,id04583;id06343,wav2lip,4,calibration
fac_adc214b005c4,data/raw/fakeavceleb/FakeAVCeleb_v1.2/FakeAVCeleb_v1.2/FakeVideo-FakeAudio/Asian (South)/women/id00417/00069_id05434_6p7kCmdOjDQ_id07008_wavtolip.mp4,00069_id05434_6p7kCmdOjDQ_id07008_wavtolip.mp4,FakeAVCeleb,FakeVideo-FakeAudio,AUDIO_VISUAL_MANIPULATION,1,1,3,id00417,Asian (South),women,69,id05434;id07008,wav2lip,4,calibration
fac_8a6a6e771d06,data/raw/fakeavceleb/FakeAVCeleb_v1.2/FakeAVCeleb_v1.2/FakeVideo-FakeAudio/Asian (South)/women/id00417/00069_id05478_VJkjRzPt-Jw_id02619_wavtolip.mp4,00069_id05478_VJkjRzPt-Jw_id02619_wavtolip.mp4,FakeAVCeleb,FakeVideo-FakeAudio,AUDIO_VISUAL_MANIPULATION,1,1,3,id00417,Asian (South),women,69,id05478;id02619,wav2lip,4,calibration
fac_97c25de5c8bc,data/raw/fakeavceleb/FakeAVCeleb_v1.2/FakeAVCeleb_v1.2/FakeVideo-FakeAudio/Asian (South)/women/id00417/00069_id05845_XfMHm6CEwPw_id01026_wavtolip.mp4,00069_id05845_XfMHm6CEwPw_id01026_wavtolip.mp4,FakeAVCeleb,FakeVideo-FakeAudio,AUDIO_VISUAL_MANIPULATION,1,1,3,id00417,Asian (South),women,69,id05845;id01026,wav2lip,4,calibration
fac_5ef40ae0c776,data/raw/fakeavceleb/FakeAVCeleb_v1.2/FakeAVCeleb_v1.2/FakeVideo-FakeAudio/Asian (South)/women/id00417/00069_id06254_wavtolip.mp4,00069_id06254_wavtolip.mp4,FakeAVCeleb,FakeVideo-FakeAudio,AUDIO_VISUAL_MANIPULATION,1,1,3,id00417,Asian (South),women,69,id06254,wav2lip,4,calibration
fac_3faf69662670,data/raw/fakeavceleb/FakeAVCeleb_v1.2/FakeAVCeleb_v1.2/FakeVideo-FakeAudio/Asian (South)/women/id00417/00069_id06438_wavtolip.mp4,00069_id06438_wavtolip.mp4,FakeAVCeleb,FakeVideo-FakeAudio,AUDIO_VISUAL_MANIPULATION,1,1,3,id00417,Asian (South),women,69,id06438,wav2lip,4,calibration
fac_5bfc38ec7e38,data/raw/fakeavceleb/FakeAVCeleb_v1.2/FakeAVCeleb_v1.2/FakeVideo-FakeAudio/Asian (South)/women/id00417/00069_id07051_wavtolip.mp4,00069_id07051_wavtolip.mp4,FakeAVCeleb,FakeVideo-FakeAudio,AUDIO_VISUAL_MANIPULATION,1,1,3,id00417,Asian (South),women,69,id07051,wav2lip,4,calibration
fac_8311358481d1,data/raw/fakeavceleb/FakeAVCeleb_v1.2/FakeAVCeleb_v1.2/FakeVideo-FakeAudio/Asian (South)/women/id00461/00043_id00149_wavtolip.mp4,00043_id00149_wavtolip.mp4,FakeAVCeleb,FakeVideo-FakeAudio,AUDIO_VISUAL_MANIPULATION,1,1,3,id00461,Asian (South),women,43,id00149,wav2lip,4,calibration
fac_b65fee28ea51,data/raw/fakeavceleb/FakeAVCeleb_v1.2/FakeAVCeleb_v1.2/FakeVideo-FakeAudio/Asian (South)/women/id00461/00043_id00488_F3YxmZ9CYFw_faceswap_id00149_wavtolip.mp4,00043_id00488_F3YxmZ9CYFw_faceswap_id00149_wavtolip.mp4,FakeAVCeleb,FakeVideo-FakeAudio,AUDIO_VISUAL_MANIPULATION,1,1,3,id00461,Asian (South),women,43,id00488;id00149,faceswap,4,calibration
fac_02552fdf3fc2,data/raw/fakeavceleb/FakeAVCeleb_v1.2/FakeAVCeleb_v1.2/FakeVideo-FakeAudio/Asian (South)/women/id00461/00043_id00488_F3YxmZ9CYFw_faceswap_id00739_wavtolip.mp4,00043_id00488_F3YxmZ9CYFw_faceswap_id00739_wavtolip.mp4,FakeAVCeleb,FakeVideo-FakeAudio,AUDIO_VISUAL_MANIPULATION,1,1,3,id00461,Asian (South),women,43,id00488;id00739,faceswap,4,calibration
fac_67f281867da1,data/raw/fakeavceleb/FakeAVCeleb_v1.2/FakeAVCeleb_v1.2/FakeVideo-FakeAudio/Asian (South)/women/id00461/00043_id00488_F3YxmZ9CYFw_faceswap_id03985_wavtolip.mp4,00043_id00488_F3YxmZ9CYFw_faceswap_id03985_wavtolip.mp4,FakeAVCeleb,FakeVideo-FakeAudio,AUDIO_VISUAL_MANIPULATION,1,1,3,id00461,Asian (South),women,43,id00488;id03985,faceswap,4,calibration
fac_531b354ec2fc,data/raw/fakeavceleb/FakeAVCeleb_v1.2/FakeAVCeleb_v1.2/FakeVideo-FakeAudio/Asian (South)/women/id00461/00043_id00488_F3YxmZ9CYFw_faceswap_id04927_wavtolip.mp4,00043_id00488_F3YxmZ9CYFw_faceswap_id04927_wavtolip.mp4,FakeAVCeleb,FakeVideo-FakeAudio,AUDIO_VISUAL_MANIPULATION,1,1,3,id00461,Asian (South),women,43,id00488;id04927,faceswap,4,calibration
fac_0edb57bca0e7,data/raw/fakeavceleb/FakeAVCeleb_v1.2/FakeAVCeleb_v1.2/FakeVideo-FakeAudio/Asian (South)/women/id00461/00043_id00488_F3YxmZ9CYFw_faceswap_id07689_wavtolip.mp4,00043_id00488_F3YxmZ9CYFw_faceswap_id07689_wavtolip.mp4,FakeAVCeleb,FakeVideo-FakeAudio,AUDIO_VISUAL_MANIPULATION,1,1,3,id00461,Asian (South),women,43,id00488;id07689,faceswap,4,calibration
fac_238758e8b07a,data/raw/fakeavceleb/FakeAVCeleb_v1.2/FakeAVCeleb_v1.2/FakeVideo-FakeAudio/Asian (South)/women/id00461/00043_id00488_F3YxmZ9CYFw_id06428_wavtolip.mp4,00043_id00488_F3YxmZ9CYFw_id06428_wavtolip.mp4,FakeAVCeleb,FakeVideo-FakeAudio,AUDIO_VISUAL_MANIPULATION,1,1,3,id00461,Asian (South),women,43,id00488;id06428,wav2lip,4,calibration
fac_760f148818d6,data/raw/fakeavceleb/FakeAVCeleb_v1.2/FakeAVCeleb_v1.2/FakeVideo-FakeAudio/Asian (South)/women/id00461/00043_id00747_wavtolip.mp4,00043_id00747_wavtolip.mp4,FakeAVCeleb,FakeVideo-FakeAudio,AUDIO_VISUAL_MANIPULATION,1,1,3,id00461,Asian (South),women,43,id00747,wav2lip,4,calibration
fac_9c5b32728b08,data/raw/fakeavceleb/FakeAVCeleb_v1.2/FakeAVCeleb_v1.2/FakeVideo-FakeAudio/Asian (South)/women/id00461/00043_id01026_rM4ZERt7oM0_id05920_wavtolip.mp4,00043_id01026_rM4ZERt7oM0_id05920_wavtolip.mp4,FakeAVCeleb,FakeVideo-FakeAudio,AUDIO_VISUAL_MANIPULATION,1,1,3,id00461,Asian (South),women,43,id01026;id05920,wav2lip,4,calibration
fac_0495ca8c62fe,data/raw/fakeavceleb/FakeAVCeleb_v1.2/FakeAVCeleb_v1.2/FakeVideo-FakeAudio/Asian (South)/women/id00461/00043_id02619_6AKIR2gTCNU_id03559_wavtolip.mp4,00043_id02619_6AKIR2gTCNU_id03559_wavtolip.mp4,FakeAVCeleb,FakeVideo-FakeAudio,AUDIO_VISUAL_MANIPULATION,1,1,3,id00461,Asian (South),women,43,id02619;id03559,wav2lip,4,calibration
fac_30dbb442177e,data/raw/fakeavceleb/FakeAVCeleb_v1.2/FakeAVCeleb_v1.2/FakeVideo-FakeAudio/Asian (South)/women/id00461/00043_id03559_wavtolip.mp4,00043_id03559_wavtolip.mp4,FakeAVCeleb,FakeVideo-FakeAudio,AUDIO_VISUAL_MANIPULATION,1,1,3,id00461,Asian (South),women,43,id03559,wav2lip,4,calibration
fac_0967c03d3ff3,data/raw/fakeavceleb/FakeAVCeleb_v1.2/FakeAVCeleb_v1.2/FakeVideo-FakeAudio/Asian (South)/women/id00461/00043_id03815_wavtolip.mp4,00043_id03815_wavtolip.mp4,FakeAVCeleb,FakeVideo-FakeAudio,AUDIO_VISUAL_MANIPULATION,1,1,3,id00461,Asian (South),women,43,id03815,wav2lip,4,calibration
fac_9bca997d0591,data/raw/fakeavceleb/FakeAVCeleb_v1.2/FakeAVCeleb_v1.2/FakeVideo-FakeAudio/Asian (South)/women/id00461/00043_id04490_wavtolip.mp4,00043_id04490_wavtolip.mp4,FakeAVCeleb,FakeVideo-FakeAudio,AUDIO_VISUAL_MANIPULATION,1,1,3,id00461,Asian (South),women,43,id04490,wav2lip,4,calibration
fac_6a210de21176,data/raw/fakeavceleb/FakeAVCeleb_v1.2/FakeAVCeleb_v1.2/FakeVideo-FakeAudio/Asian (South)/women/id00461/00043_id04530_W5-PTTL9HzU_id04070_wavtolip.mp4,00043_id04530_W5-PTTL9HzU_id04070_wavtolip.mp4,FakeAVCeleb,FakeVideo-FakeAudio,AUDIO_VISUAL_MANIPULATION,1,1,3,id00461,Asian (South),women,43,id04530;id04070,wav2lip,4,calibration
fac_cac23ab4326b,data/raw/fakeavceleb/FakeAVCeleb_v1.2/FakeAVCeleb_v1.2/FakeVideo-FakeAudio/Asian (South)/women/id00461/00043_id05845_XfMHm6CEwPw_id07051_wavtolip.mp4,00043_id05845_XfMHm6CEwPw_id07051_wavtolip.mp4,FakeAVCeleb,FakeVideo-FakeAudio,AUDIO_VISUAL_MANIPULATION,1,1,3,id00461,Asian (South),women,43,id05845;id07051,wav2lip,4,calibration
fac_66e65f3cec90,data/raw/fakeavceleb/FakeAVCeleb_v1.2/FakeAVCeleb_v1.2/FakeVideo-FakeAudio/Asian (South)/women/id00461/00043_id06268_wavtolip.mp4,00043_id06268_wavtolip.mp4,FakeAVCeleb,FakeVideo-FakeAudio,AUDIO_VISUAL_MANIPULATION,1,1,3,id00461,Asian (South),women,43,id06268,wav2lip,4,calibration
fac_10ad87b9d548,data/raw/fakeavceleb/FakeAVCeleb_v1.2/FakeAVCeleb_v1.2/FakeVideo-FakeAudio/Asian (South)/women/id00461/00043_id06428_A9nvRKd1afA_id00488_wavtolip.mp4,00043_id06428_A9nvRKd1afA_id00488_wavtolip.mp4,FakeAVCeleb,FakeVideo-FakeAudio,AUDIO_VISUAL_MANIPULATION,1,1,3,id00461,Asian (South),women,43,id06428;id00488,wav2lip,4,calibration
fac_dc2df76e2105,data/raw/fakeavceleb/FakeAVCeleb_v1.2/FakeAVCeleb_v1.2/FakeVideo-FakeAudio/Asian (South)/women/id00461/00043_id06437_3BZvvzBhj8s_id07686_wavtolip.mp4,00043_id06437_3BZvvzBhj8s_id07686_wavtolip.mp4,FakeAVCeleb,FakeVideo-FakeAudio,AUDIO_VISUAL_MANIPULATION,1,1,3,id00461,Asian (South),women,43,id06437;id07686,wav2lip,4,calibration
fac_b99b5f5dcc99,data/raw/fakeavceleb/FakeAVCeleb_v1.2/FakeAVCeleb_v1.2/FakeVideo-FakeAudio/Asian (South)/women/id00461/00043_id06445_NWtdqOxEbDY_id03897_wavtolip.mp4,00043_id06445_NWtdqOxEbDY_id03897_wavtolip.mp4,FakeAVCeleb,FakeVideo-FakeAudio,AUDIO_VISUAL_MANIPULATION,1,1,3,id00461,Asian (South),women,43,id06445;id03897,wav2lip,4,calibration
fac_7c771d9ade41,data/raw/fakeavceleb/FakeAVCeleb_v1.2/FakeAVCeleb_v1.2/FakeVideo-FakeAudio/Asian (South)/women/id00461/00043_id07051_wavtolip.mp4,00043_id07051_wavtolip.mp4,FakeAVCeleb,FakeVideo-FakeAudio,AUDIO_VISUAL_MANIPULATION,1,1,3,id00461,Asian (South),women,43,id07051,wav2lip,4,calibration
fac_6f1a3f7eede6,data/raw/fakeavceleb/FakeAVCeleb_v1.2/FakeAVCeleb_v1.2/FakeVideo-FakeAudio/Asian (South)/women/id00461/00043_id07686_wavtolip.mp4,00043_id07686_wavtolip.mp4,FakeAVCeleb,FakeVideo-FakeAudio,AUDIO_VISUAL_MANIPULATION,1,1,3,id00461,Asian (South),women,43,id07686,wav2lip,4,calibration
fac_058c85082baa,data/raw/fakeavceleb/FakeAVCeleb_v1.2/FakeAVCeleb_v1.2/FakeVideo-FakeAudio/Asian (South)/women/id00488/00028_id00043_wavtolip.mp4,00028_id00043_wavtolip.mp4,FakeAVCeleb,FakeVideo-FakeAudio,AUDIO_VISUAL_MANIPULATION,1,1,3,id00488,Asian (South),women,28,id00043,wav2lip,4,calibration
fac_ec33c36ee100,data/raw/fakeavceleb/FakeAVCeleb_v1.2/FakeAVCeleb_v1.2/FakeVideo-FakeAudio/Asian (South)/women/id00488/00028_id00080_wavtolip.mp4,00028_id00080_wavtolip.mp4,FakeAVCeleb,FakeVideo-FakeAudio,AUDIO_VISUAL_MANIPULATION,1,1,3,id00488,Asian (South),women,28,id00080,wav2lip,4,calibration
fac_4d3c676f2985,data/raw/fakeavceleb/FakeAVCeleb_v1.2/FakeAVCeleb_v1.2/FakeVideo-FakeAudio/Asian (South)/women/id00488/00028_id01026_rM4ZERt7oM0_id07689_wavtolip.mp4,00028_id01026_rM4ZERt7oM0_id07689_wavtolip.mp4,FakeAVCeleb,FakeVideo-FakeAudio,AUDIO_VISUAL_MANIPULATION,1,1,3,id00488,Asian (South),women,28,id01026;id07689,wav2lip,4,calibration
fac_3b0265853acc,data/raw/fakeavceleb/FakeAVCeleb_v1.2/FakeAVCeleb_v1.2/FakeVideo-FakeAudio/Asian (South)/women/id00488/00028_id02310_wavtolip.mp4,00028_id02310_wavtolip.mp4,FakeAVCeleb,FakeVideo-FakeAudio,AUDIO_VISUAL_MANIPULATION,1,1,3,id00488,Asian (South),women,28,id02310,wav2lip,4,calibration
fac_469067ea0dd0,data/raw/fakeavceleb/FakeAVCeleb_v1.2/FakeAVCeleb_v1.2/FakeVideo-FakeAudio/Asian (South)/women/id00488/00028_id03815_hw41YlLps4w_id04564_wavtolip.mp4,00028_id03815_hw41YlLps4w_id04564_wavtolip.mp4,FakeAVCeleb,FakeVideo-FakeAudio,AUDIO_VISUAL_MANIPULATION,1,1,3,id00488,Asian (South),women,28,id03815;id04564,wav2lip,4,calibration
fac_00aa9b224421,data/raw/fakeavceleb/FakeAVCeleb_v1.2/FakeAVCeleb_v1.2/FakeVideo-FakeAudio/Asian (South)/women/id00488/00028_id04070_wavtolip.mp4,00028_id04070_wavtolip.mp4,FakeAVCeleb,FakeVideo-FakeAudio,AUDIO_VISUAL_MANIPULATION,1,1,3,id00488,Asian (South),women,28,id04070,wav2lip,4,calibration
fac_ed1a37b3fced,data/raw/fakeavceleb/FakeAVCeleb_v1.2/FakeAVCeleb_v1.2/FakeVideo-FakeAudio/Asian (South)/women/id00488/00028_id04490_G00MMIdUOTc_id00149_wavtolip.mp4,00028_id04490_G00MMIdUOTc_id00149_wavtolip.mp4,FakeAVCeleb,FakeVideo-FakeAudio,AUDIO_VISUAL_MANIPULATION,1,1,3,id00488,Asian (South),women,28,id04490;id00149,wav2lip,4,calibration
fac_31e40017e14d,data/raw/fakeavceleb/FakeAVCeleb_v1.2/FakeAVCeleb_v1.2/FakeVideo-FakeAudio/Asian (South)/women/id00488/00028_id04490_wavtolip.mp4,00028_id04490_wavtolip.mp4,FakeAVCeleb,FakeVideo-FakeAudio,AUDIO_VISUAL_MANIPULATION,1,1,3,id00488,Asian (South),women,28,id04490,wav2lip,4,calibration
fac_1071b577bc7c,data/raw/fakeavceleb/FakeAVCeleb_v1.2/FakeAVCeleb_v1.2/FakeVideo-FakeAudio/Asian (South)/women/id00488/00028_id04582_wavtolip.mp4,00028_id04582_wavtolip.mp4,FakeAVCeleb,FakeVideo-FakeAudio,AUDIO_VISUAL_MANIPULATION,1,1,3,id00488,Asian (South),women,28,id04582,wav2lip,4,calibration
fac_9d01e7f35b7d,data/raw/fakeavceleb/FakeAVCeleb_v1.2/FakeAVCeleb_v1.2/FakeVideo-FakeAudio/Asian (South)/women/id00488/00028_id04583_M10zZFjuAb0_id06254_wavtolip.mp4,00028_id04583_M10zZFjuAb0_id06254_wavtolip.mp4,FakeAVCeleb,FakeVideo-FakeAudio,AUDIO_VISUAL_MANIPULATION,1,1,3,id00488,Asian (South),women,28,id04583;id06254,wav2lip,4,calibration
fac_738757c988d1,data/raw/fakeavceleb/FakeAVCeleb_v1.2/FakeAVCeleb_v1.2/FakeVideo-FakeAudio/Asian (South)/women/id00488/00028_id05434_wavtolip.mp4,00028_id05434_wavtolip.mp4,FakeAVCeleb,FakeVideo-FakeAudio,AUDIO_VISUAL_MANIPULATION,1,1,3,id00488,Asian (South),women,28,id05434,wav2lip,4,calibration
fac_c60addfebcd2,data/raw/fakeavceleb/FakeAVCeleb_v1.2/FakeAVCeleb_v1.2/FakeVideo-FakeAudio/Asian (South)/women/id00488/00028_id05435_OvX-Jv_whcU_faceswap_id00149_wavtolip.mp4,00028_id05435_OvX-Jv_whcU_faceswap_id00149_wavtolip.mp4,FakeAVCeleb,FakeVideo-FakeAudio,AUDIO_VISUAL_MANIPULATION,1,1,3,id00488,Asian (South),women,28,id05435;id00149,faceswap,4,calibration
fac_baf6b4310c41,data/raw/fakeavceleb/FakeAVCeleb_v1.2/FakeAVCeleb_v1.2/FakeVideo-FakeAudio/Asian (South)/women/id00488/00028_id05435_OvX-Jv_whcU_faceswap_id01026_wavtolip.mp4,00028_id05435_OvX-Jv_whcU_faceswap_id01026_wavtolip.mp4,FakeAVCeleb,FakeVideo-FakeAudio,AUDIO_VISUAL_MANIPULATION,1,1,3,id00488,Asian (South),women,28,id05435;id01026,faceswap,4,calibration
fac_c9acd42c6bdf,data/raw/fakeavceleb/FakeAVCeleb_v1.2/FakeAVCeleb_v1.2/FakeVideo-FakeAudio/Asian (South)/women/id00488/00028_id05435_OvX-Jv_whcU_faceswap_id03897_wavtolip.mp4,00028_id05435_OvX-Jv_whcU_faceswap_id03897_wavtolip.mp4,FakeAVCeleb,FakeVideo-FakeAudio,AUDIO_VISUAL_MANIPULATION,1,1,3,id00488,Asian (South),women,28,id05435;id03897,faceswap,4,calibration
fac_606348f6ed44,data/raw/fakeavceleb/FakeAVCeleb_v1.2/FakeAVCeleb_v1.2/FakeVideo-FakeAudio/Asian (South)/women/id00488/00028_id05435_OvX-Jv_whcU_faceswap_id06254_wavtolip.mp4,00028_id05435_OvX-Jv_whcU_faceswap_id06254_wavtolip.mp4,FakeAVCeleb,FakeVideo-FakeAudio,AUDIO_VISUAL_MANIPULATION,1,1,3,id00488,Asian (South),women,28,id05435;id06254,faceswap,4,calibration
fac_3d060256b7ee,data/raw/fakeavceleb/FakeAVCeleb_v1.2/FakeAVCeleb_v1.2/FakeVideo-FakeAudio/Asian (South)/women/id00488/00028_id05435_OvX-Jv_whcU_faceswap_id06439_wavtolip.mp4,00028_id05435_OvX-Jv_whcU_faceswap_id06439_wavtolip.mp4,FakeAVCeleb,FakeVideo-FakeAudio,AUDIO_VISUAL_MANIPULATION,1,1,3,id00488,Asian (South),women,28,id05435;id06439,faceswap,4,calibration
fac_d08214462948,data/raw/fakeavceleb/FakeAVCeleb_v1.2/FakeAVCeleb_v1.2/FakeVideo-FakeAudio/Asian (South)/women/id00488/00028_id05435_OvX-Jv_whcU_id07686_wavtolip.mp4,00028_id05435_OvX-Jv_whcU_id07686_wavtolip.mp4,FakeAVCeleb,FakeVideo-FakeAudio,AUDIO_VISUAL_MANIPULATION,1,1,3,id00488,Asian (South),women,28,id05435;id07686,wav2lip,4,calibration
fac_081dd1db3fd9,data/raw/fakeavceleb/FakeAVCeleb_v1.2/FakeAVCeleb_v1.2/FakeVideo-FakeAudio/Asian (South)/women/id00488/00028_id06428_A9nvRKd1afA_id00149_wavtolip.mp4,00028_id06428_A9nvRKd1afA_id00149_wavtolip.mp4,FakeAVCeleb,FakeVideo-FakeAudio,AUDIO_VISUAL_MANIPULATION,1,1,3,id00488,Asian (South),women,28,id06428;id00149,wav2lip,4,calibration
fac_6c222f848488,data/raw/fakeavceleb/FakeAVCeleb_v1.2/FakeAVCeleb_v1.2/FakeVideo-FakeAudio/Asian (South)/women/id00488/00028_id06438_vf3xBVgYqYA_id00488_wavtolip.mp4,00028_id06438_vf3xBVgYqYA_id00488_wavtolip.mp4,FakeAVCeleb,FakeVideo-FakeAudio,AUDIO_VISUAL_MANIPULATION,1,1,3,id00488,Asian (South),women,28,id06438;id00488,wav2lip,4,calibration
fac_865c1271fcbe,data/raw/fakeavceleb/FakeAVCeleb_v1.2/FakeAVCeleb_v1.2/FakeVideo-FakeAudio/Asian (South)/women/id00488/00028_id06439_wavtolip.mp4,00028_id06439_wavtolip.mp4,FakeAVCeleb,FakeVideo-FakeAudio,AUDIO_VISUAL_MANIPULATION,1,1,3,id00488,Asian (South),women,28,id06439,wav2lip,4,calibration
fac_0dc862b57466,data/raw/fakeavceleb/FakeAVCeleb_v1.2/FakeAVCeleb_v1.2/FakeVideo-FakeAudio/Asian (South)/women/id00488/00028_id07051_wavtolip.mp4,00028_id07051_wavtolip.mp4,FakeAVCeleb,FakeVideo-FakeAudio,AUDIO_VISUAL_MANIPULATION,1,1,3,id00488,Asian (South),women,28,id07051,wav2lip,4,calibration
fac_1f5d23dad934,data/raw/fakeavceleb/FakeAVCeleb_v1.2/FakeAVCeleb_v1.2/FakeVideo-FakeAudio/Asian (South)/women/id00488/00028_id07236_Fe0sdHw3sc4_id00080_wavtolip.mp4,00028_id07236_Fe0sdHw3sc4_id00080_wavtolip.mp4,FakeAVCeleb,FakeVideo-FakeAudio,AUDIO_VISUAL_MANIPULATION,1,1,3,id00488,Asian (South),women,28,id07236;id00080,wav2lip,4,calibration
fac_b69afdc05bed,data/raw/fakeavceleb/FakeAVCeleb_v1.2/FakeAVCeleb_v1.2/FakeVideo-FakeAudio/Asian (South)/women/id00739/00005_id00417_GhIZam3v09g_faceswap_id00417_wavtolip.mp4,00005_id00417_GhIZam3v09g_faceswap_id00417_wavtolip.mp4,FakeAVCeleb,FakeVideo-FakeAudio,AUDIO_VISUAL_MANIPULATION,1,1,3,id00739,Asian (South),women,5,id00417;id00417,faceswap,4,calibration
fac_b72ca9cc2031,data/raw/fakeavceleb/FakeAVCeleb_v1.2/FakeAVCeleb_v1.2/FakeVideo-FakeAudio/Asian (South)/women/id00739/00005_id00417_GhIZam3v09g_faceswap_id00488_wavtolip.mp4,00005_id00417_GhIZam3v09g_faceswap_id00488_wavtolip.mp4,FakeAVCeleb,FakeVideo-FakeAudio,AUDIO_VISUAL_MANIPULATION,1,1,3,id00739,Asian (South),women,5,id00417;id00488,faceswap,4,calibration
fac_ecd6533288e4,data/raw/fakeavceleb/FakeAVCeleb_v1.2/FakeAVCeleb_v1.2/FakeVideo-FakeAudio/Asian (South)/women/id00739/00005_id00417_GhIZam3v09g_faceswap_id00747_wavtolip.mp4,00005_id00417_GhIZam3v09g_faceswap_id00747_wavtolip.mp4,FakeAVCeleb,FakeVideo-FakeAudio,AUDIO_VISUAL_MANIPULATION,1,1,3,id00739,Asian (South),women,5,id00417;id00747,faceswap,4,calibration
fac_47b0a4b752f8,data/raw/fakeavceleb/FakeAVCeleb_v1.2/FakeAVCeleb_v1.2/FakeVideo-FakeAudio/Asian (South)/women/id00739/00005_id00417_GhIZam3v09g_faceswap_id06343_wavtolip.mp4,00005_id00417_GhIZam3v09g_faceswap_id06343_wavtolip.mp4,FakeAVCeleb,FakeVideo-FakeAudio,AUDIO_VISUAL_MANIPULATION,1,1,3,id00739,Asian (South),women,5,id00417;id06343,faceswap,4,calibration
fac_77346cfaf654,data/raw/fakeavceleb/FakeAVCeleb_v1.2/FakeAVCeleb_v1.2/FakeVideo-FakeAudio/Asian (South)/women/id00739/00005_id00417_GhIZam3v09g_faceswap_id06428_wavtolip.mp4,00005_id00417_GhIZam3v09g_faceswap_id06428_wavtolip.mp4,FakeAVCeleb,FakeVideo-FakeAudio,AUDIO_VISUAL_MANIPULATION,1,1,3,id00739,Asian (South),women,5,id00417;id06428,faceswap,4,calibration
fac_1098a08bcf77,data/raw/fakeavceleb/FakeAVCeleb_v1.2/FakeAVCeleb_v1.2/FakeVideo-FakeAudio/Asian (South)/women/id00739/00005_id00417_GhIZam3v09g_id00043_wavtolip.mp4,00005_id00417_GhIZam3v09g_id00043_wavtolip.mp4,FakeAVCeleb,FakeVideo-FakeAudio,AUDIO_VISUAL_MANIPULATION,1,1,3,id00739,Asian (South),women,5,id00417;id00043,wav2lip,4,calibration
fac_d90dea505425,data/raw/fakeavceleb/FakeAVCeleb_v1.2/FakeAVCeleb_v1.2/FakeVideo-FakeAudio/Asian (South)/women/id00739/00005_id00739_wavtolip.mp4,00005_id00739_wavtolip.mp4,FakeAVCeleb,FakeVideo-FakeAudio,AUDIO_VISUAL_MANIPULATION,1,1,3,id00739,Asian (South),women,5,id00739,wav2lip,4,calibration
fac_a504254f43e4,data/raw/fakeavceleb/FakeAVCeleb_v1.2/FakeAVCeleb_v1.2/FakeVideo-FakeAudio/Asian (South)/women/id00739/00005_id03559_wavtolip.mp4,00005_id03559_wavtolip.mp4,FakeAVCeleb,FakeVideo-FakeAudio,AUDIO_VISUAL_MANIPULATION,1,1,3,id00739,Asian (South),women,5,id03559,wav2lip,4,calibration
fac_37867dae5b60,data/raw/fakeavceleb/FakeAVCeleb_v1.2/FakeAVCeleb_v1.2/FakeVideo-FakeAudio/Asian (South)/women/id00739/00005_id04490_wavtolip.mp4,00005_id04490_wavtolip.mp4,FakeAVCeleb,FakeVideo-FakeAudio,AUDIO_VISUAL_MANIPULATION,1,1,3,id00739,Asian (South),women,5,id04490,wav2lip,4,calibration
fac_e6919eb1edd6,data/raw/fakeavceleb/FakeAVCeleb_v1.2/FakeAVCeleb_v1.2/FakeVideo-FakeAudio/Asian (South)/women/id00739/00005_id04529_S92uo-UShxE_id03559_wavtolip.mp4,00005_id04529_S92uo-UShxE_id03559_wavtolip.mp4,FakeAVCeleb,FakeVideo-FakeAudio,AUDIO_VISUAL_MANIPULATION,1,1,3,id00739,Asian (South),women,5,id04529;id03559,wav2lip,4,calibration
fac_fc600363b2f6,data/raw/fakeavceleb/FakeAVCeleb_v1.2/FakeAVCeleb_v1.2/FakeVideo-FakeAudio/Asian (South)/women/id00739/00005_id04529_wavtolip.mp4,00005_id04529_wavtolip.mp4,FakeAVCeleb,FakeVideo-FakeAudio,AUDIO_VISUAL_MANIPULATION,1,1,3,id00739,Asian (South),women,5,id04529,wav2lip,4,calibration
fac_b07adc8b3897,data/raw/fakeavceleb/FakeAVCeleb_v1.2/FakeAVCeleb_v1.2/FakeVideo-FakeAudio/Asian (South)/women/id00739/00005_id04564_xUz03LwKRtQ_id00235_wavtolip.mp4,00005_id04564_xUz03LwKRtQ_id00235_wavtolip.mp4,FakeAVCeleb,FakeVideo-FakeAudio,AUDIO_VISUAL_MANIPULATION,1,1,3,id00739,Asian (South),women,5,id04564;id00235,wav2lip,4,calibration
fac_51263ca24964,data/raw/fakeavceleb/FakeAVCeleb_v1.2/FakeAVCeleb_v1.2/FakeVideo-FakeAudio/Asian (South)/women/id00739/00005_id04927_8MD618FRyfA_id04927_wavtolip.mp4,00005_id04927_8MD618FRyfA_id04927_wavtolip.mp4,FakeAVCeleb,FakeVideo-FakeAudio,AUDIO_VISUAL_MANIPULATION,1,1,3,id00739,Asian (South),women,5,id04927;id04927,wav2lip,4,calibration
fac_a52cccaf47b4,data/raw/fakeavceleb/FakeAVCeleb_v1.2/FakeAVCeleb_v1.2/FakeVideo-FakeAudio/Asian (South)/women/id00739/00005_id05845_wavtolip.mp4,00005_id05845_wavtolip.mp4,FakeAVCeleb,FakeVideo-FakeAudio,AUDIO_VISUAL_MANIPULATION,1,1,3,id00739,Asian (South),women,5,id05845,wav2lip,4,calibration
fac_2e45f3664b6f,data/raw/fakeavceleb/FakeAVCeleb_v1.2/FakeAVCeleb_v1.2/FakeVideo-FakeAudio/Asian (South)/women/id00739/00005_id05931_bFqu86NV3hk_id06232_wavtolip.mp4,00005_id05931_bFqu86NV3hk_id06232_wavtolip.mp4,FakeAVCeleb,FakeVideo-FakeAudio,AUDIO_VISUAL_MANIPULATION,1,1,3,id00739,Asian (South),women,5,id05931;id06232,wav2lip,4,calibration
fac_4a2b016e2953,data/raw/fakeavceleb/FakeAVCeleb_v1.2/FakeAVCeleb_v1.2/FakeVideo-FakeAudio/Asian (South)/women/id00739/00005_id06437_wavtolip.mp4,00005_id06437_wavtolip.mp4,FakeAVCeleb,FakeVideo-FakeAudio,AUDIO_VISUAL_MANIPULATION,1,1,3,id00739,Asian (South),women,5,id06437,wav2lip,4,calibration
fac_5c4f7f230d9b,data/raw/fakeavceleb/FakeAVCeleb_v1.2/FakeAVCeleb_v1.2/FakeVideo-FakeAudio/Asian (South)/women/id00739/00005_id06438_wavtolip.mp4,00005_id06438_wavtolip.mp4,FakeAVCeleb,FakeVideo-FakeAudio,AUDIO_VISUAL_MANIPULATION,1,1,3,id00739,Asian (South),women,5,id06438,wav2lip,4,calibration
fac_7d0637882e94,data/raw/fakeavceleb/FakeAVCeleb_v1.2/FakeAVCeleb_v1.2/FakeVideo-FakeAudio/Asian (South)/women/id00739/00005_id06752_wavtolip.mp4,00005_id06752_wavtolip.mp4,FakeAVCeleb,FakeVideo-FakeAudio,AUDIO_VISUAL_MANIPULATION,1,1,3,id00739,Asian (South),women,5,id06752,wav2lip,4,calibration
fac_5d2224aa50d4,data/raw/fakeavceleb/FakeAVCeleb_v1.2/FakeAVCeleb_v1.2/FakeVideo-FakeAudio/Asian (South)/women/id00739/00005_id07008_wavtolip.mp4,00005_id07008_wavtolip.mp4,FakeAVCeleb,FakeVideo-FakeAudio,AUDIO_VISUAL_MANIPULATION,1,1,3,id00739,Asian (South),women,5,id07008,wav2lip,4,calibration
fac_c806027bd715,data/raw/fakeavceleb/FakeAVCeleb_v1.2/FakeAVCeleb_v1.2/FakeVideo-FakeAudio/Asian (South)/women/id00739/00005_id07136_4e43eS5p3_M_id04583_wavtolip.mp4,00005_id07136_4e43eS5p3_M_id04583_wavtolip.mp4,FakeAVCeleb,FakeVideo-FakeAudio,AUDIO_VISUAL_MANIPULATION,1,1,3,id00739,Asian (South),women,5,id07136;id04583,wav2lip,4,calibration
fac_c5bcb712c410,data/raw/fakeavceleb/FakeAVCeleb_v1.2/FakeAVCeleb_v1.2/FakeVideo-FakeAudio/Asian (South)/women/id00747/00053_id00235_F7aHtfdzytQ_id04070_wavtolip.mp4,00053_id00235_F7aHtfdzytQ_id04070_wavtolip.mp4,FakeAVCeleb,FakeVideo-FakeAudio,AUDIO_VISUAL_MANIPULATION,1,1,3,id00747,Asian (South),women,53,id00235;id04070,wav2lip,4,calibration
fac_f40e80757f6c,data/raw/fakeavceleb/FakeAVCeleb_v1.2/FakeAVCeleb_v1.2/FakeVideo-FakeAudio/Asian (South)/women/id00747/00053_id00488_wavtolip.mp4,00053_id00488_wavtolip.mp4,FakeAVCeleb,FakeVideo-FakeAudio,AUDIO_VISUAL_MANIPULATION,1,1,3,id00747,Asian (South),women,53,id00488,wav2lip,4,calibration
fac_b6cf63941ef6,data/raw/fakeavceleb/FakeAVCeleb_v1.2/FakeAVCeleb_v1.2/FakeVideo-FakeAudio/Asian (South)/women/id00747/00053_id00739_wavtolip.mp4,00053_id00739_wavtolip.mp4,FakeAVCeleb,FakeVideo-FakeAudio,AUDIO_VISUAL_MANIPULATION,1,1,3,id00747,Asian (South),women,53,id00739,wav2lip,4,calibration
fac_6d440e119722,data/raw/fakeavceleb/FakeAVCeleb_v1.2/FakeAVCeleb_v1.2/FakeVideo-FakeAudio/Asian (South)/women/id00747/00053_id02089_wavtolip.mp4,00053_id02089_wavtolip.mp4,FakeAVCeleb,FakeVideo-FakeAudio,AUDIO_VISUAL_MANIPULATION,1,1,3,id00747,Asian (South),women,53,id02089,wav2lip,4,calibration
fac_0770a48608b8,data/raw/fakeavceleb/FakeAVCeleb_v1.2/FakeAVCeleb_v1.2/FakeVideo-FakeAudio/Asian (South)/women/id00747/00053_id02310_zA-8Pw0SvZg_faceswap_id02619_wavtolip.mp4,00053_id02310_zA-8Pw0SvZg_faceswap_id02619_wavtolip.mp4,FakeAVCeleb,FakeVideo-FakeAudio,AUDIO_VISUAL_MANIPULATION,1,1,3,id00747,Asian (South),women,53,id02310;id02619,faceswap,4,calibration
fac_5ad7b175b0c7,data/raw/fakeavceleb/FakeAVCeleb_v1.2/FakeAVCeleb_v1.2/FakeVideo-FakeAudio/Asian (South)/women/id00747/00053_id02310_zA-8Pw0SvZg_faceswap_id06268_wavtolip.mp4,00053_id02310_zA-8Pw0SvZg_faceswap_id06268_wavtolip.mp4,FakeAVCeleb,FakeVideo-FakeAudio,AUDIO_VISUAL_MANIPULATION,1,1,3,id00747,Asian (South),women,53,id02310;id06268,faceswap,4,calibration
fac_2b7496d3a616,data/raw/fakeavceleb/FakeAVCeleb_v1.2/FakeAVCeleb_v1.2/FakeVideo-FakeAudio/Asian (South)/women/id00747/00053_id02310_zA-8Pw0SvZg_faceswap_id06437_wavtolip.mp4,00053_id02310_zA-8Pw0SvZg_faceswap_id06437_wavtolip.mp4,FakeAVCeleb,FakeVideo-FakeAudio,AUDIO_VISUAL_MANIPULATION,1,1,3,id00747,Asian (South),women,53,id02310;id06437,faceswap,4,calibration
fac_6e1feaf8007b,data/raw/fakeavceleb/FakeAVCeleb_v1.2/FakeAVCeleb_v1.2/FakeVideo-FakeAudio/Asian (South)/women/id00747/00053_id02310_zA-8Pw0SvZg_faceswap_id06752_wavtolip.mp4,00053_id02310_zA-8Pw0SvZg_faceswap_id06752_wavtolip.mp4,FakeAVCeleb,FakeVideo-FakeAudio,AUDIO_VISUAL_MANIPULATION,1,1,3,id00747,Asian (South),women,53,id02310;id06752,faceswap,4,calibration
fac_4a3257cebeda,data/raw/fakeavceleb/FakeAVCeleb_v1.2/FakeAVCeleb_v1.2/FakeVideo-FakeAudio/Asian (South)/women/id00747/00053_id02310_zA-8Pw0SvZg_id06343_wavtolip.mp4,00053_id02310_zA-8Pw0SvZg_id06343_wavtolip.mp4,FakeAVCeleb,FakeVideo-FakeAudio,AUDIO_VISUAL_MANIPULATION,1,1,3,id00747,Asian (South),women,53,id02310;id06343,wav2lip,4,calibration
fac_eaf993f115fd,data/raw/fakeavceleb/FakeAVCeleb_v1.2/FakeAVCeleb_v1.2/FakeVideo-FakeAudio/Asian (South)/women/id00747/00053_id02619_6AKIR2gTCNU_id03559_wavtolip.mp4,00053_id02619_6AKIR2gTCNU_id03559_wavtolip.mp4,FakeAVCeleb,FakeVideo-FakeAudio,AUDIO_VISUAL_MANIPULATION,1,1,3,id00747,Asian (South),women,53,id02619;id03559,wav2lip,4,calibration
fac_d3aed4bfe5b2,data/raw/fakeavceleb/FakeAVCeleb_v1.2/FakeAVCeleb_v1.2/FakeVideo-FakeAudio/Asian (South)/women/id00747/00053_id04564_xUz03LwKRtQ_id07051_wavtolip.mp4,00053_id04564_xUz03LwKRtQ_id07051_wavtolip.mp4,FakeAVCeleb,FakeVideo-FakeAudio,AUDIO_VISUAL_MANIPULATION,1,1,3,id00747,Asian (South),women,53,id04564;id07051,wav2lip,4,calibration
fac_7d9c1d6d00e5,data/raw/fakeavceleb/FakeAVCeleb_v1.2/FakeAVCeleb_v1.2/FakeVideo-FakeAudio/Asian (South)/women/id00747/00053_id04582_Pm9dX-TxNx0_id04490_wavtolip.mp4,00053_id04582_Pm9dX-TxNx0_id04490_wavtolip.mp4,FakeAVCeleb,FakeVideo-FakeAudio,AUDIO_VISUAL_MANIPULATION,1,1,3,id00747,Asian (South),women,53,id04582;id04490,wav2lip,4,calibration
fac_477939a73f02,data/raw/fakeavceleb/FakeAVCeleb_v1.2/FakeAVCeleb_v1.2/FakeVideo-FakeAudio/Asian (South)/women/id00747/00053_id04582_wavtolip.mp4,00053_id04582_wavtolip.mp4,FakeAVCeleb,FakeVideo-FakeAudio,AUDIO_VISUAL_MANIPULATION,1,1,3,id00747,Asian (South),women,53,id04582,wav2lip,4,calibration
fac_8118d3842b2f,data/raw/fakeavceleb/FakeAVCeleb_v1.2/FakeAVCeleb_v1.2/FakeVideo-FakeAudio/Asian (South)/women/id00747/00053_id04583_wavtolip.mp4,00053_id04583_wavtolip.mp4,FakeAVCeleb,FakeVideo-FakeAudio,AUDIO_VISUAL_MANIPULATION,1,1,3,id00747,Asian (South),women,53,id04583,wav2lip,4,calibration
fac_e01e58722863,data/raw/fakeavceleb/FakeAVCeleb_v1.2/FakeAVCeleb_v1.2/FakeVideo-FakeAudio/Asian (South)/women/id00747/00053_id04927_8MD618FRyfA_id04582_wavtolip.mp4,00053_id04927_8MD618FRyfA_id04582_wavtolip.mp4,FakeAVCeleb,FakeVideo-FakeAudio,AUDIO_VISUAL_MANIPULATION,1,1,3,id00747,Asian (South),women,53,id04927;id04582,wav2lip,4,calibration
fac_5bc61e3ad819,data/raw/fakeavceleb/FakeAVCeleb_v1.2/FakeAVCeleb_v1.2/FakeVideo-FakeAudio/Asian (South)/women/id00747/00053_id05845_wavtolip.mp4,00053_id05845_wavtolip.mp4,FakeAVCeleb,FakeVideo-FakeAudio,AUDIO_VISUAL_MANIPULATION,1,1,3,id00747,Asian (South),women,53,id05845,wav2lip,4,calibration
fac_8b7b1e5fb887,data/raw/fakeavceleb/FakeAVCeleb_v1.2/FakeAVCeleb_v1.2/FakeVideo-FakeAudio/Asian (South)/women/id00747/00053_id06268_h9p-Na_iA1s_id07051_wavtolip.mp4,00053_id06268_h9p-Na_iA1s_id07051_wavtolip.mp4,FakeAVCeleb,FakeVideo-FakeAudio,AUDIO_VISUAL_MANIPULATION,1,1,3,id00747,Asian (South),women,53,id06268;id07051,wav2lip,4,calibration
fac_f574117fe6dc,data/raw/fakeavceleb/FakeAVCeleb_v1.2/FakeAVCeleb_v1.2/FakeVideo-FakeAudio/Asian (South)/women/id00747/00053_id06343_wavtolip.mp4,00053_id06343_wavtolip.mp4,FakeAVCeleb,FakeVideo-FakeAudio,AUDIO_VISUAL_MANIPULATION,1,1,3,id00747,Asian (South),women,53,id06343,wav2lip,4,calibration
fac_cad0e36b59c0,data/raw/fakeavceleb/FakeAVCeleb_v1.2/FakeAVCeleb_v1.2/FakeVideo-FakeAudio/Asian (South)/women/id00747/00053_id06752_wavtolip.mp4,00053_id06752_wavtolip.mp4,FakeAVCeleb,FakeVideo-FakeAudio,AUDIO_VISUAL_MANIPULATION,1,1,3,id00747,Asian (South),women,53,id06752,wav2lip,4,calibration
fac_00d4292ef05b,data/raw/fakeavceleb/FakeAVCeleb_v1.2/FakeAVCeleb_v1.2/FakeVideo-FakeAudio/Asian (South)/women/id00747/00053_id07049_wavtolip.mp4,00053_id07049_wavtolip.mp4,FakeAVCeleb,FakeVideo-FakeAudio,AUDIO_VISUAL_MANIPULATION,1,1,3,id00747,Asian (South),women,53,id07049,wav2lip,4,calibration
fac_7c0bd92b22c1,data/raw/fakeavceleb/FakeAVCeleb_v1.2/FakeAVCeleb_v1.2/FakeVideo-FakeAudio/Asian (South)/women/id00747/00053_id07236_Fe0sdHw3sc4_id06343_wavtolip.mp4,00053_id07236_Fe0sdHw3sc4_id06343_wavtolip.mp4,FakeAVCeleb,FakeVideo-FakeAudio,AUDIO_VISUAL_MANIPULATION,1,1,3,id00747,Asian (South),women,53,id07236;id06343,wav2lip,4,calibration
fac_3d562f6acd57,data/raw/fakeavceleb/FakeAVCeleb_v1.2/FakeAVCeleb_v1.2/FakeVideo-FakeAudio/Asian (South)/women/id00747/00053_id07686_wavtolip.mp4,00053_id07686_wavtolip.mp4,FakeAVCeleb,FakeVideo-FakeAudio,AUDIO_VISUAL_MANIPULATION,1,1,3,id00747,Asian (South),women,53,id07686,wav2lip,4,calibration
fac_fc2c8cbd40ac,data/raw/fakeavceleb/FakeAVCeleb_v1.2/FakeAVCeleb_v1.2/FakeVideo-FakeAudio/Asian (South)/women/id01026/00083_1_id04927_wavtolip.mp4,00083_1_id04927_wavtolip.mp4,FakeAVCeleb,FakeVideo-FakeAudio,AUDIO_VISUAL_MANIPULATION,1,1,3,id01026,Asian (South),women,83,id04927,wav2lip,4,calibration
fac_228909039d8e,data/raw/fakeavceleb/FakeAVCeleb_v1.2/FakeAVCeleb_v1.2/FakeVideo-FakeAudio/Asian (South)/women/id01026/00083_1_id06428_wavtolip.mp4,00083_1_id06428_wavtolip.mp4,FakeAVCeleb,FakeVideo-FakeAudio,AUDIO_VISUAL_MANIPULATION,1,1,3,id01026,Asian (South),women,83,id06428,wav2lip,4,calibration
fac_50ee11c3d473,data/raw/fakeavceleb/FakeAVCeleb_v1.2/FakeAVCeleb_v1.2/FakeVideo-FakeAudio/Asian (South)/women/id01026/00083_1_id06438_wavtolip.mp4,00083_1_id06438_wavtolip.mp4,FakeAVCeleb,FakeVideo-FakeAudio,AUDIO_VISUAL_MANIPULATION,1,1,3,id01026,Asian (South),women,83,id06438,wav2lip,4,calibration
fac_92e0b11269aa,data/raw/fakeavceleb/FakeAVCeleb_v1.2/FakeAVCeleb_v1.2/FakeVideo-FakeAudio/Asian (South)/women/id01026/00083_1_id06752_wavtolip.mp4,00083_1_id06752_wavtolip.mp4,FakeAVCeleb,FakeVideo-FakeAudio,AUDIO_VISUAL_MANIPULATION,1,1,3,id01026,Asian (South),women,83,id06752,wav2lip,4,calibration
fac_36b89c3f8009,data/raw/fakeavceleb/FakeAVCeleb_v1.2/FakeAVCeleb_v1.2/FakeVideo-FakeAudio/Asian (South)/women/id01026/00083_1_id07377_wavtolip.mp4,00083_1_id07377_wavtolip.mp4,FakeAVCeleb,FakeVideo-FakeAudio,AUDIO_VISUAL_MANIPULATION,1,1,3,id01026,Asian (South),women,83,id07377,wav2lip,4,calibration
fac_7ba38de1e89b,data/raw/fakeavceleb/FakeAVCeleb_v1.2/FakeAVCeleb_v1.2/FakeVideo-FakeAudio/Asian (South)/women/id01026/00083_2_id03559_wavtolip.mp4,00083_2_id03559_wavtolip.mp4,FakeAVCeleb,FakeVideo-FakeAudio,AUDIO_VISUAL_MANIPULATION,1,1,3,id01026,Asian (South),women,83,id03559,wav2lip,4,calibration
fac_6332d127394b,data/raw/fakeavceleb/FakeAVCeleb_v1.2/FakeAVCeleb_v1.2/FakeVideo-FakeAudio/Asian (South)/women/id01026/00083_2_id04927_wavtolip.mp4,00083_2_id04927_wavtolip.mp4,FakeAVCeleb,FakeVideo-FakeAudio,AUDIO_VISUAL_MANIPULATION,1,1,3,id01026,Asian (South),women,83,id04927,wav2lip,4,calibration
fac_886fcd4fe35f,data/raw/fakeavceleb/FakeAVCeleb_v1.2/FakeAVCeleb_v1.2/FakeVideo-FakeAudio/Asian (South)/women/id01026/00083_2_id05434_wavtolip.mp4,00083_2_id05434_wavtolip.mp4,FakeAVCeleb,FakeVideo-FakeAudio,AUDIO_VISUAL_MANIPULATION,1,1,3,id01026,Asian (South),women,83,id05434,wav2lip,4,calibration
fac_b0ef2522f56a,data/raw/fakeavceleb/FakeAVCeleb_v1.2/FakeAVCeleb_v1.2/FakeVideo-FakeAudio/Asian (South)/women/id01026/00083_2_id06438_wavtolip.mp4,00083_2_id06438_wavtolip.mp4,FakeAVCeleb,FakeVideo-FakeAudio,AUDIO_VISUAL_MANIPULATION,1,1,3,id01026,Asian (South),women,83,id06438,wav2lip,4,calibration
fac_35e886d2711c,data/raw/fakeavceleb/FakeAVCeleb_v1.2/FakeAVCeleb_v1.2/FakeVideo-FakeAudio/Asian (South)/women/id01026/00083_2_id06752_wavtolip.mp4,00083_2_id06752_wavtolip.mp4,FakeAVCeleb,FakeVideo-FakeAudio,AUDIO_VISUAL_MANIPULATION,1,1,3,id01026,Asian (South),women,83,id06752,wav2lip,4,calibration
fac_d91b333c48b4,data/raw/fakeavceleb/FakeAVCeleb_v1.2/FakeAVCeleb_v1.2/FakeVideo-FakeAudio/Asian (South)/women/id01026/00083_id00149_wavtolip.mp4,00083_id00149_wavtolip.mp4,FakeAVCeleb,FakeVideo-FakeAudio,AUDIO_VISUAL_MANIPULATION,1,1,3,id01026,Asian (South),women,83,id00149,wav2lip,4,calibration
fac_d1d555a6e080,data/raw/fakeavceleb/FakeAVCeleb_v1.2/FakeAVCeleb_v1.2/FakeVideo-FakeAudio/Asian (South)/women/id01026/00083_id00235_wavtolip.mp4,00083_id00235_wavtolip.mp4,FakeAVCeleb,FakeVideo-FakeAudio,AUDIO_VISUAL_MANIPULATION,1,1,3,id01026,Asian (South),women,83,id00235,wav2lip,4,calibration
fac_d8ee7b8584e6,data/raw/fakeavceleb/FakeAVCeleb_v1.2/FakeAVCeleb_v1.2/FakeVideo-FakeAudio/Asian (South)/women/id01026/00083_id00417_GhIZam3v09g_id00043_wavtolip.mp4,00083_id00417_GhIZam3v09g_id00043_wavtolip.mp4,FakeAVCeleb,FakeVideo-FakeAudio,AUDIO_VISUAL_MANIPULATION,1,1,3,id01026,Asian (South),women,83,id00417;id00043,wav2lip,4,calibration
fac_6435ea3e8ed3,data/raw/fakeavceleb/FakeAVCeleb_v1.2/FakeAVCeleb_v1.2/FakeVideo-FakeAudio/Asian (South)/women/id01026/00083_id00488_wavtolip.mp4,00083_id00488_wavtolip.mp4,FakeAVCeleb,FakeVideo-FakeAudio,AUDIO_VISUAL_MANIPULATION,1,1,3,id01026,Asian (South),women,83,id00488,wav2lip,4,calibration
fac_bf8f2ea16dbd,data/raw/fakeavceleb/FakeAVCeleb_v1.2/FakeAVCeleb_v1.2/FakeVideo-FakeAudio/Asian (South)/women/id01026/00083_id02089_wavtolip.mp4,00083_id02089_wavtolip.mp4,FakeAVCeleb,FakeVideo-FakeAudio,AUDIO_VISUAL_MANIPULATION,1,1,3,id01026,Asian (South),women,83,id02089,wav2lip,4,calibration
fac_7a0a8d9d6a58,data/raw/fakeavceleb/FakeAVCeleb_v1.2/FakeAVCeleb_v1.2/FakeVideo-FakeAudio/Asian (South)/women/id01026/00083_id03815_hw41YlLps4w_id05435_wavtolip.mp4,00083_id03815_hw41YlLps4w_id05435_wavtolip.mp4,FakeAVCeleb,FakeVideo-FakeAudio,AUDIO_VISUAL_MANIPULATION,1,1,3,id01026,Asian (South),women,83,id03815;id05435,wav2lip,4,calibration
fac_213a2945d776,data/raw/fakeavceleb/FakeAVCeleb_v1.2/FakeAVCeleb_v1.2/FakeVideo-FakeAudio/Asian (South)/women/id01026/00083_id03897_wavtolip.mp4,00083_id03897_wavtolip.mp4,FakeAVCeleb,FakeVideo-FakeAudio,AUDIO_VISUAL_MANIPULATION,1,1,3,id01026,Asian (South),women,83,id03897,wav2lip,4,calibration
fac_28f561e6d95a,data/raw/fakeavceleb/FakeAVCeleb_v1.2/FakeAVCeleb_v1.2/FakeVideo-FakeAudio/Asian (South)/women/id01026/00083_id03985_01aVtyjfVFM_id00080_wavtolip.mp4,00083_id03985_01aVtyjfVFM_id00080_wavtolip.mp4,FakeAVCeleb,FakeVideo-FakeAudio,AUDIO_VISUAL_MANIPULATION,1,1,3,id01026,Asian (South),women,83,id03985;id00080,wav2lip,4,calibration
fac_efe39efcf52b,data/raw/fakeavceleb/FakeAVCeleb_v1.2/FakeAVCeleb_v1.2/FakeVideo-FakeAudio/Asian (South)/women/id01026/00083_id04529_S92uo-UShxE_id02619_wavtolip.mp4,00083_id04529_S92uo-UShxE_id02619_wavtolip.mp4,FakeAVCeleb,FakeVideo-FakeAudio,AUDIO_VISUAL_MANIPULATION,1,1,3,id01026,Asian (South),women,83,id04529;id02619,wav2lip,4,calibration
fac_d7386a461aad,data/raw/fakeavceleb/FakeAVCeleb_v1.2/FakeAVCeleb_v1.2/FakeVideo-FakeAudio/Asian (South)/women/id01026/00083_id04530_W5-PTTL9HzU_id02619_wavtolip.mp4,00083_id04530_W5-PTTL9HzU_id02619_wavtolip.mp4,FakeAVCeleb,FakeVideo-FakeAudio,AUDIO_VISUAL_MANIPULATION,1,1,3,id01026,Asian (South),women,83,id04530;id02619,wav2lip,4,calibration
fac_5c488db1bdae,data/raw/fakeavceleb/FakeAVCeleb_v1.2/FakeAVCeleb_v1.2/FakeVideo-FakeAudio/Asian (South)/women/id01026/00083_id05931_wavtolip.mp4,00083_id05931_wavtolip.mp4,FakeAVCeleb,FakeVideo-FakeAudio,AUDIO_VISUAL_MANIPULATION,1,1,3,id01026,Asian (South),women,83,id05931,wav2lip,4,calibration
fac_da1b0802c27d,data/raw/fakeavceleb/FakeAVCeleb_v1.2/FakeAVCeleb_v1.2/FakeVideo-FakeAudio/Asian (South)/women/id01026/00083_id06268_wavtolip.mp4,00083_id06268_wavtolip.mp4,FakeAVCeleb,FakeVideo-FakeAudio,AUDIO_VISUAL_MANIPULATION,1,1,3,id01026,Asian (South),women,83,id06268,wav2lip,4,calibration
fac_9992a913a546,data/raw/fakeavceleb/FakeAVCeleb_v1.2/FakeAVCeleb_v1.2/FakeVideo-FakeAudio/Asian (South)/women/id01026/00083_id06437_wavtolip.mp4,00083_id06437_wavtolip.mp4,FakeAVCeleb,FakeVideo-FakeAudio,AUDIO_VISUAL_MANIPULATION,1,1,3,id01026,Asian (South),women,83,id06437,wav2lip,4,calibration
fac_8ea8179ef5e2,data/raw/fakeavceleb/FakeAVCeleb_v1.2/FakeAVCeleb_v1.2/FakeVideo-FakeAudio/Asian (South)/women/id01026/00083_id06439_wavtolip.mp4,00083_id06439_wavtolip.mp4,FakeAVCeleb,FakeVideo-FakeAudio,AUDIO_VISUAL_MANIPULATION,1,1,3,id01026,Asian (South),women,83,id06439,wav2lip,4,calibration
fac_dab399a5c08d,data/raw/fakeavceleb/FakeAVCeleb_v1.2/FakeAVCeleb_v1.2/FakeVideo-FakeAudio/Asian (South)/women/id01026/00083_id07136_4e43eS5p3_M_id02619_wavtolip.mp4,00083_id07136_4e43eS5p3_M_id02619_wavtolip.mp4,FakeAVCeleb,FakeVideo-FakeAudio,AUDIO_VISUAL_MANIPULATION,1,1,3,id01026,Asian (South),women,83,id07136;id02619,wav2lip,4,calibration
fac_b26401a56e1c,data/raw/fakeavceleb/FakeAVCeleb_v1.2/FakeAVCeleb_v1.2/FakeVideo-FakeAudio/Asian (South)/women/id01026/00083_id07377_FGNavKcGANA_id05434_wavtolip.mp4,00083_id07377_FGNavKcGANA_id05434_wavtolip.mp4,FakeAVCeleb,FakeVideo-FakeAudio,AUDIO_VISUAL_MANIPULATION,1,1,3,id01026,Asian (South),women,83,id07377;id05434,wav2lip,4,calibration
fac_af627ff54638,data/raw/fakeavceleb/FakeAVCeleb_v1.2/FakeAVCeleb_v1.2/FakeVideo-FakeAudio/Asian (South)/women/id01026/00083_id07686_wavtolip.mp4,00083_id07686_wavtolip.mp4,FakeAVCeleb,FakeVideo-FakeAudio,AUDIO_VISUAL_MANIPULATION,1,1,3,id01026,Asian (South),women,83,id07686,wav2lip,4,calibration
fac_f15380d3b3d5,data/raw/fakeavceleb/FakeAVCeleb_v1.2/FakeAVCeleb_v1.2/FakeVideo-FakeAudio/Asian (South)/women/id02089/00092_id00739_wavtolip.mp4,00092_id00739_wavtolip.mp4,FakeAVCeleb,FakeVideo-FakeAudio,AUDIO_VISUAL_MANIPULATION,1,1,3,id02089,Asian (South),women,92,id00739,wav2lip,4,calibration
fac_8784ab1c3676,data/raw/fakeavceleb/FakeAVCeleb_v1.2/FakeAVCeleb_v1.2/FakeVideo-FakeAudio/Asian (South)/women/id02089/00092_id01026_wavtolip.mp4,00092_id01026_wavtolip.mp4,FakeAVCeleb,FakeVideo-FakeAudio,AUDIO_VISUAL_MANIPULATION,1,1,3,id02089,Asian (South),women,92,id01026,wav2lip,4,calibration
fac_02b1293bfbbd,data/raw/fakeavceleb/FakeAVCeleb_v1.2/FakeAVCeleb_v1.2/FakeVideo-FakeAudio/Asian (South)/women/id02089/00092_id02310_wavtolip.mp4,00092_id02310_wavtolip.mp4,FakeAVCeleb,FakeVideo-FakeAudio,AUDIO_VISUAL_MANIPULATION,1,1,3,id02089,Asian (South),women,92,id02310,wav2lip,4,calibration
fac_24e51f29bf50,data/raw/fakeavceleb/FakeAVCeleb_v1.2/FakeAVCeleb_v1.2/FakeVideo-FakeAudio/Asian (South)/women/id02089/00092_id03559_pgetxl1qbzM_id00747_wavtolip.mp4,00092_id03559_pgetxl1qbzM_id00747_wavtolip.mp4,FakeAVCeleb,FakeVideo-FakeAudio,AUDIO_VISUAL_MANIPULATION,1,1,3,id02089,Asian (South),women,92,id03559;id00747,wav2lip,4,calibration
fac_edfcfa6af5d9,data/raw/fakeavceleb/FakeAVCeleb_v1.2/FakeAVCeleb_v1.2/FakeVideo-FakeAudio/Asian (South)/women/id02089/00092_id03897_wavtolip.mp4,00092_id03897_wavtolip.mp4,FakeAVCeleb,FakeVideo-FakeAudio,AUDIO_VISUAL_MANIPULATION,1,1,3,id02089,Asian (South),women,92,id03897,wav2lip,4,calibration
fac_e960d32e29a1,data/raw/fakeavceleb/FakeAVCeleb_v1.2/FakeAVCeleb_v1.2/FakeVideo-FakeAudio/Asian (South)/women/id02089/00092_id04529_S92uo-UShxE_faceswap_id00235_wavtolip.mp4,00092_id04529_S92uo-UShxE_faceswap_id00235_wavtolip.mp4,FakeAVCeleb,FakeVideo-FakeAudio,AUDIO_VISUAL_MANIPULATION,1,1,3,id02089,Asian (South),women,92,id04529;id00235,faceswap,4,calibration
fac_daad46f8e2b6,data/raw/fakeavceleb/FakeAVCeleb_v1.2/FakeAVCeleb_v1.2/FakeVideo-FakeAudio/Asian (South)/women/id02089/00092_id04529_S92uo-UShxE_faceswap_id00417_wavtolip.mp4,00092_id04529_S92uo-UShxE_faceswap_id00417_wavtolip.mp4,FakeAVCeleb,FakeVideo-FakeAudio,AUDIO_VISUAL_MANIPULATION,1,1,3,id02089,Asian (South),women,92,id04529;id00417,faceswap,4,calibration
fac_da5140e562d0,data/raw/fakeavceleb/FakeAVCeleb_v1.2/FakeAVCeleb_v1.2/FakeVideo-FakeAudio/Asian (South)/women/id02089/00092_id04529_S92uo-UShxE_faceswap_id00739_wavtolip.mp4,00092_id04529_S92uo-UShxE_faceswap_id00739_wavtolip.mp4,FakeAVCeleb,FakeVideo-FakeAudio,AUDIO_VISUAL_MANIPULATION,1,1,3,id02089,Asian (South),women,92,id04529;id00739,faceswap,4,calibration
fac_a5e65c48de6b,data/raw/fakeavceleb/FakeAVCeleb_v1.2/FakeAVCeleb_v1.2/FakeVideo-FakeAudio/Asian (South)/women/id02089/00092_id04529_S92uo-UShxE_faceswap_id04529_wavtolip.mp4,00092_id04529_S92uo-UShxE_faceswap_id04529_wavtolip.mp4,FakeAVCeleb,FakeVideo-FakeAudio,AUDIO_VISUAL_MANIPULATION,1,1,3,id02089,Asian (South),women,92,id04529;id04529,faceswap,4,calibration
fac_666bcc96f0c0,data/raw/fakeavceleb/FakeAVCeleb_v1.2/FakeAVCeleb_v1.2/FakeVideo-FakeAudio/Asian (South)/women/id02089/00092_id04529_S92uo-UShxE_faceswap_id07049_wavtolip.mp4,00092_id04529_S92uo-UShxE_faceswap_id07049_wavtolip.mp4,FakeAVCeleb,FakeVideo-FakeAudio,AUDIO_VISUAL_MANIPULATION,1,1,3,id02089,Asian (South),women,92,id04529;id07049,faceswap,4,calibration
fac_48174d497e9d,data/raw/fakeavceleb/FakeAVCeleb_v1.2/FakeAVCeleb_v1.2/FakeVideo-FakeAudio/Asian (South)/women/id02089/00092_id04529_S92uo-UShxE_id07686_wavtolip.mp4,00092_id04529_S92uo-UShxE_id07686_wavtolip.mp4,FakeAVCeleb,FakeVideo-FakeAudio,AUDIO_VISUAL_MANIPULATION,1,1,3,id02089,Asian (South),women,92,id04529;id07686,wav2lip,4,calibration
fac_f8e617c7fd4d,data/raw/fakeavceleb/FakeAVCeleb_v1.2/FakeAVCeleb_v1.2/FakeVideo-FakeAudio/Asian (South)/women/id02089/00092_id04529_wavtolip.mp4,00092_id04529_wavtolip.mp4,FakeAVCeleb,FakeVideo-FakeAudio,AUDIO_VISUAL_MANIPULATION,1,1,3,id02089,Asian (South),women,92,id04529,wav2lip,4,calibration
fac_6d00872139bb,data/raw/fakeavceleb/FakeAVCeleb_v1.2/FakeAVCeleb_v1.2/FakeVideo-FakeAudio/Asian (South)/women/id02089/00092_id04564_xUz03LwKRtQ_id00461_wavtolip.mp4,00092_id04564_xUz03LwKRtQ_id00461_wavtolip.mp4,FakeAVCeleb,FakeVideo-FakeAudio,AUDIO_VISUAL_MANIPULATION,1,1,3,id02089,Asian (South),women,92,id04564;id00461,wav2lip,4,calibration
fac_af784df3cd86,data/raw/fakeavceleb/FakeAVCeleb_v1.2/FakeAVCeleb_v1.2/FakeVideo-FakeAudio/Asian (South)/women/id02089/00092_id04582_Pm9dX-TxNx0_id00080_wavtolip.mp4,00092_id04582_Pm9dX-TxNx0_id00080_wavtolip.mp4,FakeAVCeleb,FakeVideo-FakeAudio,AUDIO_VISUAL_MANIPULATION,1,1,3,id02089,Asian (South),women,92,id04582;id00080,wav2lip,4,calibration
fac_18ff23d99b5d,data/raw/fakeavceleb/FakeAVCeleb_v1.2/FakeAVCeleb_v1.2/FakeVideo-FakeAudio/Asian (South)/women/id02089/00092_id04927_8MD618FRyfA_id04529_wavtolip.mp4,00092_id04927_8MD618FRyfA_id04529_wavtolip.mp4,FakeAVCeleb,FakeVideo-FakeAudio,AUDIO_VISUAL_MANIPULATION,1,1,3,id02089,Asian (South),women,92,id04927;id04529,wav2lip,4,calibration
fac_6eeba5e25bd8,data/raw/fakeavceleb/FakeAVCeleb_v1.2/FakeAVCeleb_v1.2/FakeVideo-FakeAudio/Asian (South)/women/id02089/00092_id04927_wavtolip.mp4,00092_id04927_wavtolip.mp4,FakeAVCeleb,FakeVideo-FakeAudio,AUDIO_VISUAL_MANIPULATION,1,1,3,id02089,Asian (South),women,92,id04927,wav2lip,4,calibration
fac_71e1b50b71d1,data/raw/fakeavceleb/FakeAVCeleb_v1.2/FakeAVCeleb_v1.2/FakeVideo-FakeAudio/Asian (South)/women/id02089/00092_id05434_6p7kCmdOjDQ_id01026_wavtolip.mp4,00092_id05434_6p7kCmdOjDQ_id01026_wavtolip.mp4,FakeAVCeleb,FakeVideo-FakeAudio,AUDIO_VISUAL_MANIPULATION,1,1,3,id02089,Asian (South),women,92,id05434;id01026,wav2lip,4,calibration
fac_9329a3899d55,data/raw/fakeavceleb/FakeAVCeleb_v1.2/FakeAVCeleb_v1.2/FakeVideo-FakeAudio/Asian (South)/women/id02089/00092_id06254_8VSfI86Fua4_id03985_wavtolip.mp4,00092_id06254_8VSfI86Fua4_id03985_wavtolip.mp4,FakeAVCeleb,FakeVideo-FakeAudio,AUDIO_VISUAL_MANIPULATION,1,1,3,id02089,Asian (South),women,92,id06254;id03985,wav2lip,4,calibration
fac_528154cbf3b4,data/raw/fakeavceleb/FakeAVCeleb_v1.2/FakeAVCeleb_v1.2/FakeVideo-FakeAudio/Asian (South)/women/id02089/00092_id06428_wavtolip.mp4,00092_id06428_wavtolip.mp4,FakeAVCeleb,FakeVideo-FakeAudio,AUDIO_VISUAL_MANIPULATION,1,1,3,id02089,Asian (South),women,92,id06428,wav2lip,4,calibration
fac_c6b23e699587,data/raw/fakeavceleb/FakeAVCeleb_v1.2/FakeAVCeleb_v1.2/FakeVideo-FakeAudio/Asian (South)/women/id02089/00092_id06445_NWtdqOxEbDY_id07236_wavtolip.mp4,00092_id06445_NWtdqOxEbDY_id07236_wavtolip.mp4,FakeAVCeleb,FakeVideo-FakeAudio,AUDIO_VISUAL_MANIPULATION,1,1,3,id02089,Asian (South),women,92,id06445;id07236,wav2lip,4,calibration
fac_3bcacebf2fa6,data/raw/fakeavceleb/FakeAVCeleb_v1.2/FakeAVCeleb_v1.2/FakeVideo-FakeAudio/Asian (South)/women/id02089/00092_id07051_wavtolip.mp4,00092_id07051_wavtolip.mp4,FakeAVCeleb,FakeVideo-FakeAudio,AUDIO_VISUAL_MANIPULATION,1,1,3,id02089,Asian (South),women,92,id07051,wav2lip,4,calibration
fac_f1babdf6606d,data/raw/fakeavceleb/FakeAVCeleb_v1.2/FakeAVCeleb_v1.2/FakeVideo-FakeAudio/Asian (South)/women/id02089/00092_id07686_wavtolip.mp4,00092_id07686_wavtolip.mp4,FakeAVCeleb,FakeVideo-FakeAudio,AUDIO_VISUAL_MANIPULATION,1,1,3,id02089,Asian (South),women,92,id07686,wav2lip,4,calibration
fac_125e20562574,data/raw/fakeavceleb/FakeAVCeleb_v1.2/FakeAVCeleb_v1.2/FakeVideo-FakeAudio/Asian (South)/women/id02310/00139_0_id00747_wavtolip.mp4,00139_0_id00747_wavtolip.mp4,FakeAVCeleb,FakeVideo-FakeAudio,AUDIO_VISUAL_MANIPULATION,1,1,3,id02310,Asian (South),women,139,id00747,wav2lip,4,calibration
fac_cd0c38477140,data/raw/fakeavceleb/FakeAVCeleb_v1.2/FakeAVCeleb_v1.2/FakeVideo-FakeAudio/Asian (South)/women/id02310/00139_0_id05478_wavtolip.mp4,00139_0_id05478_wavtolip.mp4,FakeAVCeleb,FakeVideo-FakeAudio,AUDIO_VISUAL_MANIPULATION,1,1,3,id02310,Asian (South),women,139,id05478,wav2lip,4,calibration
fac_4059f6474314,data/raw/fakeavceleb/FakeAVCeleb_v1.2/FakeAVCeleb_v1.2/FakeVideo-FakeAudio/Asian (South)/women/id02310/00139_0_id05845_wavtolip.mp4,00139_0_id05845_wavtolip.mp4,FakeAVCeleb,FakeVideo-FakeAudio,AUDIO_VISUAL_MANIPULATION,1,1,3,id02310,Asian (South),women,139,id05845,wav2lip,4,calibration
fac_58b4cbe7ce33,data/raw/fakeavceleb/FakeAVCeleb_v1.2/FakeAVCeleb_v1.2/FakeVideo-FakeAudio/Asian (South)/women/id02310/00139_0_id05931_wavtolip.mp4,00139_0_id05931_wavtolip.mp4,FakeAVCeleb,FakeVideo-FakeAudio,AUDIO_VISUAL_MANIPULATION,1,1,3,id02310,Asian (South),women,139,id05931,wav2lip,4,calibration
fac_aa42cfe1fda6,data/raw/fakeavceleb/FakeAVCeleb_v1.2/FakeAVCeleb_v1.2/FakeVideo-FakeAudio/Asian (South)/women/id02310/00139_0_id07689_wavtolip.mp4,00139_0_id07689_wavtolip.mp4,FakeAVCeleb,FakeVideo-FakeAudio,AUDIO_VISUAL_MANIPULATION,1,1,3,id02310,Asian (South),women,139,id07689,wav2lip,4,calibration
fac_9e1229de9d00,data/raw/fakeavceleb/FakeAVCeleb_v1.2/FakeAVCeleb_v1.2/FakeVideo-FakeAudio/Asian (South)/women/id02310/00139_2_id00488_wavtolip.mp4,00139_2_id00488_wavtolip.mp4,FakeAVCeleb,FakeVideo-FakeAudio,AUDIO_VISUAL_MANIPULATION,1,1,3,id02310,Asian (South),women,139,id00488,wav2lip,4,calibration
fac_5d2aa4861f7c,data/raw/fakeavceleb/FakeAVCeleb_v1.2/FakeAVCeleb_v1.2/FakeVideo-FakeAudio/Asian (South)/women/id02310/00139_2_id04530_wavtolip.mp4,00139_2_id04530_wavtolip.mp4,FakeAVCeleb,FakeVideo-FakeAudio,AUDIO_VISUAL_MANIPULATION,1,1,3,id02310,Asian (South),women,139,id04530,wav2lip,4,calibration
fac_9281169cd5df,data/raw/fakeavceleb/FakeAVCeleb_v1.2/FakeAVCeleb_v1.2/FakeVideo-FakeAudio/Asian (South)/women/id02310/00139_2_id05435_wavtolip.mp4,00139_2_id05435_wavtolip.mp4,FakeAVCeleb,FakeVideo-FakeAudio,AUDIO_VISUAL_MANIPULATION,1,1,3,id02310,Asian (South),women,139,id05435,wav2lip,4,calibration
fac_ad0738b26d33,data/raw/fakeavceleb/FakeAVCeleb_v1.2/FakeAVCeleb_v1.2/FakeVideo-FakeAudio/Asian (South)/women/id02310/00139_2_id05920_wavtolip.mp4,00139_2_id05920_wavtolip.mp4,FakeAVCeleb,FakeVideo-FakeAudio,AUDIO_VISUAL_MANIPULATION,1,1,3,id02310,Asian (South),women,139,id05920,wav2lip,4,calibration
fac_e8908c00b854,data/raw/fakeavceleb/FakeAVCeleb_v1.2/FakeAVCeleb_v1.2/FakeVideo-FakeAudio/Asian (South)/women/id02310/00139_2_id06439_wavtolip.mp4,00139_2_id06439_wavtolip.mp4,FakeAVCeleb,FakeVideo-FakeAudio,AUDIO_VISUAL_MANIPULATION,1,1,3,id02310,Asian (South),women,139,id06439,wav2lip,4,calibration
fac_d6e5cb595a34,data/raw/fakeavceleb/FakeAVCeleb_v1.2/FakeAVCeleb_v1.2/FakeVideo-FakeAudio/Asian (South)/women/id02310/00139_id00080_y29QtxBTASE_id05478_wavtolip.mp4,00139_id00080_y29QtxBTASE_id05478_wavtolip.mp4,FakeAVCeleb,FakeVideo-FakeAudio,AUDIO_VISUAL_MANIPULATION,1,1,3,id02310,Asian (South),women,139,id00080;id05478,wav2lip,4,calibration
fac_6310864899f0,data/raw/fakeavceleb/FakeAVCeleb_v1.2/FakeAVCeleb_v1.2/FakeVideo-FakeAudio/Asian (South)/women/id02310/00139_id01026_rM4ZERt7oM0_id07008_wavtolip.mp4,00139_id01026_rM4ZERt7oM0_id07008_wavtolip.mp4,FakeAVCeleb,FakeVideo-FakeAudio,AUDIO_VISUAL_MANIPULATION,1,1,3,id02310,Asian (South),women,139,id01026;id07008,wav2lip,4,calibration
fac_75b798a98e29,data/raw/fakeavceleb/FakeAVCeleb_v1.2/FakeAVCeleb_v1.2/FakeVideo-FakeAudio/Asian (South)/women/id02310/00139_id03815_hw41YlLps4w_id04530_wavtolip.mp4,00139_id03815_hw41YlLps4w_id04530_wavtolip.mp4,FakeAVCeleb,FakeVideo-FakeAudio,AUDIO_VISUAL_MANIPULATION,1,1,3,id02310,Asian (South),women,139,id03815;id04530,wav2lip,4,calibration
fac_8a0f2a47e6ef,data/raw/fakeavceleb/FakeAVCeleb_v1.2/FakeAVCeleb_v1.2/FakeVideo-FakeAudio/Asian (South)/women/id02310/00139_id03815_wavtolip.mp4,00139_id03815_wavtolip.mp4,FakeAVCeleb,FakeVideo-FakeAudio,AUDIO_VISUAL_MANIPULATION,1,1,3,id02310,Asian (South),women,139,id03815,wav2lip,4,calibration
fac_ea1310275d29,data/raw/fakeavceleb/FakeAVCeleb_v1.2/FakeAVCeleb_v1.2/FakeVideo-FakeAudio/Asian (South)/women/id02310/00139_id04070_wavtolip.mp4,00139_id04070_wavtolip.mp4,FakeAVCeleb,FakeVideo-FakeAudio,AUDIO_VISUAL_MANIPULATION,1,1,3,id02310,Asian (South),women,139,id04070,wav2lip,4,calibration
fac_4f88962e6433,data/raw/fakeavceleb/FakeAVCeleb_v1.2/FakeAVCeleb_v1.2/FakeVideo-FakeAudio/Asian (South)/women/id02310/00139_id04530_W5-PTTL9HzU_id05434_wavtolip.mp4,00139_id04530_W5-PTTL9HzU_id05434_wavtolip.mp4,FakeAVCeleb,FakeVideo-FakeAudio,AUDIO_VISUAL_MANIPULATION,1,1,3,id02310,Asian (South),women,139,id04530;id05434,wav2lip,4,calibration
fac_0f1e71a333d1,data/raw/fakeavceleb/FakeAVCeleb_v1.2/FakeAVCeleb_v1.2/FakeVideo-FakeAudio/Asian (South)/women/id02310/00139_id04530_wavtolip.mp4,00139_id04530_wavtolip.mp4,FakeAVCeleb,FakeVideo-FakeAudio,AUDIO_VISUAL_MANIPULATION,1,1,3,id02310,Asian (South),women,139,id04530,wav2lip,4,calibration
fac_e77d0b4cfbbc,data/raw/fakeavceleb/FakeAVCeleb_v1.2/FakeAVCeleb_v1.2/FakeVideo-FakeAudio/Asian (South)/women/id02310/00139_id04583_M10zZFjuAb0_id06437_wavtolip.mp4,00139_id04583_M10zZFjuAb0_id06437_wavtolip.mp4,FakeAVCeleb,FakeVideo-FakeAudio,AUDIO_VISUAL_MANIPULATION,1,1,3,id02310,Asian (South),women,139,id04583;id06437,wav2lip,4,calibration
fac_ab9fa5d4d493,data/raw/fakeavceleb/FakeAVCeleb_v1.2/FakeAVCeleb_v1.2/FakeVideo-FakeAudio/Asian (South)/women/id02310/00139_id05434_wavtolip.mp4,00139_id05434_wavtolip.mp4,FakeAVCeleb,FakeVideo-FakeAudio,AUDIO_VISUAL_MANIPULATION,1,1,3,id02310,Asian (South),women,139,id05434,wav2lip,4,calibration
fac_0aab396e9846,data/raw/fakeavceleb/FakeAVCeleb_v1.2/FakeAVCeleb_v1.2/FakeVideo-FakeAudio/Asian (South)/women/id02310/00139_id05435_OvX-Jv_whcU_id00149_wavtolip.mp4,00139_id05435_OvX-Jv_whcU_id00149_wavtolip.mp4,FakeAVCeleb,FakeVideo-FakeAudio,AUDIO_VISUAL_MANIPULATION,1,1,3,id02310,Asian (South),women,139,id05435;id00149,wav2lip,4,calibration
fac_31888a156edf,data/raw/fakeavceleb/FakeAVCeleb_v1.2/FakeAVCeleb_v1.2/FakeVideo-FakeAudio/Asian (South)/women/id02310/00139_id05435_wavtolip.mp4,00139_id05435_wavtolip.mp4,FakeAVCeleb,FakeVideo-FakeAudio,AUDIO_VISUAL_MANIPULATION,1,1,3,id02310,Asian (South),women,139,id05435,wav2lip,4,calibration
fac_a313386d2524,data/raw/fakeavceleb/FakeAVCeleb_v1.2/FakeAVCeleb_v1.2/FakeVideo-FakeAudio/Asian (South)/women/id02310/00139_id05931_wavtolip.mp4,00139_id05931_wavtolip.mp4,FakeAVCeleb,FakeVideo-FakeAudio,AUDIO_VISUAL_MANIPULATION,1,1,3,id02310,Asian (South),women,139,id05931,wav2lip,4,calibration
fac_66343f103627,data/raw/fakeavceleb/FakeAVCeleb_v1.2/FakeAVCeleb_v1.2/FakeVideo-FakeAudio/Asian (South)/women/id02310/00139_id06428_A9nvRKd1afA_id02310_wavtolip.mp4,00139_id06428_A9nvRKd1afA_id02310_wavtolip.mp4,FakeAVCeleb,FakeVideo-FakeAudio,AUDIO_VISUAL_MANIPULATION,1,1,3,id02310,Asian (South),women,139,id06428;id02310,wav2lip,4,calibration
fac_89f82be6db50,data/raw/fakeavceleb/FakeAVCeleb_v1.2/FakeAVCeleb_v1.2/FakeVideo-FakeAudio/Asian (South)/women/id02310/00139_id06438_vf3xBVgYqYA_id00461_wavtolip.mp4,00139_id06438_vf3xBVgYqYA_id00461_wavtolip.mp4,FakeAVCeleb,FakeVideo-FakeAudio,AUDIO_VISUAL_MANIPULATION,1,1,3,id02310,Asian (South),women,139,id06438;id00461,wav2lip,4,calibration
fac_99e5e28671d2,data/raw/fakeavceleb/FakeAVCeleb_v1.2/FakeAVCeleb_v1.2/FakeVideo-FakeAudio/Asian (South)/women/id02310/00139_id06752_wavtolip.mp4,00139_id06752_wavtolip.mp4,FakeAVCeleb,FakeVideo-FakeAudio,AUDIO_VISUAL_MANIPULATION,1,1,3,id02310,Asian (South),women,139,id06752,wav2lip,4,calibration
fac_1a1e89ce6925,data/raw/fakeavceleb/FakeAVCeleb_v1.2/FakeAVCeleb_v1.2/FakeVideo-FakeAudio/Asian (South)/women/id02310/00139_id07049_wavtolip.mp4,00139_id07049_wavtolip.mp4,FakeAVCeleb,FakeVideo-FakeAudio,AUDIO_VISUAL_MANIPULATION,1,1,3,id02310,Asian (South),women,139,id07049,wav2lip,4,calibration
fac_33b3e58277fe,data/raw/fakeavceleb/FakeAVCeleb_v1.2/FakeAVCeleb_v1.2/FakeVideo-FakeAudio/Asian (South)/women/id02310/00139_id07689_wavtolip.mp4,00139_id07689_wavtolip.mp4,FakeAVCeleb,FakeVideo-FakeAudio,AUDIO_VISUAL_MANIPULATION,1,1,3,id02310,Asian (South),women,139,id07689,wav2lip,4,calibration
fac_3ed19ae6e2ad,data/raw/fakeavceleb/FakeAVCeleb_v1.2/FakeAVCeleb_v1.2/FakeVideo-FakeAudio/Asian (South)/women/id02619/00015_id00043_DxY87QyzDN8_id00739_wavtolip.mp4,00015_id00043_DxY87QyzDN8_id00739_wavtolip.mp4,FakeAVCeleb,FakeVideo-FakeAudio,AUDIO_VISUAL_MANIPULATION,1,1,3,id02619,Asian (South),women,15,id00043;id00739,wav2lip,4,calibration
fac_f293afdb031f,data/raw/fakeavceleb/FakeAVCeleb_v1.2/FakeAVCeleb_v1.2/FakeVideo-FakeAudio/Asian (South)/women/id02619/00015_id00417_GhIZam3v09g_faceswap_id00235_wavtolip.mp4,00015_id00417_GhIZam3v09g_faceswap_id00235_wavtolip.mp4,FakeAVCeleb,FakeVideo-FakeAudio,AUDIO_VISUAL_MANIPULATION,1,1,3,id02619,Asian (South),women,15,id00417;id00235,faceswap,4,calibration
fac_cd786eddda0c,data/raw/fakeavceleb/FakeAVCeleb_v1.2/FakeAVCeleb_v1.2/FakeVideo-FakeAudio/Asian (South)/women/id02619/00015_id00417_GhIZam3v09g_faceswap_id04582_wavtolip.mp4,00015_id00417_GhIZam3v09g_faceswap_id04582_wavtolip.mp4,FakeAVCeleb,FakeVideo-FakeAudio,AUDIO_VISUAL_MANIPULATION,1,1,3,id02619,Asian (South),women,15,id00417;id04582,faceswap,4,calibration
fac_0c716f33216d,data/raw/fakeavceleb/FakeAVCeleb_v1.2/FakeAVCeleb_v1.2/FakeVideo-FakeAudio/Asian (South)/women/id02619/00015_id00417_GhIZam3v09g_faceswap_id05845_wavtolip.mp4,00015_id00417_GhIZam3v09g_faceswap_id05845_wavtolip.mp4,FakeAVCeleb,FakeVideo-FakeAudio,AUDIO_VISUAL_MANIPULATION,1,1,3,id02619,Asian (South),women,15,id00417;id05845,faceswap,4,calibration
fac_5055c913f12a,data/raw/fakeavceleb/FakeAVCeleb_v1.2/FakeAVCeleb_v1.2/FakeVideo-FakeAudio/Asian (South)/women/id02619/00015_id00417_GhIZam3v09g_faceswap_id05920_wavtolip.mp4,00015_id00417_GhIZam3v09g_faceswap_id05920_wavtolip.mp4,FakeAVCeleb,FakeVideo-FakeAudio,AUDIO_VISUAL_MANIPULATION,1,1,3,id02619,Asian (South),women,15,id00417;id05920,faceswap,4,calibration
fac_f8cc593d6f24,data/raw/fakeavceleb/FakeAVCeleb_v1.2/FakeAVCeleb_v1.2/FakeVideo-FakeAudio/Asian (South)/women/id02619/00015_id00417_GhIZam3v09g_id03815_wavtolip.mp4,00015_id00417_GhIZam3v09g_id03815_wavtolip.mp4,FakeAVCeleb,FakeVideo-FakeAudio,AUDIO_VISUAL_MANIPULATION,1,1,3,id02619,Asian (South),women,15,id00417;id03815,wav2lip,4,calibration
fac_aab4b5ad9459,data/raw/fakeavceleb/FakeAVCeleb_v1.2/FakeAVCeleb_v1.2/FakeVideo-FakeAudio/Asian (South)/women/id02619/00015_id00461_Ort9NW3SJU4_id00747_wavtolip.mp4,00015_id00461_Ort9NW3SJU4_id00747_wavtolip.mp4,FakeAVCeleb,FakeVideo-FakeAudio,AUDIO_VISUAL_MANIPULATION,1,1,3,id02619,Asian (South),women,15,id00461;id00747,wav2lip,4,calibration
fac_5005a3474299,data/raw/fakeavceleb/FakeAVCeleb_v1.2/FakeAVCeleb_v1.2/FakeVideo-FakeAudio/Asian (South)/women/id02619/00015_id00739_wavtolip.mp4,00015_id00739_wavtolip.mp4,FakeAVCeleb,FakeVideo-FakeAudio,AUDIO_VISUAL_MANIPULATION,1,1,3,id02619,Asian (South),women,15,id00739,wav2lip,4,calibration
fac_10b140a05426,data/raw/fakeavceleb/FakeAVCeleb_v1.2/FakeAVCeleb_v1.2/FakeVideo-FakeAudio/Asian (South)/women/id02619/00015_id01026_rM4ZERt7oM0_id04582_wavtolip.mp4,00015_id01026_rM4ZERt7oM0_id04582_wavtolip.mp4,FakeAVCeleb,FakeVideo-FakeAudio,AUDIO_VISUAL_MANIPULATION,1,1,3,id02619,Asian (South),women,15,id01026;id04582,wav2lip,4,calibration
fac_862c1309ad8e,data/raw/fakeavceleb/FakeAVCeleb_v1.2/FakeAVCeleb_v1.2/FakeVideo-FakeAudio/Asian (South)/women/id02619/00015_id03815_hw41YlLps4w_id05845_wavtolip.mp4,00015_id03815_hw41YlLps4w_id05845_wavtolip.mp4,FakeAVCeleb,FakeVideo-FakeAudio,AUDIO_VISUAL_MANIPULATION,1,1,3,id02619,Asian (South),women,15,id03815;id05845,wav2lip,4,calibration
fac_6df4a7acb361,data/raw/fakeavceleb/FakeAVCeleb_v1.2/FakeAVCeleb_v1.2/FakeVideo-FakeAudio/Asian (South)/women/id02619/00015_id04490_wavtolip.mp4,00015_id04490_wavtolip.mp4,FakeAVCeleb,FakeVideo-FakeAudio,AUDIO_VISUAL_MANIPULATION,1,1,3,id02619,Asian (South),women,15,id04490,wav2lip,4,calibration
fac_c6fce2a649b7,data/raw/fakeavceleb/FakeAVCeleb_v1.2/FakeAVCeleb_v1.2/FakeVideo-FakeAudio/Asian (South)/women/id02619/00015_id04529_S92uo-UShxE_id06232_wavtolip.mp4,00015_id04529_S92uo-UShxE_id06232_wavtolip.mp4,FakeAVCeleb,FakeVideo-FakeAudio,AUDIO_VISUAL_MANIPULATION,1,1,3,id02619,Asian (South),women,15,id04529;id06232,wav2lip,4,calibration
fac_961a5867bf33,data/raw/fakeavceleb/FakeAVCeleb_v1.2/FakeAVCeleb_v1.2/FakeVideo-FakeAudio/Asian (South)/women/id02619/00015_id04564_xUz03LwKRtQ_id00747_wavtolip.mp4,00015_id04564_xUz03LwKRtQ_id00747_wavtolip.mp4,FakeAVCeleb,FakeVideo-FakeAudio,AUDIO_VISUAL_MANIPULATION,1,1,3,id02619,Asian (South),women,15,id04564;id00747,wav2lip,4,calibration
fac_1129034f8b6a,data/raw/fakeavceleb/FakeAVCeleb_v1.2/FakeAVCeleb_v1.2/FakeVideo-FakeAudio/Asian (South)/women/id02619/00015_id04583_wavtolip.mp4,00015_id04583_wavtolip.mp4,FakeAVCeleb,FakeVideo-FakeAudio,AUDIO_VISUAL_MANIPULATION,1,1,3,id02619,Asian (South),women,15,id04583,wav2lip,4,calibration
fac_1d9693477297,data/raw/fakeavceleb/FakeAVCeleb_v1.2/FakeAVCeleb_v1.2/FakeVideo-FakeAudio/Asian (South)/women/id02619/00015_id04927_wavtolip.mp4,00015_id04927_wavtolip.mp4,FakeAVCeleb,FakeVideo-FakeAudio,AUDIO_VISUAL_MANIPULATION,1,1,3,id02619,Asian (South),women,15,id04927,wav2lip,4,calibration
fac_088bb6fc5254,data/raw/fakeavceleb/FakeAVCeleb_v1.2/FakeAVCeleb_v1.2/FakeVideo-FakeAudio/Asian (South)/women/id02619/00015_id05434_wavtolip.mp4,00015_id05434_wavtolip.mp4,FakeAVCeleb,FakeVideo-FakeAudio,AUDIO_VISUAL_MANIPULATION,1,1,3,id02619,Asian (South),women,15,id05434,wav2lip,4,calibration
fac_663ea0585cf7,data/raw/fakeavceleb/FakeAVCeleb_v1.2/FakeAVCeleb_v1.2/FakeVideo-FakeAudio/Asian (South)/women/id02619/00015_id05435_OvX-Jv_whcU_id05434_wavtolip.mp4,00015_id05435_OvX-Jv_whcU_id05434_wavtolip.mp4,FakeAVCeleb,FakeVideo-FakeAudio,AUDIO_VISUAL_MANIPULATION,1,1,3,id02619,Asian (South),women,15,id05435;id05434,wav2lip,4,calibration
fac_4485b2368b56,data/raw/fakeavceleb/FakeAVCeleb_v1.2/FakeAVCeleb_v1.2/FakeVideo-FakeAudio/Asian (South)/women/id02619/00015_id05931_wavtolip.mp4,00015_id05931_wavtolip.mp4,FakeAVCeleb,FakeVideo-FakeAudio,AUDIO_VISUAL_MANIPULATION,1,1,3,id02619,Asian (South),women,15,id05931,wav2lip,4,calibration
fac_ba5085992c3d,data/raw/fakeavceleb/FakeAVCeleb_v1.2/FakeAVCeleb_v1.2/FakeVideo-FakeAudio/Asian (South)/women/id02619/00015_id06438_wavtolip.mp4,00015_id06438_wavtolip.mp4,FakeAVCeleb,FakeVideo-FakeAudio,AUDIO_VISUAL_MANIPULATION,1,1,3,id02619,Asian (South),women,15,id06438,wav2lip,4,calibration
fac_b57cf2961287,data/raw/fakeavceleb/FakeAVCeleb_v1.2/FakeAVCeleb_v1.2/FakeVideo-FakeAudio/Asian (South)/women/id02619/00015_id06439_wavtolip.mp4,00015_id06439_wavtolip.mp4,FakeAVCeleb,FakeVideo-FakeAudio,AUDIO_VISUAL_MANIPULATION,1,1,3,id02619,Asian (South),women,15,id06439,wav2lip,4,calibration
fac_8c9134ad95ad,data/raw/fakeavceleb/FakeAVCeleb_v1.2/FakeAVCeleb_v1.2/FakeVideo-FakeAudio/Asian (South)/women/id02619/00015_id07236_wavtolip.mp4,00015_id07236_wavtolip.mp4,FakeAVCeleb,FakeVideo-FakeAudio,AUDIO_VISUAL_MANIPULATION,1,1,3,id02619,Asian (South),women,15,id07236,wav2lip,4,calibration
fac_6c7eca280583,data/raw/fakeavceleb/FakeAVCeleb_v1.2/FakeAVCeleb_v1.2/FakeVideo-FakeAudio/Asian (South)/women/id02619/00015_id07377_wavtolip.mp4,00015_id07377_wavtolip.mp4,FakeAVCeleb,FakeVideo-FakeAudio,AUDIO_VISUAL_MANIPULATION,1,1,3,id02619,Asian (South),women,15,id07377,wav2lip,4,calibration
fac_436e21bbeef0,data/raw/fakeavceleb/FakeAVCeleb_v1.2/FakeAVCeleb_v1.2/FakeVideo-FakeAudio/Asian (South)/women/id03559/00023_id00043_wavtolip.mp4,00023_id00043_wavtolip.mp4,FakeAVCeleb,FakeVideo-FakeAudio,AUDIO_VISUAL_MANIPULATION,1,1,3,id03559,Asian (South),women,23,id00043,wav2lip,4,calibration
fac_3ad5a3fba108,data/raw/fakeavceleb/FakeAVCeleb_v1.2/FakeAVCeleb_v1.2/FakeVideo-FakeAudio/Asian (South)/women/id03559/00023_id00235_F7aHtfdzytQ_id04583_wavtolip.mp4,00023_id00235_F7aHtfdzytQ_id04583_wavtolip.mp4,FakeAVCeleb,FakeVideo-FakeAudio,AUDIO_VISUAL_MANIPULATION,1,1,3,id03559,Asian (South),women,23,id00235;id04583,wav2lip,4,calibration
fac_c470df8ebdd8,data/raw/fakeavceleb/FakeAVCeleb_v1.2/FakeAVCeleb_v1.2/FakeVideo-FakeAudio/Asian (South)/women/id03559/00023_id00461_wavtolip.mp4,00023_id00461_wavtolip.mp4,FakeAVCeleb,FakeVideo-FakeAudio,AUDIO_VISUAL_MANIPULATION,1,1,3,id03559,Asian (South),women,23,id00461,wav2lip,4,calibration
fac_45ac23b49e3a,data/raw/fakeavceleb/FakeAVCeleb_v1.2/FakeAVCeleb_v1.2/FakeVideo-FakeAudio/Asian (South)/women/id03559/00023_id00747_l3eOd4UDsGc_id00747_wavtolip.mp4,00023_id00747_l3eOd4UDsGc_id00747_wavtolip.mp4,FakeAVCeleb,FakeVideo-FakeAudio,AUDIO_VISUAL_MANIPULATION,1,1,3,id03559,Asian (South),women,23,id00747;id00747,wav2lip,4,calibration
fac_a99c0a01324c,data/raw/fakeavceleb/FakeAVCeleb_v1.2/FakeAVCeleb_v1.2/FakeVideo-FakeAudio/Asian (South)/women/id03559/00023_id02619_wavtolip.mp4,00023_id02619_wavtolip.mp4,FakeAVCeleb,FakeVideo-FakeAudio,AUDIO_VISUAL_MANIPULATION,1,1,3,id03559,Asian (South),women,23,id02619,wav2lip,4,calibration
fac_b8a982a8a2bc,data/raw/fakeavceleb/FakeAVCeleb_v1.2/FakeAVCeleb_v1.2/FakeVideo-FakeAudio/Asian (South)/women/id03559/00023_id04070_wavtolip.mp4,00023_id04070_wavtolip.mp4,FakeAVCeleb,FakeVideo-FakeAudio,AUDIO_VISUAL_MANIPULATION,1,1,3,id03559,Asian (South),women,23,id04070,wav2lip,4,calibration
fac_29d3916e4477,data/raw/fakeavceleb/FakeAVCeleb_v1.2/FakeAVCeleb_v1.2/FakeVideo-FakeAudio/Asian (South)/women/id03559/00023_id04530_wavtolip.mp4,00023_id04530_wavtolip.mp4,FakeAVCeleb,FakeVideo-FakeAudio,AUDIO_VISUAL_MANIPULATION,1,1,3,id03559,Asian (South),women,23,id04530,wav2lip,4,calibration
fac_98eac7ea3174,data/raw/fakeavceleb/FakeAVCeleb_v1.2/FakeAVCeleb_v1.2/FakeVideo-FakeAudio/Asian (South)/women/id03559/00023_id04583_M10zZFjuAb0_id07686_wavtolip.mp4,00023_id04583_M10zZFjuAb0_id07686_wavtolip.mp4,FakeAVCeleb,FakeVideo-FakeAudio,AUDIO_VISUAL_MANIPULATION,1,1,3,id03559,Asian (South),women,23,id04583;id07686,wav2lip,4,calibration
fac_cac157f1aaf5,data/raw/fakeavceleb/FakeAVCeleb_v1.2/FakeAVCeleb_v1.2/FakeVideo-FakeAudio/Asian (South)/women/id03559/00023_id05478_VJkjRzPt-Jw_id06232_wavtolip.mp4,00023_id05478_VJkjRzPt-Jw_id06232_wavtolip.mp4,FakeAVCeleb,FakeVideo-FakeAudio,AUDIO_VISUAL_MANIPULATION,1,1,3,id03559,Asian (South),women,23,id05478;id06232,wav2lip,4,calibration
fac_55a9c5b1e647,data/raw/fakeavceleb/FakeAVCeleb_v1.2/FakeAVCeleb_v1.2/FakeVideo-FakeAudio/Asian (South)/women/id03559/00023_id05478_wavtolip.mp4,00023_id05478_wavtolip.mp4,FakeAVCeleb,FakeVideo-FakeAudio,AUDIO_VISUAL_MANIPULATION,1,1,3,id03559,Asian (South),women,23,id05478,wav2lip,4,calibration
fac_7cc0951a1bec,data/raw/fakeavceleb/FakeAVCeleb_v1.2/FakeAVCeleb_v1.2/FakeVideo-FakeAudio/Asian (South)/women/id03559/00023_id05845_XfMHm6CEwPw_faceswap_id00043_wavtolip.mp4,00023_id05845_XfMHm6CEwPw_faceswap_id00043_wavtolip.mp4,FakeAVCeleb,FakeVideo-FakeAudio,AUDIO_VISUAL_MANIPULATION,1,1,3,id03559,Asian (South),women,23,id05845;id00043,faceswap,4,calibration
fac_d32fd9129372,data/raw/fakeavceleb/FakeAVCeleb_v1.2/FakeAVCeleb_v1.2/FakeVideo-FakeAudio/Asian (South)/women/id03559/00023_id05845_XfMHm6CEwPw_faceswap_id00461_wavtolip.mp4,00023_id05845_XfMHm6CEwPw_faceswap_id00461_wavtolip.mp4,FakeAVCeleb,FakeVideo-FakeAudio,AUDIO_VISUAL_MANIPULATION,1,1,3,id03559,Asian (South),women,23,id05845;id00461,faceswap,4,calibration
fac_e57a1785af57,data/raw/fakeavceleb/FakeAVCeleb_v1.2/FakeAVCeleb_v1.2/FakeVideo-FakeAudio/Asian (South)/women/id03559/00023_id05845_XfMHm6CEwPw_faceswap_id04927_wavtolip.mp4,00023_id05845_XfMHm6CEwPw_faceswap_id04927_wavtolip.mp4,FakeAVCeleb,FakeVideo-FakeAudio,AUDIO_VISUAL_MANIPULATION,1,1,3,id03559,Asian (South),women,23,id05845;id04927,faceswap,4,calibration
fac_cde737954ada,data/raw/fakeavceleb/FakeAVCeleb_v1.2/FakeAVCeleb_v1.2/FakeVideo-FakeAudio/Asian (South)/women/id03559/00023_id05845_XfMHm6CEwPw_faceswap_id06438_wavtolip.mp4,00023_id05845_XfMHm6CEwPw_faceswap_id06438_wavtolip.mp4,FakeAVCeleb,FakeVideo-FakeAudio,AUDIO_VISUAL_MANIPULATION,1,1,3,id03559,Asian (South),women,23,id05845;id06438,faceswap,4,calibration
fac_c78626bc5d41,data/raw/fakeavceleb/FakeAVCeleb_v1.2/FakeAVCeleb_v1.2/FakeVideo-FakeAudio/Asian (South)/women/id03559/00023_id05845_XfMHm6CEwPw_faceswap_id07236_wavtolip.mp4,00023_id05845_XfMHm6CEwPw_faceswap_id07236_wavtolip.mp4,FakeAVCeleb,FakeVideo-FakeAudio,AUDIO_VISUAL_MANIPULATION,1,1,3,id03559,Asian (South),women,23,id05845;id07236,faceswap,4,calibration
fac_e438d1128b8c,data/raw/fakeavceleb/FakeAVCeleb_v1.2/FakeAVCeleb_v1.2/FakeVideo-FakeAudio/Asian (South)/women/id03559/00023_id05845_XfMHm6CEwPw_id04529_wavtolip.mp4,00023_id05845_XfMHm6CEwPw_id04529_wavtolip.mp4,FakeAVCeleb,FakeVideo-FakeAudio,AUDIO_VISUAL_MANIPULATION,1,1,3,id03559,Asian (South),women,23,id05845;id04529,wav2lip,4,calibration
fac_5283db474738,data/raw/fakeavceleb/FakeAVCeleb_v1.2/FakeAVCeleb_v1.2/FakeVideo-FakeAudio/Asian (South)/women/id03559/00023_id05931_bFqu86NV3hk_id06438_wavtolip.mp4,00023_id05931_bFqu86NV3hk_id06438_wavtolip.mp4,FakeAVCeleb,FakeVideo-FakeAudio,AUDIO_VISUAL_MANIPULATION,1,1,3,id03559,Asian (South),women,23,id05931;id06438,wav2lip,4,calibration
fac_a7fa3b2ca2b2,data/raw/fakeavceleb/FakeAVCeleb_v1.2/FakeAVCeleb_v1.2/FakeVideo-FakeAudio/Asian (South)/women/id03559/00023_id06232_GiPuw-FvbeM_id06439_wavtolip.mp4,00023_id06232_GiPuw-FvbeM_id06439_wavtolip.mp4,FakeAVCeleb,FakeVideo-FakeAudio,AUDIO_VISUAL_MANIPULATION,1,1,3,id03559,Asian (South),women,23,id06232;id06439,wav2lip,4,calibration
fac_ee050df50863,data/raw/fakeavceleb/FakeAVCeleb_v1.2/FakeAVCeleb_v1.2/FakeVideo-FakeAudio/Asian (South)/women/id03559/00023_id06437_wavtolip.mp4,00023_id06437_wavtolip.mp4,FakeAVCeleb,FakeVideo-FakeAudio,AUDIO_VISUAL_MANIPULATION,1,1,3,id03559,Asian (South),women,23,id06437,wav2lip,4,calibration
fac_668498b289ba,data/raw/fakeavceleb/FakeAVCeleb_v1.2/FakeAVCeleb_v1.2/FakeVideo-FakeAudio/Asian (South)/women/id03559/00023_id07051_d1c0Pl2aP_4_id06428_wavtolip.mp4,00023_id07051_d1c0Pl2aP_4_id06428_wavtolip.mp4,FakeAVCeleb,FakeVideo-FakeAudio,AUDIO_VISUAL_MANIPULATION,1,1,3,id03559,Asian (South),women,23,id07051;id06428,wav2lip,4,calibration
fac_aaafae4830dd,data/raw/fakeavceleb/FakeAVCeleb_v1.2/FakeAVCeleb_v1.2/FakeVideo-FakeAudio/Asian (South)/women/id03559/00023_id07051_wavtolip.mp4,00023_id07051_wavtolip.mp4,FakeAVCeleb,FakeVideo-FakeAudio,AUDIO_VISUAL_MANIPULATION,1,1,3,id03559,Asian (South),women,23,id07051,wav2lip,4,calibration
fac_c1dd3f7091f0,data/raw/fakeavceleb/FakeAVCeleb_v1.2/FakeAVCeleb_v1.2/FakeVideo-FakeAudio/Asian (South)/women/id03559/00023_id07689_wavtolip.mp4,00023_id07689_wavtolip.mp4,FakeAVCeleb,FakeVideo-FakeAudio,AUDIO_VISUAL_MANIPULATION,1,1,3,id03559,Asian (South),women,23,id07689,wav2lip,4,calibration
fac_360bf47fbf04,data/raw/fakeavceleb/FakeAVCeleb_v1.2/FakeAVCeleb_v1.2/FakeVideo-FakeAudio/Asian (South)/women/id03815/00118_1_id00043_wavtolip.mp4,00118_1_id00043_wavtolip.mp4,FakeAVCeleb,FakeVideo-FakeAudio,AUDIO_VISUAL_MANIPULATION,1,1,3,id03815,Asian (South),women,118,id00043,wav2lip,4,calibration
fac_c72f217340be,data/raw/fakeavceleb/FakeAVCeleb_v1.2/FakeAVCeleb_v1.2/FakeVideo-FakeAudio/Asian (South)/women/id03815/00118_1_id02310_wavtolip.mp4,00118_1_id02310_wavtolip.mp4,FakeAVCeleb,FakeVideo-FakeAudio,AUDIO_VISUAL_MANIPULATION,1,1,3,id03815,Asian (South),women,118,id02310,wav2lip,4,calibration
fac_b9a5fe676b6f,data/raw/fakeavceleb/FakeAVCeleb_v1.2/FakeAVCeleb_v1.2/FakeVideo-FakeAudio/Asian (South)/women/id03815/00118_1_id04490_wavtolip.mp4,00118_1_id04490_wavtolip.mp4,FakeAVCeleb,FakeVideo-FakeAudio,AUDIO_VISUAL_MANIPULATION,1,1,3,id03815,Asian (South),women,118,id04490,wav2lip,4,calibration
fac_8119098dabe8,data/raw/fakeavceleb/FakeAVCeleb_v1.2/FakeAVCeleb_v1.2/FakeVideo-FakeAudio/Asian (South)/women/id03815/00118_1_id04927_wavtolip.mp4,00118_1_id04927_wavtolip.mp4,FakeAVCeleb,FakeVideo-FakeAudio,AUDIO_VISUAL_MANIPULATION,1,1,3,id03815,Asian (South),women,118,id04927,wav2lip,4,calibration
fac_7a74074e1a66,data/raw/fakeavceleb/FakeAVCeleb_v1.2/FakeAVCeleb_v1.2/FakeVideo-FakeAudio/Asian (South)/women/id03815/00118_1_id06428_wavtolip.mp4,00118_1_id06428_wavtolip.mp4,FakeAVCeleb,FakeVideo-FakeAudio,AUDIO_VISUAL_MANIPULATION,1,1,3,id03815,Asian (South),women,118,id06428,wav2lip,4,calibration
fac_d4e9a2c83fda,data/raw/fakeavceleb/FakeAVCeleb_v1.2/FakeAVCeleb_v1.2/FakeVideo-FakeAudio/Asian (South)/women/id03815/00118_id00080_y29QtxBTASE_id06437_wavtolip.mp4,00118_id00080_y29QtxBTASE_id06437_wavtolip.mp4,FakeAVCeleb,FakeVideo-FakeAudio,AUDIO_VISUAL_MANIPULATION,1,1,3,id03815,Asian (South),women,118,id00080;id06437,wav2lip,4,calibration
fac_178311e8ac6d,data/raw/fakeavceleb/FakeAVCeleb_v1.2/FakeAVCeleb_v1.2/FakeVideo-FakeAudio/Asian (South)/women/id03815/00118_id00149_wavtolip.mp4,00118_id00149_wavtolip.mp4,FakeAVCeleb,FakeVideo-FakeAudio,AUDIO_VISUAL_MANIPULATION,1,1,3,id03815,Asian (South),women,118,id00149,wav2lip,4,calibration
fac_91c438186971,data/raw/fakeavceleb/FakeAVCeleb_v1.2/FakeAVCeleb_v1.2/FakeVideo-FakeAudio/Asian (South)/women/id03815/00118_id00747_wavtolip.mp4,00118_id00747_wavtolip.mp4,FakeAVCeleb,FakeVideo-FakeAudio,AUDIO_VISUAL_MANIPULATION,1,1,3,id03815,Asian (South),women,118,id00747,wav2lip,4,calibration
fac_2a7abbff74eb,data/raw/fakeavceleb/FakeAVCeleb_v1.2/FakeAVCeleb_v1.2/FakeVideo-FakeAudio/Asian (South)/women/id03815/00118_id01026_rM4ZERt7oM0_id05434_wavtolip.mp4,00118_id01026_rM4ZERt7oM0_id05434_wavtolip.mp4,FakeAVCeleb,FakeVideo-FakeAudio,AUDIO_VISUAL_MANIPULATION,1,1,3,id03815,Asian (South),women,118,id01026;id05434,wav2lip,4,calibration
fac_b544c58e9393,data/raw/fakeavceleb/FakeAVCeleb_v1.2/FakeAVCeleb_v1.2/FakeVideo-FakeAudio/Asian (South)/women/id03815/00118_id01026_wavtolip.mp4,00118_id01026_wavtolip.mp4,FakeAVCeleb,FakeVideo-FakeAudio,AUDIO_VISUAL_MANIPULATION,1,1,3,id03815,Asian (South),women,118,id01026,wav2lip,4,calibration
fac_1a78b155977b,data/raw/fakeavceleb/FakeAVCeleb_v1.2/FakeAVCeleb_v1.2/FakeVideo-FakeAudio/Asian (South)/women/id03815/00118_id02619_6AKIR2gTCNU_id04564_wavtolip.mp4,00118_id02619_6AKIR2gTCNU_id04564_wavtolip.mp4,FakeAVCeleb,FakeVideo-FakeAudio,AUDIO_VISUAL_MANIPULATION,1,1,3,id03815,Asian (South),women,118,id02619;id04564,wav2lip,4,calibration
fac_e5892b616755,data/raw/fakeavceleb/FakeAVCeleb_v1.2/FakeAVCeleb_v1.2/FakeVideo-FakeAudio/Asian (South)/women/id03815/00118_id03559_pgetxl1qbzM_id00149_wavtolip.mp4,00118_id03559_pgetxl1qbzM_id00149_wavtolip.mp4,FakeAVCeleb,FakeVideo-FakeAudio,AUDIO_VISUAL_MANIPULATION,1,1,3,id03815,Asian (South),women,118,id03559;id00149,wav2lip,4,calibration
fac_2ad143b99a64,data/raw/fakeavceleb/FakeAVCeleb_v1.2/FakeAVCeleb_v1.2/FakeVideo-FakeAudio/Asian (South)/women/id03815/00118_id03985_wavtolip.mp4,00118_id03985_wavtolip.mp4,FakeAVCeleb,FakeVideo-FakeAudio,AUDIO_VISUAL_MANIPULATION,1,1,3,id03815,Asian (South),women,118,id03985,wav2lip,4,calibration
fac_359205fcfc3a,data/raw/fakeavceleb/FakeAVCeleb_v1.2/FakeAVCeleb_v1.2/FakeVideo-FakeAudio/Asian (South)/women/id03815/00118_id04070_wavtolip.mp4,00118_id04070_wavtolip.mp4,FakeAVCeleb,FakeVideo-FakeAudio,AUDIO_VISUAL_MANIPULATION,1,1,3,id03815,Asian (South),women,118,id04070,wav2lip,4,calibration
fac_8573659a95d8,data/raw/fakeavceleb/FakeAVCeleb_v1.2/FakeAVCeleb_v1.2/FakeVideo-FakeAudio/Asian (South)/women/id03815/00118_id04529_wavtolip.mp4,00118_id04529_wavtolip.mp4,FakeAVCeleb,FakeVideo-FakeAudio,AUDIO_VISUAL_MANIPULATION,1,1,3,id03815,Asian (South),women,118,id04529,wav2lip,4,calibration
fac_8e19b8283a32,data/raw/fakeavceleb/FakeAVCeleb_v1.2/FakeAVCeleb_v1.2/FakeVideo-FakeAudio/Asian (South)/women/id03815/00118_id04564_wavtolip.mp4,00118_id04564_wavtolip.mp4,FakeAVCeleb,FakeVideo-FakeAudio,AUDIO_VISUAL_MANIPULATION,1,1,3,id03815,Asian (South),women,118,id04564,wav2lip,4,calibration
fac_3450cfe7ddac,data/raw/fakeavceleb/FakeAVCeleb_v1.2/FakeAVCeleb_v1.2/FakeVideo-FakeAudio/Asian (South)/women/id03815/00118_id05434_wavtolip.mp4,00118_id05434_wavtolip.mp4,FakeAVCeleb,FakeVideo-FakeAudio,AUDIO_VISUAL_MANIPULATION,1,1,3,id03815,Asian (South),women,118,id05434,wav2lip,4,calibration
fac_1906bc438ddc,data/raw/fakeavceleb/FakeAVCeleb_v1.2/FakeAVCeleb_v1.2/FakeVideo-FakeAudio/Asian (South)/women/id03815/00118_id05920_LuLTJu54joo_id05845_wavtolip.mp4,00118_id05920_LuLTJu54joo_id05845_wavtolip.mp4,FakeAVCeleb,FakeVideo-FakeAudio,AUDIO_VISUAL_MANIPULATION,1,1,3,id03815,Asian (South),women,118,id05920;id05845,wav2lip,4,calibration
fac_f09961788cc3,data/raw/fakeavceleb/FakeAVCeleb_v1.2/FakeAVCeleb_v1.2/FakeVideo-FakeAudio/Asian (South)/women/id03815/00118_id05931_bFqu86NV3hk_id02310_wavtolip.mp4,00118_id05931_bFqu86NV3hk_id02310_wavtolip.mp4,FakeAVCeleb,FakeVideo-FakeAudio,AUDIO_VISUAL_MANIPULATION,1,1,3,id03815,Asian (South),women,118,id05931;id02310,wav2lip,4,calibration
fac_6e3dc1c54c0b,data/raw/fakeavceleb/FakeAVCeleb_v1.2/FakeAVCeleb_v1.2/FakeVideo-FakeAudio/Asian (South)/women/id03815/00118_id06428_A9nvRKd1afA_id07008_wavtolip.mp4,00118_id06428_A9nvRKd1afA_id07008_wavtolip.mp4,FakeAVCeleb,FakeVideo-FakeAudio,AUDIO_VISUAL_MANIPULATION,1,1,3,id03815,Asian (South),women,118,id06428;id07008,wav2lip,4,calibration
fac_ce937c7e43c9,data/raw/fakeavceleb/FakeAVCeleb_v1.2/FakeAVCeleb_v1.2/FakeVideo-FakeAudio/Asian (South)/women/id03815/00118_id06752_wavtolip.mp4,00118_id06752_wavtolip.mp4,FakeAVCeleb,FakeVideo-FakeAudio,AUDIO_VISUAL_MANIPULATION,1,1,3,id03815,Asian (South),women,118,id06752,wav2lip,4,calibration
fac_37d36acf09b7,data/raw/fakeavceleb/FakeAVCeleb_v1.2/FakeAVCeleb_v1.2/FakeVideo-FakeAudio/Asian (South)/women/id03815/00118_id07377_FGNavKcGANA_id07689_wavtolip.mp4,00118_id07377_FGNavKcGANA_id07689_wavtolip.mp4,FakeAVCeleb,FakeVideo-FakeAudio,AUDIO_VISUAL_MANIPULATION,1,1,3,id03815,Asian (South),women,118,id07377;id07689,wav2lip,4,calibration
fac_16f62b389617,data/raw/fakeavceleb/FakeAVCeleb_v1.2/FakeAVCeleb_v1.2/FakeVideo-FakeAudio/Asian (South)/women/id03815/00118_id07689_wavtolip.mp4,00118_id07689_wavtolip.mp4,FakeAVCeleb,FakeVideo-FakeAudio,AUDIO_VISUAL_MANIPULATION,1,1,3,id03815,Asian (South),women,118,id07689,wav2lip,4,calibration
fac_9f308f53289c,data/raw/fakeavceleb/FakeAVCeleb_v1.2/FakeAVCeleb_v1.2/FakeVideo-FakeAudio/Asian (South)/women/id03897/00021_id00080_wavtolip.mp4,00021_id00080_wavtolip.mp4,FakeAVCeleb,FakeVideo-FakeAudio,AUDIO_VISUAL_MANIPULATION,1,1,3,id03897,Asian (South),women,21,id00080,wav2lip,4,calibration
fac_1c6587f986b0,data/raw/fakeavceleb/FakeAVCeleb_v1.2/FakeAVCeleb_v1.2/FakeVideo-FakeAudio/Asian (South)/women/id03897/00021_id00149_s2evR-nUhVY_id05435_wavtolip.mp4,00021_id00149_s2evR-nUhVY_id05435_wavtolip.mp4,FakeAVCeleb,FakeVideo-FakeAudio,AUDIO_VISUAL_MANIPULATION,1,1,3,id03897,Asian (South),women,21,id00149;id05435,wav2lip,4,calibration
fac_8b1ceb48157b,data/raw/fakeavceleb/FakeAVCeleb_v1.2/FakeAVCeleb_v1.2/FakeVideo-FakeAudio/Asian (South)/women/id03897/00021_id00417_GhIZam3v09g_id03559_wavtolip.mp4,00021_id00417_GhIZam3v09g_id03559_wavtolip.mp4,FakeAVCeleb,FakeVideo-FakeAudio,AUDIO_VISUAL_MANIPULATION,1,1,3,id03897,Asian (South),women,21,id00417;id03559,wav2lip,4,calibration
fac_2a14d7b83c4d,data/raw/fakeavceleb/FakeAVCeleb_v1.2/FakeAVCeleb_v1.2/FakeVideo-FakeAudio/Asian (South)/women/id03897/00021_id02619_wavtolip.mp4,00021_id02619_wavtolip.mp4,FakeAVCeleb,FakeVideo-FakeAudio,AUDIO_VISUAL_MANIPULATION,1,1,3,id03897,Asian (South),women,21,id02619,wav2lip,4,calibration
fac_bcc04af0ae32,data/raw/fakeavceleb/FakeAVCeleb_v1.2/FakeAVCeleb_v1.2/FakeVideo-FakeAudio/Asian (South)/women/id03897/00021_id03559_pgetxl1qbzM_id00149_wavtolip.mp4,00021_id03559_pgetxl1qbzM_id00149_wavtolip.mp4,FakeAVCeleb,FakeVideo-FakeAudio,AUDIO_VISUAL_MANIPULATION,1,1,3,id03897,Asian (South),women,21,id03559;id00149,wav2lip,4,calibration
fac_f779a0ae3f0d,data/raw/fakeavceleb/FakeAVCeleb_v1.2/FakeAVCeleb_v1.2/FakeVideo-FakeAudio/Asian (South)/women/id03897/00021_id03815_wavtolip.mp4,00021_id03815_wavtolip.mp4,FakeAVCeleb,FakeVideo-FakeAudio,AUDIO_VISUAL_MANIPULATION,1,1,3,id03897,Asian (South),women,21,id03815,wav2lip,4,calibration
fac_d8fe971544e6,data/raw/fakeavceleb/FakeAVCeleb_v1.2/FakeAVCeleb_v1.2/FakeVideo-FakeAudio/Asian (South)/women/id03897/00021_id03897_wavtolip.mp4,00021_id03897_wavtolip.mp4,FakeAVCeleb,FakeVideo-FakeAudio,AUDIO_VISUAL_MANIPULATION,1,1,3,id03897,Asian (South),women,21,id03897,wav2lip,4,calibration
fac_ca5c29dc4169,data/raw/fakeavceleb/FakeAVCeleb_v1.2/FakeAVCeleb_v1.2/FakeVideo-FakeAudio/Asian (South)/women/id03897/00021_id04070_wavtolip.mp4,00021_id04070_wavtolip.mp4,FakeAVCeleb,FakeVideo-FakeAudio,AUDIO_VISUAL_MANIPULATION,1,1,3,id03897,Asian (South),women,21,id04070,wav2lip,4,calibration
fac_58dfc7eb0ad7,data/raw/fakeavceleb/FakeAVCeleb_v1.2/FakeAVCeleb_v1.2/FakeVideo-FakeAudio/Asian (South)/women/id03897/00021_id04490_G00MMIdUOTc_faceswap_id00149_wavtolip.mp4,00021_id04490_G00MMIdUOTc_faceswap_id00149_wavtolip.mp4,FakeAVCeleb,FakeVideo-FakeAudio,AUDIO_VISUAL_MANIPULATION,1,1,3,id03897,Asian (South),women,21,id04490;id00149,faceswap,4,calibration
fac_21afe7a14017,data/raw/fakeavceleb/FakeAVCeleb_v1.2/FakeAVCeleb_v1.2/FakeVideo-FakeAudio/Asian (South)/women/id03897/00021_id04490_G00MMIdUOTc_faceswap_id04582_wavtolip.mp4,00021_id04490_G00MMIdUOTc_faceswap_id04582_wavtolip.mp4,FakeAVCeleb,FakeVideo-FakeAudio,AUDIO_VISUAL_MANIPULATION,1,1,3,id03897,Asian (South),women,21,id04490;id04582,faceswap,4,calibration
fac_50e40375c3dc,data/raw/fakeavceleb/FakeAVCeleb_v1.2/FakeAVCeleb_v1.2/FakeVideo-FakeAudio/Asian (South)/women/id03897/00021_id04490_G00MMIdUOTc_faceswap_id05434_wavtolip.mp4,00021_id04490_G00MMIdUOTc_faceswap_id05434_wavtolip.mp4,FakeAVCeleb,FakeVideo-FakeAudio,AUDIO_VISUAL_MANIPULATION,1,1,3,id03897,Asian (South),women,21,id04490;id05434,faceswap,4,calibration
fac_286d869518a2,data/raw/fakeavceleb/FakeAVCeleb_v1.2/FakeAVCeleb_v1.2/FakeVideo-FakeAudio/Asian (South)/women/id03897/00021_id04490_G00MMIdUOTc_faceswap_id06254_wavtolip.mp4,00021_id04490_G00MMIdUOTc_faceswap_id06254_wavtolip.mp4,FakeAVCeleb,FakeVideo-FakeAudio,AUDIO_VISUAL_MANIPULATION,1,1,3,id03897,Asian (South),women,21,id04490;id06254,faceswap,4,calibration
fac_b3471cc2100d,data/raw/fakeavceleb/FakeAVCeleb_v1.2/FakeAVCeleb_v1.2/FakeVideo-FakeAudio/Asian (South)/women/id03897/00021_id04490_G00MMIdUOTc_id06439_wavtolip.mp4,00021_id04490_G00MMIdUOTc_id06439_wavtolip.mp4,FakeAVCeleb,FakeVideo-FakeAudio,AUDIO_VISUAL_MANIPULATION,1,1,3,id03897,Asian (South),women,21,id04490;id06439,wav2lip,4,calibration
fac_9bb5fc93021e,data/raw/fakeavceleb/FakeAVCeleb_v1.2/FakeAVCeleb_v1.2/FakeVideo-FakeAudio/Asian (South)/women/id03897/00021_id04529_S92uo-UShxE_id02619_wavtolip.mp4,00021_id04529_S92uo-UShxE_id02619_wavtolip.mp4,FakeAVCeleb,FakeVideo-FakeAudio,AUDIO_VISUAL_MANIPULATION,1,1,3,id03897,Asian (South),women,21,id04529;id02619,wav2lip,4,calibration
fac_81a295f13d1b,data/raw/fakeavceleb/FakeAVCeleb_v1.2/FakeAVCeleb_v1.2/FakeVideo-FakeAudio/Asian (South)/women/id03897/00021_id04564_wavtolip.mp4,00021_id04564_wavtolip.mp4,FakeAVCeleb,FakeVideo-FakeAudio,AUDIO_VISUAL_MANIPULATION,1,1,3,id03897,Asian (South),women,21,id04564,wav2lip,4,calibration
fac_d1aeca80122c,data/raw/fakeavceleb/FakeAVCeleb_v1.2/FakeAVCeleb_v1.2/FakeVideo-FakeAudio/Asian (South)/women/id03897/00021_id04582_wavtolip.mp4,00021_id04582_wavtolip.mp4,FakeAVCeleb,FakeVideo-FakeAudio,AUDIO_VISUAL_MANIPULATION,1,1,3,id03897,Asian (South),women,21,id04582,wav2lip,4,calibration
fac_ec83635336c8,data/raw/fakeavceleb/FakeAVCeleb_v1.2/FakeAVCeleb_v1.2/FakeVideo-FakeAudio/Asian (South)/women/id03897/00021_id04583_M10zZFjuAb0_id06438_wavtolip.mp4,00021_id04583_M10zZFjuAb0_id06438_wavtolip.mp4,FakeAVCeleb,FakeVideo-FakeAudio,AUDIO_VISUAL_MANIPULATION,1,1,3,id03897,Asian (South),women,21,id04583;id06438,wav2lip,4,calibration
fac_2a80dfd81b0a,data/raw/fakeavceleb/FakeAVCeleb_v1.2/FakeAVCeleb_v1.2/FakeVideo-FakeAudio/Asian (South)/women/id03897/00021_id05435_OvX-Jv_whcU_id04530_wavtolip.mp4,00021_id05435_OvX-Jv_whcU_id04530_wavtolip.mp4,FakeAVCeleb,FakeVideo-FakeAudio,AUDIO_VISUAL_MANIPULATION,1,1,3,id03897,Asian (South),women,21,id05435;id04530,wav2lip,4,calibration
fac_277594fabb16,data/raw/fakeavceleb/FakeAVCeleb_v1.2/FakeAVCeleb_v1.2/FakeVideo-FakeAudio/Asian (South)/women/id03897/00021_id06254_wavtolip.mp4,00021_id06254_wavtolip.mp4,FakeAVCeleb,FakeVideo-FakeAudio,AUDIO_VISUAL_MANIPULATION,1,1,3,id03897,Asian (South),women,21,id06254,wav2lip,4,calibration
fac_1bf6a1c2c589,data/raw/fakeavceleb/FakeAVCeleb_v1.2/FakeAVCeleb_v1.2/FakeVideo-FakeAudio/Asian (South)/women/id03897/00021_id06428_wavtolip.mp4,00021_id06428_wavtolip.mp4,FakeAVCeleb,FakeVideo-FakeAudio,AUDIO_VISUAL_MANIPULATION,1,1,3,id03897,Asian (South),women,21,id06428,wav2lip,4,calibration
fac_9c9f5e953bbc,data/raw/fakeavceleb/FakeAVCeleb_v1.2/FakeAVCeleb_v1.2/FakeVideo-FakeAudio/Asian (South)/women/id03897/00021_id07051_wavtolip.mp4,00021_id07051_wavtolip.mp4,FakeAVCeleb,FakeVideo-FakeAudio,AUDIO_VISUAL_MANIPULATION,1,1,3,id03897,Asian (South),women,21,id07051,wav2lip,4,calibration
fac_291aef8edbbc,data/raw/fakeavceleb/FakeAVCeleb_v1.2/FakeAVCeleb_v1.2/FakeVideo-FakeAudio/Asian (South)/women/id03897/00021_id07136_4e43eS5p3_M_id04583_wavtolip.mp4,00021_id07136_4e43eS5p3_M_id04583_wavtolip.mp4,FakeAVCeleb,FakeVideo-FakeAudio,AUDIO_VISUAL_MANIPULATION,1,1,3,id03897,Asian (South),women,21,id07136;id04583,wav2lip,4,calibration
fac_b68cd774f5c0,data/raw/fakeavceleb/FakeAVCeleb_v1.2/FakeAVCeleb_v1.2/FakeVideo-FakeAudio/Asian (South)/women/id03985/00005_id00080_wavtolip.mp4,00005_id00080_wavtolip.mp4,FakeAVCeleb,FakeVideo-FakeAudio,AUDIO_VISUAL_MANIPULATION,1,1,3,id03985,Asian (South),women,5,id00080,wav2lip,4,calibration
fac_9d5e8ff76b41,data/raw/fakeavceleb/FakeAVCeleb_v1.2/FakeAVCeleb_v1.2/FakeVideo-FakeAudio/Asian (South)/women/id03985/00005_id00149_s2evR-nUhVY_id06438_wavtolip.mp4,00005_id00149_s2evR-nUhVY_id06438_wavtolip.mp4,FakeAVCeleb,FakeVideo-FakeAudio,AUDIO_VISUAL_MANIPULATION,1,1,3,id03985,Asian (South),women,5,id00149;id06438,wav2lip,4,calibration
fac_3f9162a7177e,data/raw/fakeavceleb/FakeAVCeleb_v1.2/FakeAVCeleb_v1.2/FakeVideo-FakeAudio/Asian (South)/women/id03985/00005_id01026_rM4ZERt7oM0_id04490_wavtolip.mp4,00005_id01026_rM4ZERt7oM0_id04490_wavtolip.mp4,FakeAVCeleb,FakeVideo-FakeAudio,AUDIO_VISUAL_MANIPULATION,1,1,3,id03985,Asian (South),women,5,id01026;id04490,wav2lip,4,calibration
fac_cbd4ce3b0e97,data/raw/fakeavceleb/FakeAVCeleb_v1.2/FakeAVCeleb_v1.2/FakeVideo-FakeAudio/Asian (South)/women/id03985/00005_id02619_wavtolip.mp4,00005_id02619_wavtolip.mp4,FakeAVCeleb,FakeVideo-FakeAudio,AUDIO_VISUAL_MANIPULATION,1,1,3,id03985,Asian (South),women,5,id02619,wav2lip,4,calibration
fac_6e9f33d097ac,data/raw/fakeavceleb/FakeAVCeleb_v1.2/FakeAVCeleb_v1.2/FakeVideo-FakeAudio/Asian (South)/women/id03985/00005_id04070_wavtolip.mp4,00005_id04070_wavtolip.mp4,FakeAVCeleb,FakeVideo-FakeAudio,AUDIO_VISUAL_MANIPULATION,1,1,3,id03985,Asian (South),women,5,id04070,wav2lip,4,calibration
fac_f66923622988,data/raw/fakeavceleb/FakeAVCeleb_v1.2/FakeAVCeleb_v1.2/FakeVideo-FakeAudio/Asian (South)/women/id03985/00005_id04490_wavtolip.mp4,00005_id04490_wavtolip.mp4,FakeAVCeleb,FakeVideo-FakeAudio,AUDIO_VISUAL_MANIPULATION,1,1,3,id03985,Asian (South),women,5,id04490,wav2lip,4,calibration
fac_f316ff1bb2b1,data/raw/fakeavceleb/FakeAVCeleb_v1.2/FakeAVCeleb_v1.2/FakeVideo-FakeAudio/Asian (South)/women/id03985/00005_id04529_S92uo-UShxE_id03815_wavtolip.mp4,00005_id04529_S92uo-UShxE_id03815_wavtolip.mp4,FakeAVCeleb,FakeVideo-FakeAudio,AUDIO_VISUAL_MANIPULATION,1,1,3,id03985,Asian (South),women,5,id04529;id03815,wav2lip,4,calibration
fac_a08c0f5dfefe,data/raw/fakeavceleb/FakeAVCeleb_v1.2/FakeAVCeleb_v1.2/FakeVideo-FakeAudio/Asian (South)/women/id03985/00005_id04530_W5-PTTL9HzU_id06438_wavtolip.mp4,00005_id04530_W5-PTTL9HzU_id06438_wavtolip.mp4,FakeAVCeleb,FakeVideo-FakeAudio,AUDIO_VISUAL_MANIPULATION,1,1,3,id03985,Asian (South),women,5,id04530;id06438,wav2lip,4,calibration
fac_842efc9b1170,data/raw/fakeavceleb/FakeAVCeleb_v1.2/FakeAVCeleb_v1.2/FakeVideo-FakeAudio/Asian (South)/women/id03985/00005_id04564_wavtolip.mp4,00005_id04564_wavtolip.mp4,FakeAVCeleb,FakeVideo-FakeAudio,AUDIO_VISUAL_MANIPULATION,1,1,3,id03985,Asian (South),women,5,id04564,wav2lip,4,calibration
fac_4bf645059806,data/raw/fakeavceleb/FakeAVCeleb_v1.2/FakeAVCeleb_v1.2/FakeVideo-FakeAudio/Asian (South)/women/id03985/00005_id04583_wavtolip.mp4,00005_id04583_wavtolip.mp4,FakeAVCeleb,FakeVideo-FakeAudio,AUDIO_VISUAL_MANIPULATION,1,1,3,id03985,Asian (South),women,5,id04583,wav2lip,4,calibration
fac_40747e2a9136,data/raw/fakeavceleb/FakeAVCeleb_v1.2/FakeAVCeleb_v1.2/FakeVideo-FakeAudio/Asian (South)/women/id03985/00005_id04927_wavtolip.mp4,00005_id04927_wavtolip.mp4,FakeAVCeleb,FakeVideo-FakeAudio,AUDIO_VISUAL_MANIPULATION,1,1,3,id03985,Asian (South),women,5,id04927,wav2lip,4,calibration
fac_9233c12d7356,data/raw/fakeavceleb/FakeAVCeleb_v1.2/FakeAVCeleb_v1.2/FakeVideo-FakeAudio/Asian (South)/women/id03985/00005_id05845_wavtolip.mp4,00005_id05845_wavtolip.mp4,FakeAVCeleb,FakeVideo-FakeAudio,AUDIO_VISUAL_MANIPULATION,1,1,3,id03985,Asian (South),women,5,id05845,wav2lip,4,calibration
fac_5b9af02a7740,data/raw/fakeavceleb/FakeAVCeleb_v1.2/FakeAVCeleb_v1.2/FakeVideo-FakeAudio/Asian (South)/women/id03985/00005_id06428_A9nvRKd1afA_id04582_wavtolip.mp4,00005_id06428_A9nvRKd1afA_id04582_wavtolip.mp4,FakeAVCeleb,FakeVideo-FakeAudio,AUDIO_VISUAL_MANIPULATION,1,1,3,id03985,Asian (South),women,5,id06428;id04582,wav2lip,4,calibration
fac_4c7fa031f349,data/raw/fakeavceleb/FakeAVCeleb_v1.2/FakeAVCeleb_v1.2/FakeVideo-FakeAudio/Asian (South)/women/id03985/00005_id06438_wavtolip.mp4,00005_id06438_wavtolip.mp4,FakeAVCeleb,FakeVideo-FakeAudio,AUDIO_VISUAL_MANIPULATION,1,1,3,id03985,Asian (South),women,5,id06438,wav2lip,4,calibration
fac_9c067ddf9e2a,data/raw/fakeavceleb/FakeAVCeleb_v1.2/FakeAVCeleb_v1.2/FakeVideo-FakeAudio/Asian (South)/women/id03985/00005_id07051_d1c0Pl2aP_4_id05845_wavtolip.mp4,00005_id07051_d1c0Pl2aP_4_id05845_wavtolip.mp4,FakeAVCeleb,FakeVideo-FakeAudio,AUDIO_VISUAL_MANIPULATION,1,1,3,id03985,Asian (South),women,5,id07051;id05845,wav2lip,4,calibration
fac_3a6927ad8743,data/raw/fakeavceleb/FakeAVCeleb_v1.2/FakeAVCeleb_v1.2/FakeVideo-FakeAudio/Asian (South)/women/id03985/00005_id07051_wavtolip.mp4,00005_id07051_wavtolip.mp4,FakeAVCeleb,FakeVideo-FakeAudio,AUDIO_VISUAL_MANIPULATION,1,1,3,id03985,Asian (South),women,5,id07051,wav2lip,4,calibration
fac_afb7b8749afa,data/raw/fakeavceleb/FakeAVCeleb_v1.2/FakeAVCeleb_v1.2/FakeVideo-FakeAudio/Asian (South)/women/id03985/00005_id07377_FGNavKcGANA_id00235_wavtolip.mp4,00005_id07377_FGNavKcGANA_id00235_wavtolip.mp4,FakeAVCeleb,FakeVideo-FakeAudio,AUDIO_VISUAL_MANIPULATION,1,1,3,id03985,Asian (South),women,5,id07377;id00235,wav2lip,4,calibration
fac_de8a1ff846e0,data/raw/fakeavceleb/FakeAVCeleb_v1.2/FakeAVCeleb_v1.2/FakeVideo-FakeAudio/Asian (South)/women/id03985/00005_id07686_lwSGz24c1Bs_faceswap_id00149_wavtolip.mp4,00005_id07686_lwSGz24c1Bs_faceswap_id00149_wavtolip.mp4,FakeAVCeleb,FakeVideo-FakeAudio,AUDIO_VISUAL_MANIPULATION,1,1,3,id03985,Asian (South),women,5,id07686;id00149,faceswap,4,calibration
fac_220489dd32f4,data/raw/fakeavceleb/FakeAVCeleb_v1.2/FakeAVCeleb_v1.2/FakeVideo-FakeAudio/Asian (South)/women/id03985/00005_id07686_lwSGz24c1Bs_faceswap_id01026_wavtolip.mp4,00005_id07686_lwSGz24c1Bs_faceswap_id01026_wavtolip.mp4,FakeAVCeleb,FakeVideo-FakeAudio,AUDIO_VISUAL_MANIPULATION,1,1,3,id03985,Asian (South),women,5,id07686;id01026,faceswap,4,calibration
fac_42fa269d3507,data/raw/fakeavceleb/FakeAVCeleb_v1.2/FakeAVCeleb_v1.2/FakeVideo-FakeAudio/Asian (South)/women/id03985/00005_id07686_lwSGz24c1Bs_faceswap_id07049_wavtolip.mp4,00005_id07686_lwSGz24c1Bs_faceswap_id07049_wavtolip.mp4,FakeAVCeleb,FakeVideo-FakeAudio,AUDIO_VISUAL_MANIPULATION,1,1,3,id03985,Asian (South),women,5,id07686;id07049,faceswap,4,calibration
fac_bd806ce1b65f,data/raw/fakeavceleb/FakeAVCeleb_v1.2/FakeAVCeleb_v1.2/FakeVideo-FakeAudio/Asian (South)/women/id03985/00005_id07686_lwSGz24c1Bs_faceswap_id07689_wavtolip.mp4,00005_id07686_lwSGz24c1Bs_faceswap_id07689_wavtolip.mp4,FakeAVCeleb,FakeVideo-FakeAudio,AUDIO_VISUAL_MANIPULATION,1,1,3,id03985,Asian (South),women,5,id07686;id07689,faceswap,4,calibration
fac_d0c09e816c3d,data/raw/fakeavceleb/FakeAVCeleb_v1.2/FakeAVCeleb_v1.2/FakeVideo-FakeAudio/Asian (South)/women/id03985/00005_id07686_lwSGz24c1Bs_id04070_wavtolip.mp4,00005_id07686_lwSGz24c1Bs_id04070_wavtolip.mp4,FakeAVCeleb,FakeVideo-FakeAudio,AUDIO_VISUAL_MANIPULATION,1,1,3,id03985,Asian (South),women,5,id07686;id04070,wav2lip,4,calibration
fac_43a329acda5c,data/raw/fakeavceleb/FakeAVCeleb_v1.2/FakeAVCeleb_v1.2/FakeVideo-FakeAudio/Asian (South)/women/id04070/00072_id01026_wavtolip.mp4,00072_id01026_wavtolip.mp4,FakeAVCeleb,FakeVideo-FakeAudio,AUDIO_VISUAL_MANIPULATION,1,1,3,id04070,Asian (South),women,72,id01026,wav2lip,4,calibration
fac_3171a49df198,data/raw/fakeavceleb/FakeAVCeleb_v1.2/FakeAVCeleb_v1.2/FakeVideo-FakeAudio/Asian (South)/women/id04070/00072_id02310_wavtolip.mp4,00072_id02310_wavtolip.mp4,FakeAVCeleb,FakeVideo-FakeAudio,AUDIO_VISUAL_MANIPULATION,1,1,3,id04070,Asian (South),women,72,id02310,wav2lip,4,calibration
fac_8cb343ddad49,data/raw/fakeavceleb/FakeAVCeleb_v1.2/FakeAVCeleb_v1.2/FakeVideo-FakeAudio/Asian (South)/women/id04070/00072_id02310_zA-8Pw0SvZg_id04583_wavtolip.mp4,00072_id02310_zA-8Pw0SvZg_id04583_wavtolip.mp4,FakeAVCeleb,FakeVideo-FakeAudio,AUDIO_VISUAL_MANIPULATION,1,1,3,id04070,Asian (South),women,72,id02310;id04583,wav2lip,4,calibration
fac_392848b945ca,data/raw/fakeavceleb/FakeAVCeleb_v1.2/FakeAVCeleb_v1.2/FakeVideo-FakeAudio/Asian (South)/women/id04070/00072_id03559_wavtolip.mp4,00072_id03559_wavtolip.mp4,FakeAVCeleb,FakeVideo-FakeAudio,AUDIO_VISUAL_MANIPULATION,1,1,3,id04070,Asian (South),women,72,id03559,wav2lip,4,calibration
fac_b2d1f229a792,data/raw/fakeavceleb/FakeAVCeleb_v1.2/FakeAVCeleb_v1.2/FakeVideo-FakeAudio/Asian (South)/women/id04070/00072_id03897_wavtolip.mp4,00072_id03897_wavtolip.mp4,FakeAVCeleb,FakeVideo-FakeAudio,AUDIO_VISUAL_MANIPULATION,1,1,3,id04070,Asian (South),women,72,id03897,wav2lip,4,calibration
fac_3b5f302ac99a,data/raw/fakeavceleb/FakeAVCeleb_v1.2/FakeAVCeleb_v1.2/FakeVideo-FakeAudio/Asian (South)/women/id04070/00072_id04070_wavtolip.mp4,00072_id04070_wavtolip.mp4,FakeAVCeleb,FakeVideo-FakeAudio,AUDIO_VISUAL_MANIPULATION,1,1,3,id04070,Asian (South),women,72,id04070,wav2lip,4,calibration
fac_f9d711170ae9,data/raw/fakeavceleb/FakeAVCeleb_v1.2/FakeAVCeleb_v1.2/FakeVideo-FakeAudio/Asian (South)/women/id04070/00072_id04927_wavtolip.mp4,00072_id04927_wavtolip.mp4,FakeAVCeleb,FakeVideo-FakeAudio,AUDIO_VISUAL_MANIPULATION,1,1,3,id04070,Asian (South),women,72,id04927,wav2lip,4,calibration
fac_d84e6fdd7e63,data/raw/fakeavceleb/FakeAVCeleb_v1.2/FakeAVCeleb_v1.2/FakeVideo-FakeAudio/Asian (South)/women/id04070/00072_id05920_LuLTJu54joo_id03985_wavtolip.mp4,00072_id05920_LuLTJu54joo_id03985_wavtolip.mp4,FakeAVCeleb,FakeVideo-FakeAudio,AUDIO_VISUAL_MANIPULATION,1,1,3,id04070,Asian (South),women,72,id05920;id03985,wav2lip,4,calibration
fac_7d9677df5b67,data/raw/fakeavceleb/FakeAVCeleb_v1.2/FakeAVCeleb_v1.2/FakeVideo-FakeAudio/Asian (South)/women/id04070/00072_id05931_wavtolip.mp4,00072_id05931_wavtolip.mp4,FakeAVCeleb,FakeVideo-FakeAudio,AUDIO_VISUAL_MANIPULATION,1,1,3,id04070,Asian (South),women,72,id05931,wav2lip,4,calibration
fac_1eaca4177435,data/raw/fakeavceleb/FakeAVCeleb_v1.2/FakeAVCeleb_v1.2/FakeVideo-FakeAudio/Asian (South)/women/id04070/00072_id06254_8VSfI86Fua4_id03897_wavtolip.mp4,00072_id06254_8VSfI86Fua4_id03897_wavtolip.mp4,FakeAVCeleb,FakeVideo-FakeAudio,AUDIO_VISUAL_MANIPULATION,1,1,3,id04070,Asian (South),women,72,id06254;id03897,wav2lip,4,calibration
fac_70c7e98db924,data/raw/fakeavceleb/FakeAVCeleb_v1.2/FakeAVCeleb_v1.2/FakeVideo-FakeAudio/Asian (South)/women/id04070/00072_id06343__Tf30YR4M3w_id00739_wavtolip.mp4,00072_id06343__Tf30YR4M3w_id00739_wavtolip.mp4,FakeAVCeleb,FakeVideo-FakeAudio,AUDIO_VISUAL_MANIPULATION,1,1,3,id04070,Asian (South),women,72,id06343;id00739,wav2lip,4,calibration
fac_e5386e658658,data/raw/fakeavceleb/FakeAVCeleb_v1.2/FakeAVCeleb_v1.2/FakeVideo-FakeAudio/Asian (South)/women/id04070/00072_id06428_A9nvRKd1afA_id06254_wavtolip.mp4,00072_id06428_A9nvRKd1afA_id06254_wavtolip.mp4,FakeAVCeleb,FakeVideo-FakeAudio,AUDIO_VISUAL_MANIPULATION,1,1,3,id04070,Asian (South),women,72,id06428;id06254,wav2lip,4,calibration
fac_9702c07440af,data/raw/fakeavceleb/FakeAVCeleb_v1.2/FakeAVCeleb_v1.2/FakeVideo-FakeAudio/Asian (South)/women/id04070/00072_id06752_PYYIloTJiH0_id07049_wavtolip.mp4,00072_id06752_PYYIloTJiH0_id07049_wavtolip.mp4,FakeAVCeleb,FakeVideo-FakeAudio,AUDIO_VISUAL_MANIPULATION,1,1,3,id04070,Asian (South),women,72,id06752;id07049,wav2lip,4,calibration
fac_53a4050fafe8,data/raw/fakeavceleb/FakeAVCeleb_v1.2/FakeAVCeleb_v1.2/FakeVideo-FakeAudio/Asian (South)/women/id04070/00072_id07008_wavtolip.mp4,00072_id07008_wavtolip.mp4,FakeAVCeleb,FakeVideo-FakeAudio,AUDIO_VISUAL_MANIPULATION,1,1,3,id04070,Asian (South),women,72,id07008,wav2lip,4,calibration
fac_f56678f63172,data/raw/fakeavceleb/FakeAVCeleb_v1.2/FakeAVCeleb_v1.2/FakeVideo-FakeAudio/Asian (South)/women/id04070/00072_id07051_wavtolip.mp4,00072_id07051_wavtolip.mp4,FakeAVCeleb,FakeVideo-FakeAudio,AUDIO_VISUAL_MANIPULATION,1,1,3,id04070,Asian (South),women,72,id07051,wav2lip,4,calibration
fac_6c4d4b81b861,data/raw/fakeavceleb/FakeAVCeleb_v1.2/FakeAVCeleb_v1.2/FakeVideo-FakeAudio/Asian (South)/women/id04070/00072_id07078_sLVbTD3Dtgw_faceswap_id00488_wavtolip.mp4,00072_id07078_sLVbTD3Dtgw_faceswap_id00488_wavtolip.mp4,FakeAVCeleb,FakeVideo-FakeAudio,AUDIO_VISUAL_MANIPULATION,1,1,3,id04070,Asian (South),women,72,id07078;id00488,faceswap,4,calibration
fac_9657b928f0a7,data/raw/fakeavceleb/FakeAVCeleb_v1.2/FakeAVCeleb_v1.2/FakeVideo-FakeAudio/Asian (South)/women/id04070/00072_id07078_sLVbTD3Dtgw_faceswap_id03815_wavtolip.mp4,00072_id07078_sLVbTD3Dtgw_faceswap_id03815_wavtolip.mp4,FakeAVCeleb,FakeVideo-FakeAudio,AUDIO_VISUAL_MANIPULATION,1,1,3,id04070,Asian (South),women,72,id07078;id03815,faceswap,4,calibration
fac_dd53866617b1,data/raw/fakeavceleb/FakeAVCeleb_v1.2/FakeAVCeleb_v1.2/FakeVideo-FakeAudio/Asian (South)/women/id04070/00072_id07078_sLVbTD3Dtgw_faceswap_id06428_wavtolip.mp4,00072_id07078_sLVbTD3Dtgw_faceswap_id06428_wavtolip.mp4,FakeAVCeleb,FakeVideo-FakeAudio,AUDIO_VISUAL_MANIPULATION,1,1,3,id04070,Asian (South),women,72,id07078;id06428,faceswap,4,calibration
fac_e743e8584e3c,data/raw/fakeavceleb/FakeAVCeleb_v1.2/FakeAVCeleb_v1.2/FakeVideo-FakeAudio/Asian (South)/women/id04070/00072_id07078_sLVbTD3Dtgw_faceswap_id07377_wavtolip.mp4,00072_id07078_sLVbTD3Dtgw_faceswap_id07377_wavtolip.mp4,FakeAVCeleb,FakeVideo-FakeAudio,AUDIO_VISUAL_MANIPULATION,1,1,3,id04070,Asian (South),women,72,id07078;id07377,faceswap,4,calibration
fac_bcb8f2d42e5d,data/raw/fakeavceleb/FakeAVCeleb_v1.2/FakeAVCeleb_v1.2/FakeVideo-FakeAudio/Asian (South)/women/id04070/00072_id07078_sLVbTD3Dtgw_id06343_wavtolip.mp4,00072_id07078_sLVbTD3Dtgw_id06343_wavtolip.mp4,FakeAVCeleb,FakeVideo-FakeAudio,AUDIO_VISUAL_MANIPULATION,1,1,3,id04070,Asian (South),women,72,id07078;id06343,wav2lip,4,calibration
fac_b84f5d605022,data/raw/fakeavceleb/FakeAVCeleb_v1.2/FakeAVCeleb_v1.2/FakeVideo-FakeAudio/Asian (South)/women/id04070/00072_id07236_wavtolip.mp4,00072_id07236_wavtolip.mp4,FakeAVCeleb,FakeVideo-FakeAudio,AUDIO_VISUAL_MANIPULATION,1,1,3,id04070,Asian (South),women,72,id07236,wav2lip,4,calibration
fac_75ac34a80954,data/raw/fakeavceleb/FakeAVCeleb_v1.2/FakeAVCeleb_v1.2/FakeVideo-FakeAudio/Asian (South)/women/id04490/00054_id00149_wavtolip.mp4,00054_id00149_wavtolip.mp4,FakeAVCeleb,FakeVideo-FakeAudio,AUDIO_VISUAL_MANIPULATION,1,1,3,id04490,Asian (South),women,54,id00149,wav2lip,4,calibration
fac_32da15a2072b,data/raw/fakeavceleb/FakeAVCeleb_v1.2/FakeAVCeleb_v1.2/FakeVideo-FakeAudio/Asian (South)/women/id04490/00054_id00461_Ort9NW3SJU4_id04564_wavtolip.mp4,00054_id00461_Ort9NW3SJU4_id04564_wavtolip.mp4,FakeAVCeleb,FakeVideo-FakeAudio,AUDIO_VISUAL_MANIPULATION,1,1,3,id04490,Asian (South),women,54,id00461;id04564,wav2lip,4,calibration
fac_cef937437b7e,data/raw/fakeavceleb/FakeAVCeleb_v1.2/FakeAVCeleb_v1.2/FakeVideo-FakeAudio/Asian (South)/women/id04490/00054_id00739_CT-6UmfLiU0_id06439_wavtolip.mp4,00054_id00739_CT-6UmfLiU0_id06439_wavtolip.mp4,FakeAVCeleb,FakeVideo-FakeAudio,AUDIO_VISUAL_MANIPULATION,1,1,3,id04490,Asian (South),women,54,id00739;id06439,wav2lip,4,calibration
fac_0a2e3976aa64,data/raw/fakeavceleb/FakeAVCeleb_v1.2/FakeAVCeleb_v1.2/FakeVideo-FakeAudio/Asian (South)/women/id04490/00054_id02089_wavtolip.mp4,00054_id02089_wavtolip.mp4,FakeAVCeleb,FakeVideo-FakeAudio,AUDIO_VISUAL_MANIPULATION,1,1,3,id04490,Asian (South),women,54,id02089,wav2lip,4,calibration
fac_89d3698b5167,data/raw/fakeavceleb/FakeAVCeleb_v1.2/FakeAVCeleb_v1.2/FakeVideo-FakeAudio/Asian (South)/women/id04490/00054_id02619_wavtolip.mp4,00054_id02619_wavtolip.mp4,FakeAVCeleb,FakeVideo-FakeAudio,AUDIO_VISUAL_MANIPULATION,1,1,3,id04490,Asian (South),women,54,id02619,wav2lip,4,calibration
fac_58e686aaee43,data/raw/fakeavceleb/FakeAVCeleb_v1.2/FakeAVCeleb_v1.2/FakeVideo-FakeAudio/Asian (South)/women/id04490/00054_id03897_bOGItcSqK1s_faceswap_id02619_wavtolip.mp4,00054_id03897_bOGItcSqK1s_faceswap_id02619_wavtolip.mp4,FakeAVCeleb,FakeVideo-FakeAudio,AUDIO_VISUAL_MANIPULATION,1,1,3,id04490,Asian (South),women,54,id03897;id02619,faceswap,4,calibration
fac_2e49af6d8850,data/raw/fakeavceleb/FakeAVCeleb_v1.2/FakeAVCeleb_v1.2/FakeVideo-FakeAudio/Asian (South)/women/id04490/00054_id03897_bOGItcSqK1s_faceswap_id03897_wavtolip.mp4,00054_id03897_bOGItcSqK1s_faceswap_id03897_wavtolip.mp4,FakeAVCeleb,FakeVideo-FakeAudio,AUDIO_VISUAL_MANIPULATION,1,1,3,id04490,Asian (South),women,54,id03897;id03897,faceswap,4,calibration
fac_11177b1a2206,data/raw/fakeavceleb/FakeAVCeleb_v1.2/FakeAVCeleb_v1.2/FakeVideo-FakeAudio/Asian (South)/women/id04490/00054_id03897_bOGItcSqK1s_faceswap_id03985_wavtolip.mp4,00054_id03897_bOGItcSqK1s_faceswap_id03985_wavtolip.mp4,FakeAVCeleb,FakeVideo-FakeAudio,AUDIO_VISUAL_MANIPULATION,1,1,3,id04490,Asian (South),women,54,id03897;id03985,faceswap,4,calibration
fac_804a853b6586,data/raw/fakeavceleb/FakeAVCeleb_v1.2/FakeAVCeleb_v1.2/FakeVideo-FakeAudio/Asian (South)/women/id04490/00054_id03897_bOGItcSqK1s_faceswap_id05931_wavtolip.mp4,00054_id03897_bOGItcSqK1s_faceswap_id05931_wavtolip.mp4,FakeAVCeleb,FakeVideo-FakeAudio,AUDIO_VISUAL_MANIPULATION,1,1,3,id04490,Asian (South),women,54,id03897;id05931,faceswap,4,calibration
fac_74de10792fe0,data/raw/fakeavceleb/FakeAVCeleb_v1.2/FakeAVCeleb_v1.2/FakeVideo-FakeAudio/Asian (South)/women/id04490/00054_id03897_bOGItcSqK1s_faceswap_id06752_wavtolip.mp4,00054_id03897_bOGItcSqK1s_faceswap_id06752_wavtolip.mp4,FakeAVCeleb,FakeVideo-FakeAudio,AUDIO_VISUAL_MANIPULATION,1,1,3,id04490,Asian (South),women,54,id03897;id06752,faceswap,4,calibration
fac_58948485f5e8,data/raw/fakeavceleb/FakeAVCeleb_v1.2/FakeAVCeleb_v1.2/FakeVideo-FakeAudio/Asian (South)/women/id04490/00054_id03897_bOGItcSqK1s_id07686_wavtolip.mp4,00054_id03897_bOGItcSqK1s_id07686_wavtolip.mp4,FakeAVCeleb,FakeVideo-FakeAudio,AUDIO_VISUAL_MANIPULATION,1,1,3,id04490,Asian (South),women,54,id03897;id07686,wav2lip,4,calibration
fac_eb60ba1ae436,data/raw/fakeavceleb/FakeAVCeleb_v1.2/FakeAVCeleb_v1.2/FakeVideo-FakeAudio/Asian (South)/women/id04490/00054_id03985_wavtolip.mp4,00054_id03985_wavtolip.mp4,FakeAVCeleb,FakeVideo-FakeAudio,AUDIO_VISUAL_MANIPULATION,1,1,3,id04490,Asian (South),women,54,id03985,wav2lip,4,calibration
fac_a6d664c229e6,data/raw/fakeavceleb/FakeAVCeleb_v1.2/FakeAVCeleb_v1.2/FakeVideo-FakeAudio/Asian (South)/women/id04490/00054_id04582_wavtolip.mp4,00054_id04582_wavtolip.mp4,FakeAVCeleb,FakeVideo-FakeAudio,AUDIO_VISUAL_MANIPULATION,1,1,3,id04490,Asian (South),women,54,id04582,wav2lip,4,calibration
fac_633a4dcc2876,data/raw/fakeavceleb/FakeAVCeleb_v1.2/FakeAVCeleb_v1.2/FakeVideo-FakeAudio/Asian (South)/women/id04490/00054_id04583_M10zZFjuAb0_id06437_wavtolip.mp4,00054_id04583_M10zZFjuAb0_id06437_wavtolip.mp4,FakeAVCeleb,FakeVideo-FakeAudio,AUDIO_VISUAL_MANIPULATION,1,1,3,id04490,Asian (South),women,54,id04583;id06437,wav2lip,4,calibration
fac_1152dc594b72,data/raw/fakeavceleb/FakeAVCeleb_v1.2/FakeAVCeleb_v1.2/FakeVideo-FakeAudio/Asian (South)/women/id04490/00054_id04583_wavtolip.mp4,00054_id04583_wavtolip.mp4,FakeAVCeleb,FakeVideo-FakeAudio,AUDIO_VISUAL_MANIPULATION,1,1,3,id04490,Asian (South),women,54,id04583,wav2lip,4,calibration
fac_d54a5c64dd4a,data/raw/fakeavceleb/FakeAVCeleb_v1.2/FakeAVCeleb_v1.2/FakeVideo-FakeAudio/Asian (South)/women/id04490/00054_id05435_OvX-Jv_whcU_id06268_wavtolip.mp4,00054_id05435_OvX-Jv_whcU_id06268_wavtolip.mp4,FakeAVCeleb,FakeVideo-FakeAudio,AUDIO_VISUAL_MANIPULATION,1,1,3,id04490,Asian (South),women,54,id05435;id06268,wav2lip,4,calibration
fac_63af2c267310,data/raw/fakeavceleb/FakeAVCeleb_v1.2/FakeAVCeleb_v1.2/FakeVideo-FakeAudio/Asian (South)/women/id04490/00054_id06232_wavtolip.mp4,00054_id06232_wavtolip.mp4,FakeAVCeleb,FakeVideo-FakeAudio,AUDIO_VISUAL_MANIPULATION,1,1,3,id04490,Asian (South),women,54,id06232,wav2lip,4,calibration
fac_a8ca2c7bb210,data/raw/fakeavceleb/FakeAVCeleb_v1.2/FakeAVCeleb_v1.2/FakeVideo-FakeAudio/Asian (South)/women/id04490/00054_id06254_wavtolip.mp4,00054_id06254_wavtolip.mp4,FakeAVCeleb,FakeVideo-FakeAudio,AUDIO_VISUAL_MANIPULATION,1,1,3,id04490,Asian (South),women,54,id06254,wav2lip,4,calibration
fac_ccc8f6e73537,data/raw/fakeavceleb/FakeAVCeleb_v1.2/FakeAVCeleb_v1.2/FakeVideo-FakeAudio/Asian (South)/women/id04490/00054_id06437_3BZvvzBhj8s_id05931_wavtolip.mp4,00054_id06437_3BZvvzBhj8s_id05931_wavtolip.mp4,FakeAVCeleb,FakeVideo-FakeAudio,AUDIO_VISUAL_MANIPULATION,1,1,3,id04490,Asian (South),women,54,id06437;id05931,wav2lip,4,calibration
fac_056e00e65d40,data/raw/fakeavceleb/FakeAVCeleb_v1.2/FakeAVCeleb_v1.2/FakeVideo-FakeAudio/Asian (South)/women/id04490/00054_id06438_wavtolip.mp4,00054_id06438_wavtolip.mp4,FakeAVCeleb,FakeVideo-FakeAudio,AUDIO_VISUAL_MANIPULATION,1,1,3,id04490,Asian (South),women,54,id06438,wav2lip,4,calibration
fac_40db59cb9659,data/raw/fakeavceleb/FakeAVCeleb_v1.2/FakeAVCeleb_v1.2/FakeVideo-FakeAudio/Asian (South)/women/id04490/00054_id06752_PYYIloTJiH0_id04529_wavtolip.mp4,00054_id06752_PYYIloTJiH0_id04529_wavtolip.mp4,FakeAVCeleb,FakeVideo-FakeAudio,AUDIO_VISUAL_MANIPULATION,1,1,3,id04490,Asian (South),women,54,id06752;id04529,wav2lip,4,calibration
fac_c39e2232667c,data/raw/fakeavceleb/FakeAVCeleb_v1.2/FakeAVCeleb_v1.2/FakeVideo-FakeAudio/Asian (South)/women/id04490/00054_id07049_wavtolip.mp4,00054_id07049_wavtolip.mp4,FakeAVCeleb,FakeVideo-FakeAudio,AUDIO_VISUAL_MANIPULATION,1,1,3,id04490,Asian (South),women,54,id07049,wav2lip,4,calibration
fac_8a4e9573db9d,data/raw/fakeavceleb/FakeAVCeleb_v1.2/FakeAVCeleb_v1.2/FakeVideo-FakeAudio/Asian (South)/women/id04490/00054_id07136_4e43eS5p3_M_id06438_wavtolip.mp4,00054_id07136_4e43eS5p3_M_id06438_wavtolip.mp4,FakeAVCeleb,FakeVideo-FakeAudio,AUDIO_VISUAL_MANIPULATION,1,1,3,id04490,Asian (South),women,54,id07136;id06438,wav2lip,4,calibration
fac_ef0a6719a7cb,data/raw/fakeavceleb/FakeAVCeleb_v1.2/FakeAVCeleb_v1.2/FakeVideo-FakeAudio/Asian (South)/women/id04529/00186_id00043_DxY87QyzDN8_id06268_wavtolip.mp4,00186_id00043_DxY87QyzDN8_id06268_wavtolip.mp4,FakeAVCeleb,FakeVideo-FakeAudio,AUDIO_VISUAL_MANIPULATION,1,1,3,id04529,Asian (South),women,186,id00043;id06268,wav2lip,4,calibration
fac_6c90df902766,data/raw/fakeavceleb/FakeAVCeleb_v1.2/FakeAVCeleb_v1.2/FakeVideo-FakeAudio/Asian (South)/women/id04529/00186_id01026_rM4ZERt7oM0_faceswap_id00235_wavtolip.mp4,00186_id01026_rM4ZERt7oM0_faceswap_id00235_wavtolip.mp4,FakeAVCeleb,FakeVideo-FakeAudio,AUDIO_VISUAL_MANIPULATION,1,1,3,id04529,Asian (South),women,186,id01026;id00235,faceswap,4,calibration
fac_6c11394632a6,data/raw/fakeavceleb/FakeAVCeleb_v1.2/FakeAVCeleb_v1.2/FakeVideo-FakeAudio/Asian (South)/women/id04529/00186_id01026_rM4ZERt7oM0_faceswap_id00739_wavtolip.mp4,00186_id01026_rM4ZERt7oM0_faceswap_id00739_wavtolip.mp4,FakeAVCeleb,FakeVideo-FakeAudio,AUDIO_VISUAL_MANIPULATION,1,1,3,id04529,Asian (South),women,186,id01026;id00739,faceswap,4,calibration
fac_4cd14584062f,data/raw/fakeavceleb/FakeAVCeleb_v1.2/FakeAVCeleb_v1.2/FakeVideo-FakeAudio/Asian (South)/women/id04529/00186_id01026_rM4ZERt7oM0_faceswap_id06268_wavtolip.mp4,00186_id01026_rM4ZERt7oM0_faceswap_id06268_wavtolip.mp4,FakeAVCeleb,FakeVideo-FakeAudio,AUDIO_VISUAL_MANIPULATION,1,1,3,id04529,Asian (South),women,186,id01026;id06268,faceswap,4,calibration
fac_ac1ef5d93b5e,data/raw/fakeavceleb/FakeAVCeleb_v1.2/FakeAVCeleb_v1.2/FakeVideo-FakeAudio/Asian (South)/women/id04529/00186_id01026_rM4ZERt7oM0_faceswap_id07049_wavtolip.mp4,00186_id01026_rM4ZERt7oM0_faceswap_id07049_wavtolip.mp4,FakeAVCeleb,FakeVideo-FakeAudio,AUDIO_VISUAL_MANIPULATION,1,1,3,id04529,Asian (South),women,186,id01026;id07049,faceswap,4,calibration
fac_647db79656c5,data/raw/fakeavceleb/FakeAVCeleb_v1.2/FakeAVCeleb_v1.2/FakeVideo-FakeAudio/Asian (South)/women/id04529/00186_id01026_rM4ZERt7oM0_faceswap_id07377_wavtolip.mp4,00186_id01026_rM4ZERt7oM0_faceswap_id07377_wavtolip.mp4,FakeAVCeleb,FakeVideo-FakeAudio,AUDIO_VISUAL_MANIPULATION,1,1,3,id04529,Asian (South),women,186,id01026;id07377,faceswap,4,calibration
fac_ad439d57394c,data/raw/fakeavceleb/FakeAVCeleb_v1.2/FakeAVCeleb_v1.2/FakeVideo-FakeAudio/Asian (South)/women/id04529/00186_id01026_rM4ZERt7oM0_id05435_wavtolip.mp4,00186_id01026_rM4ZERt7oM0_id05435_wavtolip.mp4,FakeAVCeleb,FakeVideo-FakeAudio,AUDIO_VISUAL_MANIPULATION,1,1,3,id04529,Asian (South),women,186,id01026;id05435,wav2lip,4,calibration
fac_25ef0d6bcec1,data/raw/fakeavceleb/FakeAVCeleb_v1.2/FakeAVCeleb_v1.2/FakeVideo-FakeAudio/Asian (South)/women/id04529/00186_id02089_wavtolip.mp4,00186_id02089_wavtolip.mp4,FakeAVCeleb,FakeVideo-FakeAudio,AUDIO_VISUAL_MANIPULATION,1,1,3,id04529,Asian (South),women,186,id02089,wav2lip,4,calibration
fac_e5f2ff92b05c,data/raw/fakeavceleb/FakeAVCeleb_v1.2/FakeAVCeleb_v1.2/FakeVideo-FakeAudio/Asian (South)/women/id04529/00186_id02310_wavtolip.mp4,00186_id02310_wavtolip.mp4,FakeAVCeleb,FakeVideo-FakeAudio,AUDIO_VISUAL_MANIPULATION,1,1,3,id04529,Asian (South),women,186,id02310,wav2lip,4,calibration
fac_a4795c35d756,data/raw/fakeavceleb/FakeAVCeleb_v1.2/FakeAVCeleb_v1.2/FakeVideo-FakeAudio/Asian (South)/women/id04529/00186_id02619_wavtolip.mp4,00186_id02619_wavtolip.mp4,FakeAVCeleb,FakeVideo-FakeAudio,AUDIO_VISUAL_MANIPULATION,1,1,3,id04529,Asian (South),women,186,id02619,wav2lip,4,calibration
fac_0fbf130a7091,data/raw/fakeavceleb/FakeAVCeleb_v1.2/FakeAVCeleb_v1.2/FakeVideo-FakeAudio/Asian (South)/women/id04529/00186_id03815_hw41YlLps4w_id04583_wavtolip.mp4,00186_id03815_hw41YlLps4w_id04583_wavtolip.mp4,FakeAVCeleb,FakeVideo-FakeAudio,AUDIO_VISUAL_MANIPULATION,1,1,3,id04529,Asian (South),women,186,id03815;id04583,wav2lip,4,calibration
fac_f3ceb7d49704,data/raw/fakeavceleb/FakeAVCeleb_v1.2/FakeAVCeleb_v1.2/FakeVideo-FakeAudio/Asian (South)/women/id04529/00186_id03815_wavtolip.mp4,00186_id03815_wavtolip.mp4,FakeAVCeleb,FakeVideo-FakeAudio,AUDIO_VISUAL_MANIPULATION,1,1,3,id04529,Asian (South),women,186,id03815,wav2lip,4,calibration
fac_52ff4df8be71,data/raw/fakeavceleb/FakeAVCeleb_v1.2/FakeAVCeleb_v1.2/FakeVideo-FakeAudio/Asian (South)/women/id04529/00186_id04070_wavtolip.mp4,00186_id04070_wavtolip.mp4,FakeAVCeleb,FakeVideo-FakeAudio,AUDIO_VISUAL_MANIPULATION,1,1,3,id04529,Asian (South),women,186,id04070,wav2lip,4,calibration
fac_0d03c4df6860,data/raw/fakeavceleb/FakeAVCeleb_v1.2/FakeAVCeleb_v1.2/FakeVideo-FakeAudio/Asian (South)/women/id04529/00186_id04529_wavtolip.mp4,00186_id04529_wavtolip.mp4,FakeAVCeleb,FakeVideo-FakeAudio,AUDIO_VISUAL_MANIPULATION,1,1,3,id04529,Asian (South),women,186,id04529,wav2lip,4,calibration
fac_3a3ffbd40b91,data/raw/fakeavceleb/FakeAVCeleb_v1.2/FakeAVCeleb_v1.2/FakeVideo-FakeAudio/Asian (South)/women/id04529/00186_id04530_W5-PTTL9HzU_id00747_wavtolip.mp4,00186_id04530_W5-PTTL9HzU_id00747_wavtolip.mp4,FakeAVCeleb,FakeVideo-FakeAudio,AUDIO_VISUAL_MANIPULATION,1,1,3,id04529,Asian (South),women,186,id04530;id00747,wav2lip,4,calibration
fac_f08703cad4a3,data/raw/fakeavceleb/FakeAVCeleb_v1.2/FakeAVCeleb_v1.2/FakeVideo-FakeAudio/Asian (South)/women/id04529/00186_id04582_wavtolip.mp4,00186_id04582_wavtolip.mp4,FakeAVCeleb,FakeVideo-FakeAudio,AUDIO_VISUAL_MANIPULATION,1,1,3,id04529,Asian (South),women,186,id04582,wav2lip,4,calibration
fac_8a89cae80dca,data/raw/fakeavceleb/FakeAVCeleb_v1.2/FakeAVCeleb_v1.2/FakeVideo-FakeAudio/Asian (South)/women/id04529/00186_id05434_wavtolip.mp4,00186_id05434_wavtolip.mp4,FakeAVCeleb,FakeVideo-FakeAudio,AUDIO_VISUAL_MANIPULATION,1,1,3,id04529,Asian (South),women,186,id05434,wav2lip,4,calibration
fac_127f15ade664,data/raw/fakeavceleb/FakeAVCeleb_v1.2/FakeAVCeleb_v1.2/FakeVideo-FakeAudio/Asian (South)/women/id04529/00186_id05931_bFqu86NV3hk_id07236_wavtolip.mp4,00186_id05931_bFqu86NV3hk_id07236_wavtolip.mp4,FakeAVCeleb,FakeVideo-FakeAudio,AUDIO_VISUAL_MANIPULATION,1,1,3,id04529,Asian (South),women,186,id05931;id07236,wav2lip,4,calibration
fac_bb2d15e5eeb3,data/raw/fakeavceleb/FakeAVCeleb_v1.2/FakeAVCeleb_v1.2/FakeVideo-FakeAudio/Asian (South)/women/id04529/00186_id06428_wavtolip.mp4,00186_id06428_wavtolip.mp4,FakeAVCeleb,FakeVideo-FakeAudio,AUDIO_VISUAL_MANIPULATION,1,1,3,id04529,Asian (South),women,186,id06428,wav2lip,4,calibration
fac_3286209e92ca,data/raw/fakeavceleb/FakeAVCeleb_v1.2/FakeAVCeleb_v1.2/FakeVideo-FakeAudio/Asian (South)/women/id04529/00186_id07008_hbwmyKv9Hio_id02310_wavtolip.mp4,00186_id07008_hbwmyKv9Hio_id02310_wavtolip.mp4,FakeAVCeleb,FakeVideo-FakeAudio,AUDIO_VISUAL_MANIPULATION,1,1,3,id04529,Asian (South),women,186,id07008;id02310,wav2lip,4,calibration
fac_eaa1ce57c8ca,data/raw/fakeavceleb/FakeAVCeleb_v1.2/FakeAVCeleb_v1.2/FakeVideo-FakeAudio/Asian (South)/women/id04529/00186_id07136_4e43eS5p3_M_id00043_wavtolip.mp4,00186_id07136_4e43eS5p3_M_id00043_wavtolip.mp4,FakeAVCeleb,FakeVideo-FakeAudio,AUDIO_VISUAL_MANIPULATION,1,1,3,id04529,Asian (South),women,186,id07136;id00043,wav2lip,4,calibration
fac_1e4308dee9b4,data/raw/fakeavceleb/FakeAVCeleb_v1.2/FakeAVCeleb_v1.2/FakeVideo-FakeAudio/Asian (South)/women/id04529/00186_id07236_wavtolip.mp4,00186_id07236_wavtolip.mp4,FakeAVCeleb,FakeVideo-FakeAudio,AUDIO_VISUAL_MANIPULATION,1,1,3,id04529,Asian (South),women,186,id07236,wav2lip,4,calibration
fac_24872dd7d40e,data/raw/fakeavceleb/FakeAVCeleb_v1.2/FakeAVCeleb_v1.2/FakeVideo-FakeAudio/Asian (South)/women/id04530/00231_id00235_wavtolip.mp4,00231_id00235_wavtolip.mp4,FakeAVCeleb,FakeVideo-FakeAudio,AUDIO_VISUAL_MANIPULATION,1,1,3,id04530,Asian (South),women,231,id00235,wav2lip,4,calibration
fac_45845b341cff,data/raw/fakeavceleb/FakeAVCeleb_v1.2/FakeAVCeleb_v1.2/FakeVideo-FakeAudio/Asian (South)/women/id04530/00231_id01026_rM4ZERt7oM0_id00461_wavtolip.mp4,00231_id01026_rM4ZERt7oM0_id00461_wavtolip.mp4,FakeAVCeleb,FakeVideo-FakeAudio,AUDIO_VISUAL_MANIPULATION,1,1,3,id04530,Asian (South),women,231,id01026;id00461,wav2lip,4,calibration
fac_4f4b0cfa6e7e,data/raw/fakeavceleb/FakeAVCeleb_v1.2/FakeAVCeleb_v1.2/FakeVideo-FakeAudio/Asian (South)/women/id04530/00231_id02619_wavtolip.mp4,00231_id02619_wavtolip.mp4,FakeAVCeleb,FakeVideo-FakeAudio,AUDIO_VISUAL_MANIPULATION,1,1,3,id04530,Asian (South),women,231,id02619,wav2lip,4,calibration
fac_d7a1b98a72ba,data/raw/fakeavceleb/FakeAVCeleb_v1.2/FakeAVCeleb_v1.2/FakeVideo-FakeAudio/Asian (South)/women/id04530/00231_id03985_01aVtyjfVFM_id07686_wavtolip.mp4,00231_id03985_01aVtyjfVFM_id07686_wavtolip.mp4,FakeAVCeleb,FakeVideo-FakeAudio,AUDIO_VISUAL_MANIPULATION,1,1,3,id04530,Asian (South),women,231,id03985;id07686,wav2lip,4,calibration
fac_4a747a1a6e99,data/raw/fakeavceleb/FakeAVCeleb_v1.2/FakeAVCeleb_v1.2/FakeVideo-FakeAudio/Asian (South)/women/id04530/00231_id03985_wavtolip.mp4,00231_id03985_wavtolip.mp4,FakeAVCeleb,FakeVideo-FakeAudio,AUDIO_VISUAL_MANIPULATION,1,1,3,id04530,Asian (South),women,231,id03985,wav2lip,4,calibration
fac_e1e37d1d4e66,data/raw/fakeavceleb/FakeAVCeleb_v1.2/FakeAVCeleb_v1.2/FakeVideo-FakeAudio/Asian (South)/women/id04530/00231_id04070_wavtolip.mp4,00231_id04070_wavtolip.mp4,FakeAVCeleb,FakeVideo-FakeAudio,AUDIO_VISUAL_MANIPULATION,1,1,3,id04530,Asian (South),women,231,id04070,wav2lip,4,calibration
fac_c32e0f059ad4,data/raw/fakeavceleb/FakeAVCeleb_v1.2/FakeAVCeleb_v1.2/FakeVideo-FakeAudio/Asian (South)/women/id04530/00231_id04529_S92uo-UShxE_id03985_wavtolip.mp4,00231_id04529_S92uo-UShxE_id03985_wavtolip.mp4,FakeAVCeleb,FakeVideo-FakeAudio,AUDIO_VISUAL_MANIPULATION,1,1,3,id04530,Asian (South),women,231,id04529;id03985,wav2lip,4,calibration
fac_8a5e8796bcad,data/raw/fakeavceleb/FakeAVCeleb_v1.2/FakeAVCeleb_v1.2/FakeVideo-FakeAudio/Asian (South)/women/id04530/00231_id04582_Pm9dX-TxNx0_id02619_wavtolip.mp4,00231_id04582_Pm9dX-TxNx0_id02619_wavtolip.mp4,FakeAVCeleb,FakeVideo-FakeAudio,AUDIO_VISUAL_MANIPULATION,1,1,3,id04530,Asian (South),women,231,id04582;id02619,wav2lip,4,calibration
fac_00f27987eb77,data/raw/fakeavceleb/FakeAVCeleb_v1.2/FakeAVCeleb_v1.2/FakeVideo-FakeAudio/Asian (South)/women/id04530/00231_id04582_wavtolip.mp4,00231_id04582_wavtolip.mp4,FakeAVCeleb,FakeVideo-FakeAudio,AUDIO_VISUAL_MANIPULATION,1,1,3,id04530,Asian (South),women,231,id04582,wav2lip,4,calibration
fac_a2232dda6dc1,data/raw/fakeavceleb/FakeAVCeleb_v1.2/FakeAVCeleb_v1.2/FakeVideo-FakeAudio/Asian (South)/women/id04530/00231_id05434_wavtolip.mp4,00231_id05434_wavtolip.mp4,FakeAVCeleb,FakeVideo-FakeAudio,AUDIO_VISUAL_MANIPULATION,1,1,3,id04530,Asian (South),women,231,id05434,wav2lip,4,calibration
fac_bab45b7f4b2c,data/raw/fakeavceleb/FakeAVCeleb_v1.2/FakeAVCeleb_v1.2/FakeVideo-FakeAudio/Asian (South)/women/id04530/00231_id05435_OvX-Jv_whcU_faceswap_id00417_wavtolip.mp4,00231_id05435_OvX-Jv_whcU_faceswap_id00417_wavtolip.mp4,FakeAVCeleb,FakeVideo-FakeAudio,AUDIO_VISUAL_MANIPULATION,1,1,3,id04530,Asian (South),women,231,id05435;id00417,faceswap,4,calibration
fac_a060a76863fa,data/raw/fakeavceleb/FakeAVCeleb_v1.2/FakeAVCeleb_v1.2/FakeVideo-FakeAudio/Asian (South)/women/id04530/00231_id05435_OvX-Jv_whcU_faceswap_id05845_wavtolip.mp4,00231_id05435_OvX-Jv_whcU_faceswap_id05845_wavtolip.mp4,FakeAVCeleb,FakeVideo-FakeAudio,AUDIO_VISUAL_MANIPULATION,1,1,3,id04530,Asian (South),women,231,id05435;id05845,faceswap,4,calibration
fac_41ff1ad460e4,data/raw/fakeavceleb/FakeAVCeleb_v1.2/FakeAVCeleb_v1.2/FakeVideo-FakeAudio/Asian (South)/women/id04530/00231_id05435_OvX-Jv_whcU_faceswap_id06439_wavtolip.mp4,00231_id05435_OvX-Jv_whcU_faceswap_id06439_wavtolip.mp4,FakeAVCeleb,FakeVideo-FakeAudio,AUDIO_VISUAL_MANIPULATION,1,1,3,id04530,Asian (South),women,231,id05435;id06439,faceswap,4,calibration
fac_799f38f95b4b,data/raw/fakeavceleb/FakeAVCeleb_v1.2/FakeAVCeleb_v1.2/FakeVideo-FakeAudio/Asian (South)/women/id04530/00231_id05435_OvX-Jv_whcU_faceswap_id07236_wavtolip.mp4,00231_id05435_OvX-Jv_whcU_faceswap_id07236_wavtolip.mp4,FakeAVCeleb,FakeVideo-FakeAudio,AUDIO_VISUAL_MANIPULATION,1,1,3,id04530,Asian (South),women,231,id05435;id07236,faceswap,4,calibration
fac_f5458ce0971a,data/raw/fakeavceleb/FakeAVCeleb_v1.2/FakeAVCeleb_v1.2/FakeVideo-FakeAudio/Asian (South)/women/id04530/00231_id05435_OvX-Jv_whcU_id04927_wavtolip.mp4,00231_id05435_OvX-Jv_whcU_id04927_wavtolip.mp4,FakeAVCeleb,FakeVideo-FakeAudio,AUDIO_VISUAL_MANIPULATION,1,1,3,id04530,Asian (South),women,231,id05435;id04927,wav2lip,4,calibration
fac_48be9e540ed7,data/raw/fakeavceleb/FakeAVCeleb_v1.2/FakeAVCeleb_v1.2/FakeVideo-FakeAudio/Asian (South)/women/id04530/00231_id06428_wavtolip.mp4,00231_id06428_wavtolip.mp4,FakeAVCeleb,FakeVideo-FakeAudio,AUDIO_VISUAL_MANIPULATION,1,1,3,id04530,Asian (South),women,231,id06428,wav2lip,4,calibration
fac_0798307c276f,data/raw/fakeavceleb/FakeAVCeleb_v1.2/FakeAVCeleb_v1.2/FakeVideo-FakeAudio/Asian (South)/women/id04530/00231_id07008_wavtolip.mp4,00231_id07008_wavtolip.mp4,FakeAVCeleb,FakeVideo-FakeAudio,AUDIO_VISUAL_MANIPULATION,1,1,3,id04530,Asian (South),women,231,id07008,wav2lip,4,calibration
fac_3f2ce2e10758,data/raw/fakeavceleb/FakeAVCeleb_v1.2/FakeAVCeleb_v1.2/FakeVideo-FakeAudio/Asian (South)/women/id04530/00231_id07051_d1c0Pl2aP_4_id07377_wavtolip.mp4,00231_id07051_d1c0Pl2aP_4_id07377_wavtolip.mp4,FakeAVCeleb,FakeVideo-FakeAudio,AUDIO_VISUAL_MANIPULATION,1,1,3,id04530,Asian (South),women,231,id07051;id07377,wav2lip,4,calibration
fac_67cea7e8ad22,data/raw/fakeavceleb/FakeAVCeleb_v1.2/FakeAVCeleb_v1.2/FakeVideo-FakeAudio/Asian (South)/women/id04530/00231_id07236_Fe0sdHw3sc4_id07051_wavtolip.mp4,00231_id07236_Fe0sdHw3sc4_id07051_wavtolip.mp4,FakeAVCeleb,FakeVideo-FakeAudio,AUDIO_VISUAL_MANIPULATION,1,1,3,id04530,Asian (South),women,231,id07236;id07051,wav2lip,4,calibration
fac_703ab9045504,data/raw/fakeavceleb/FakeAVCeleb_v1.2/FakeAVCeleb_v1.2/FakeVideo-FakeAudio/Asian (South)/women/id04530/00231_id07689_2ie0g83JkgA_id06437_wavtolip.mp4,00231_id07689_2ie0g83JkgA_id06437_wavtolip.mp4,FakeAVCeleb,FakeVideo-FakeAudio,AUDIO_VISUAL_MANIPULATION,1,1,3,id04530,Asian (South),women,231,id07689;id06437,wav2lip,4,calibration
fac_8b042729cefd,data/raw/fakeavceleb/FakeAVCeleb_v1.2/FakeAVCeleb_v1.2/FakeVideo-FakeAudio/Asian (South)/women/id04530/00231_id07689_wavtolip.mp4,00231_id07689_wavtolip.mp4,FakeAVCeleb,FakeVideo-FakeAudio,AUDIO_VISUAL_MANIPULATION,1,1,3,id04530,Asian (South),women,231,id07689,wav2lip,4,calibration
fac_e680df8323aa,data/raw/fakeavceleb/FakeAVCeleb_v1.2/FakeAVCeleb_v1.2/FakeVideo-FakeAudio/Asian (South)/women/id04564/00417_0_id00080_wavtolip.mp4,00417_0_id00080_wavtolip.mp4,FakeAVCeleb,FakeVideo-FakeAudio,AUDIO_VISUAL_MANIPULATION,1,1,3,id04564,Asian (South),women,417,id00080,wav2lip,4,calibration
fac_cfbb06bb03a5,data/raw/fakeavceleb/FakeAVCeleb_v1.2/FakeAVCeleb_v1.2/FakeVideo-FakeAudio/Asian (South)/women/id04564/00417_0_id04490_wavtolip.mp4,00417_0_id04490_wavtolip.mp4,FakeAVCeleb,FakeVideo-FakeAudio,AUDIO_VISUAL_MANIPULATION,1,1,3,id04564,Asian (South),women,417,id04490,wav2lip,4,calibration
fac_86864710eb24,data/raw/fakeavceleb/FakeAVCeleb_v1.2/FakeAVCeleb_v1.2/FakeVideo-FakeAudio/Asian (South)/women/id04564/00417_0_id06232_wavtolip.mp4,00417_0_id06232_wavtolip.mp4,FakeAVCeleb,FakeVideo-FakeAudio,AUDIO_VISUAL_MANIPULATION,1,1,3,id04564,Asian (South),women,417,id06232,wav2lip,4,calibration
fac_36c9b36cc251,data/raw/fakeavceleb/FakeAVCeleb_v1.2/FakeAVCeleb_v1.2/FakeVideo-FakeAudio/Asian (South)/women/id04564/00417_0_id06268_wavtolip.mp4,00417_0_id06268_wavtolip.mp4,FakeAVCeleb,FakeVideo-FakeAudio,AUDIO_VISUAL_MANIPULATION,1,1,3,id04564,Asian (South),women,417,id06268,wav2lip,4,calibration
fac_b7a1ea520cc1,data/raw/fakeavceleb/FakeAVCeleb_v1.2/FakeAVCeleb_v1.2/FakeVideo-FakeAudio/Asian (South)/women/id04564/00417_0_id06439_wavtolip.mp4,00417_0_id06439_wavtolip.mp4,FakeAVCeleb,FakeVideo-FakeAudio,AUDIO_VISUAL_MANIPULATION,1,1,3,id04564,Asian (South),women,417,id06439,wav2lip,4,calibration
fac_90fa9c1ea5e4,data/raw/fakeavceleb/FakeAVCeleb_v1.2/FakeAVCeleb_v1.2/FakeVideo-FakeAudio/Asian (South)/women/id04564/00417_id00461_Ort9NW3SJU4_id00149_wavtolip.mp4,00417_id00461_Ort9NW3SJU4_id00149_wavtolip.mp4,FakeAVCeleb,FakeVideo-FakeAudio,AUDIO_VISUAL_MANIPULATION,1,1,3,id04564,Asian (South),women,417,id00461;id00149,wav2lip,4,calibration
fac_8dc1e86b30f9,data/raw/fakeavceleb/FakeAVCeleb_v1.2/FakeAVCeleb_v1.2/FakeVideo-FakeAudio/Asian (South)/women/id04564/00417_id00739_CT-6UmfLiU0_id06343_wavtolip.mp4,00417_id00739_CT-6UmfLiU0_id06343_wavtolip.mp4,FakeAVCeleb,FakeVideo-FakeAudio,AUDIO_VISUAL_MANIPULATION,1,1,3,id04564,Asian (South),women,417,id00739;id06343,wav2lip,4,calibration
fac_1d834b7d6dc7,data/raw/fakeavceleb/FakeAVCeleb_v1.2/FakeAVCeleb_v1.2/FakeVideo-FakeAudio/Asian (South)/women/id04564/00417_id00747_l3eOd4UDsGc_id06428_wavtolip.mp4,00417_id00747_l3eOd4UDsGc_id06428_wavtolip.mp4,FakeAVCeleb,FakeVideo-FakeAudio,AUDIO_VISUAL_MANIPULATION,1,1,3,id04564,Asian (South),women,417,id00747;id06428,wav2lip,4,calibration
fac_df8589d7e5fb,data/raw/fakeavceleb/FakeAVCeleb_v1.2/FakeAVCeleb_v1.2/FakeVideo-FakeAudio/Asian (South)/women/id04564/00417_id02089_wavtolip.mp4,00417_id02089_wavtolip.mp4,FakeAVCeleb,FakeVideo-FakeAudio,AUDIO_VISUAL_MANIPULATION,1,1,3,id04564,Asian (South),women,417,id02089,wav2lip,4,calibration
fac_44fbaf63f516,data/raw/fakeavceleb/FakeAVCeleb_v1.2/FakeAVCeleb_v1.2/FakeVideo-FakeAudio/Asian (South)/women/id04564/00417_id02619_6AKIR2gTCNU_id04490_wavtolip.mp4,00417_id02619_6AKIR2gTCNU_id04490_wavtolip.mp4,FakeAVCeleb,FakeVideo-FakeAudio,AUDIO_VISUAL_MANIPULATION,1,1,3,id04564,Asian (South),women,417,id02619;id04490,wav2lip,4,calibration
fac_1b4f4c3ed075,data/raw/fakeavceleb/FakeAVCeleb_v1.2/FakeAVCeleb_v1.2/FakeVideo-FakeAudio/Asian (South)/women/id04564/00417_id04070_wavtolip.mp4,00417_id04070_wavtolip.mp4,FakeAVCeleb,FakeVideo-FakeAudio,AUDIO_VISUAL_MANIPULATION,1,1,3,id04564,Asian (South),women,417,id04070,wav2lip,4,calibration
fac_8e5453634b36,data/raw/fakeavceleb/FakeAVCeleb_v1.2/FakeAVCeleb_v1.2/FakeVideo-FakeAudio/Asian (South)/women/id04564/00417_id04530_wavtolip.mp4,00417_id04530_wavtolip.mp4,FakeAVCeleb,FakeVideo-FakeAudio,AUDIO_VISUAL_MANIPULATION,1,1,3,id04564,Asian (South),women,417,id04530,wav2lip,4,calibration
fac_f8aea86ea723,data/raw/fakeavceleb/FakeAVCeleb_v1.2/FakeAVCeleb_v1.2/FakeVideo-FakeAudio/Asian (South)/women/id04564/00417_id05845_wavtolip.mp4,00417_id05845_wavtolip.mp4,FakeAVCeleb,FakeVideo-FakeAudio,AUDIO_VISUAL_MANIPULATION,1,1,3,id04564,Asian (South),women,417,id05845,wav2lip,4,calibration
fac_3d5d09afefc7,data/raw/fakeavceleb/FakeAVCeleb_v1.2/FakeAVCeleb_v1.2/FakeVideo-FakeAudio/Asian (South)/women/id04564/00417_id05931_bFqu86NV3hk_id06343_wavtolip.mp4,00417_id05931_bFqu86NV3hk_id06343_wavtolip.mp4,FakeAVCeleb,FakeVideo-FakeAudio,AUDIO_VISUAL_MANIPULATION,1,1,3,id04564,Asian (South),women,417,id05931;id06343,wav2lip,4,calibration
fac_2fe58245206d,data/raw/fakeavceleb/FakeAVCeleb_v1.2/FakeAVCeleb_v1.2/FakeVideo-FakeAudio/Asian (South)/women/id04564/00417_id06232_wavtolip.mp4,00417_id06232_wavtolip.mp4,FakeAVCeleb,FakeVideo-FakeAudio,AUDIO_VISUAL_MANIPULATION,1,1,3,id04564,Asian (South),women,417,id06232,wav2lip,4,calibration
fac_3434b84baac3,data/raw/fakeavceleb/FakeAVCeleb_v1.2/FakeAVCeleb_v1.2/FakeVideo-FakeAudio/Asian (South)/women/id04564/00417_id06428_A9nvRKd1afA_id01026_wavtolip.mp4,00417_id06428_A9nvRKd1afA_id01026_wavtolip.mp4,FakeAVCeleb,FakeVideo-FakeAudio,AUDIO_VISUAL_MANIPULATION,1,1,3,id04564,Asian (South),women,417,id06428;id01026,wav2lip,4,calibration
fac_c4a045924575,data/raw/fakeavceleb/FakeAVCeleb_v1.2/FakeAVCeleb_v1.2/FakeVideo-FakeAudio/Asian (South)/women/id04564/00417_id06437_wavtolip.mp4,00417_id06437_wavtolip.mp4,FakeAVCeleb,FakeVideo-FakeAudio,AUDIO_VISUAL_MANIPULATION,1,1,3,id04564,Asian (South),women,417,id06437,wav2lip,4,calibration
fac_590c87d935b3,data/raw/fakeavceleb/FakeAVCeleb_v1.2/FakeAVCeleb_v1.2/FakeVideo-FakeAudio/Asian (South)/women/id04564/00417_id06752_wavtolip.mp4,00417_id06752_wavtolip.mp4,FakeAVCeleb,FakeVideo-FakeAudio,AUDIO_VISUAL_MANIPULATION,1,1,3,id04564,Asian (South),women,417,id06752,wav2lip,4,calibration
fac_a4b06d9e8aa8,data/raw/fakeavceleb/FakeAVCeleb_v1.2/FakeAVCeleb_v1.2/FakeVideo-FakeAudio/Asian (South)/women/id04564/00417_id07008_hbwmyKv9Hio_id05478_wavtolip.mp4,00417_id07008_hbwmyKv9Hio_id05478_wavtolip.mp4,FakeAVCeleb,FakeVideo-FakeAudio,AUDIO_VISUAL_MANIPULATION,1,1,3,id04564,Asian (South),women,417,id07008;id05478,wav2lip,4,calibration
fac_f8ef31addab8,data/raw/fakeavceleb/FakeAVCeleb_v1.2/FakeAVCeleb_v1.2/FakeVideo-FakeAudio/Asian (South)/women/id04564/00417_id07049_wavtolip.mp4,00417_id07049_wavtolip.mp4,FakeAVCeleb,FakeVideo-FakeAudio,AUDIO_VISUAL_MANIPULATION,1,1,3,id04564,Asian (South),women,417,id07049,wav2lip,4,calibration
fac_0562adaa0114,data/raw/fakeavceleb/FakeAVCeleb_v1.2/FakeAVCeleb_v1.2/FakeVideo-FakeAudio/Asian (South)/women/id04564/00417_id07051_d1c0Pl2aP_4_id00080_wavtolip.mp4,00417_id07051_d1c0Pl2aP_4_id00080_wavtolip.mp4,FakeAVCeleb,FakeVideo-FakeAudio,AUDIO_VISUAL_MANIPULATION,1,1,3,id04564,Asian (South),women,417,id07051;id00080,wav2lip,4,calibration
fac_6d34e91a46fd,data/raw/fakeavceleb/FakeAVCeleb_v1.2/FakeAVCeleb_v1.2/FakeVideo-FakeAudio/Asian (South)/women/id04564/00417_id07689_wavtolip.mp4,00417_id07689_wavtolip.mp4,FakeAVCeleb,FakeVideo-FakeAudio,AUDIO_VISUAL_MANIPULATION,1,1,3,id04564,Asian (South),women,417,id07689,wav2lip,4,calibration
fac_71abd6edd618,data/raw/fakeavceleb/FakeAVCeleb_v1.2/FakeAVCeleb_v1.2/FakeVideo-FakeAudio/Asian (South)/women/id04582/00180_id00043_DxY87QyzDN8_id06439_wavtolip.mp4,00180_id00043_DxY87QyzDN8_id06439_wavtolip.mp4,FakeAVCeleb,FakeVideo-FakeAudio,AUDIO_VISUAL_MANIPULATION,1,1,3,id04582,Asian (South),women,180,id00043;id06439,wav2lip,4,calibration
fac_5398ed0224b5,data/raw/fakeavceleb/FakeAVCeleb_v1.2/FakeAVCeleb_v1.2/FakeVideo-FakeAudio/Asian (South)/women/id04582/00180_id00235_F7aHtfdzytQ_id06439_wavtolip.mp4,00180_id00235_F7aHtfdzytQ_id06439_wavtolip.mp4,FakeAVCeleb,FakeVideo-FakeAudio,AUDIO_VISUAL_MANIPULATION,1,1,3,id04582,Asian (South),women,180,id00235;id06439,wav2lip,4,calibration
fac_f1d1f2b96dcb,data/raw/fakeavceleb/FakeAVCeleb_v1.2/FakeAVCeleb_v1.2/FakeVideo-FakeAudio/Asian (South)/women/id04582/00180_id00417_GhIZam3v09g_id06439_wavtolip.mp4,00180_id00417_GhIZam3v09g_id06439_wavtolip.mp4,FakeAVCeleb,FakeVideo-FakeAudio,AUDIO_VISUAL_MANIPULATION,1,1,3,id04582,Asian (South),women,180,id00417;id06439,wav2lip,4,calibration
fac_72b5856a25b3,data/raw/fakeavceleb/FakeAVCeleb_v1.2/FakeAVCeleb_v1.2/FakeVideo-FakeAudio/Asian (South)/women/id04582/00180_id00417_wavtolip.mp4,00180_id00417_wavtolip.mp4,FakeAVCeleb,FakeVideo-FakeAudio,AUDIO_VISUAL_MANIPULATION,1,1,3,id04582,Asian (South),women,180,id00417,wav2lip,4,calibration
fac_3a16fc223bde,data/raw/fakeavceleb/FakeAVCeleb_v1.2/FakeAVCeleb_v1.2/FakeVideo-FakeAudio/Asian (South)/women/id04582/00180_id00739_wavtolip.mp4,00180_id00739_wavtolip.mp4,FakeAVCeleb,FakeVideo-FakeAudio,AUDIO_VISUAL_MANIPULATION,1,1,3,id04582,Asian (South),women,180,id00739,wav2lip,4,calibration
fac_5634b0e17253,data/raw/fakeavceleb/FakeAVCeleb_v1.2/FakeAVCeleb_v1.2/FakeVideo-FakeAudio/Asian (South)/women/id04582/00180_id01026_wavtolip.mp4,00180_id01026_wavtolip.mp4,FakeAVCeleb,FakeVideo-FakeAudio,AUDIO_VISUAL_MANIPULATION,1,1,3,id04582,Asian (South),women,180,id01026,wav2lip,4,calibration
fac_8f807cc29088,data/raw/fakeavceleb/FakeAVCeleb_v1.2/FakeAVCeleb_v1.2/FakeVideo-FakeAudio/Asian (South)/women/id04582/00180_id02089_ZC5FjKDazrM_id06428_wavtolip.mp4,00180_id02089_ZC5FjKDazrM_id06428_wavtolip.mp4,FakeAVCeleb,FakeVideo-FakeAudio,AUDIO_VISUAL_MANIPULATION,1,1,3,id04582,Asian (South),women,180,id02089;id06428,wav2lip,4,calibration
fac_8a32e28d3cca,data/raw/fakeavceleb/FakeAVCeleb_v1.2/FakeAVCeleb_v1.2/FakeVideo-FakeAudio/Asian (South)/women/id04582/00180_id03559_wavtolip.mp4,00180_id03559_wavtolip.mp4,FakeAVCeleb,FakeVideo-FakeAudio,AUDIO_VISUAL_MANIPULATION,1,1,3,id04582,Asian (South),women,180,id03559,wav2lip,4,calibration
fac_26c8135d6ebb,data/raw/fakeavceleb/FakeAVCeleb_v1.2/FakeAVCeleb_v1.2/FakeVideo-FakeAudio/Asian (South)/women/id04582/00180_id04583_wavtolip.mp4,00180_id04583_wavtolip.mp4,FakeAVCeleb,FakeVideo-FakeAudio,AUDIO_VISUAL_MANIPULATION,1,1,3,id04582,Asian (South),women,180,id04583,wav2lip,4,calibration
fac_c0d7fc873615,data/raw/fakeavceleb/FakeAVCeleb_v1.2/FakeAVCeleb_v1.2/FakeVideo-FakeAudio/Asian (South)/women/id04582/00180_id05931_wavtolip.mp4,00180_id05931_wavtolip.mp4,FakeAVCeleb,FakeVideo-FakeAudio,AUDIO_VISUAL_MANIPULATION,1,1,3,id04582,Asian (South),women,180,id05931,wav2lip,4,calibration
fac_225f6c93931c,data/raw/fakeavceleb/FakeAVCeleb_v1.2/FakeAVCeleb_v1.2/FakeVideo-FakeAudio/Asian (South)/women/id04582/00180_id06254_8VSfI86Fua4_id04564_wavtolip.mp4,00180_id06254_8VSfI86Fua4_id04564_wavtolip.mp4,FakeAVCeleb,FakeVideo-FakeAudio,AUDIO_VISUAL_MANIPULATION,1,1,3,id04582,Asian (South),women,180,id06254;id04564,wav2lip,4,calibration
fac_f1f71b2eb47f,data/raw/fakeavceleb/FakeAVCeleb_v1.2/FakeAVCeleb_v1.2/FakeVideo-FakeAudio/Asian (South)/women/id04582/00180_id06268_wavtolip.mp4,00180_id06268_wavtolip.mp4,FakeAVCeleb,FakeVideo-FakeAudio,AUDIO_VISUAL_MANIPULATION,1,1,3,id04582,Asian (South),women,180,id06268,wav2lip,4,calibration
fac_3a58bd51006d,data/raw/fakeavceleb/FakeAVCeleb_v1.2/FakeAVCeleb_v1.2/FakeVideo-FakeAudio/Asian (South)/women/id04582/00180_id06428_wavtolip.mp4,00180_id06428_wavtolip.mp4,FakeAVCeleb,FakeVideo-FakeAudio,AUDIO_VISUAL_MANIPULATION,1,1,3,id04582,Asian (South),women,180,id06428,wav2lip,4,calibration
fac_57c06d594ece,data/raw/fakeavceleb/FakeAVCeleb_v1.2/FakeAVCeleb_v1.2/FakeVideo-FakeAudio/Asian (South)/women/id04582/00180_id06445_NWtdqOxEbDY_faceswap_id00461_wavtolip.mp4,00180_id06445_NWtdqOxEbDY_faceswap_id00461_wavtolip.mp4,FakeAVCeleb,FakeVideo-FakeAudio,AUDIO_VISUAL_MANIPULATION,1,1,3,id04582,Asian (South),women,180,id06445;id00461,faceswap,4,calibration
fac_85f788da67ec,data/raw/fakeavceleb/FakeAVCeleb_v1.2/FakeAVCeleb_v1.2/FakeVideo-FakeAudio/Asian (South)/women/id04582/00180_id06445_NWtdqOxEbDY_faceswap_id02310_wavtolip.mp4,00180_id06445_NWtdqOxEbDY_faceswap_id02310_wavtolip.mp4,FakeAVCeleb,FakeVideo-FakeAudio,AUDIO_VISUAL_MANIPULATION,1,1,3,id04582,Asian (South),women,180,id06445;id02310,faceswap,4,calibration
fac_87776a70179c,data/raw/fakeavceleb/FakeAVCeleb_v1.2/FakeAVCeleb_v1.2/FakeVideo-FakeAudio/Asian (South)/women/id04582/00180_id06445_NWtdqOxEbDY_faceswap_id02619_wavtolip.mp4,00180_id06445_NWtdqOxEbDY_faceswap_id02619_wavtolip.mp4,FakeAVCeleb,FakeVideo-FakeAudio,AUDIO_VISUAL_MANIPULATION,1,1,3,id04582,Asian (South),women,180,id06445;id02619,faceswap,4,calibration
fac_a7aaa224b1b5,data/raw/fakeavceleb/FakeAVCeleb_v1.2/FakeAVCeleb_v1.2/FakeVideo-FakeAudio/Asian (South)/women/id04582/00180_id06445_NWtdqOxEbDY_faceswap_id05478_wavtolip.mp4,00180_id06445_NWtdqOxEbDY_faceswap_id05478_wavtolip.mp4,FakeAVCeleb,FakeVideo-FakeAudio,AUDIO_VISUAL_MANIPULATION,1,1,3,id04582,Asian (South),women,180,id06445;id05478,faceswap,4,calibration
fac_1bcbbf7eab27,data/raw/fakeavceleb/FakeAVCeleb_v1.2/FakeAVCeleb_v1.2/FakeVideo-FakeAudio/Asian (South)/women/id04582/00180_id06445_NWtdqOxEbDY_faceswap_id07689_wavtolip.mp4,00180_id06445_NWtdqOxEbDY_faceswap_id07689_wavtolip.mp4,FakeAVCeleb,FakeVideo-FakeAudio,AUDIO_VISUAL_MANIPULATION,1,1,3,id04582,Asian (South),women,180,id06445;id07689,faceswap,4,calibration
fac_5add5e44019b,data/raw/fakeavceleb/FakeAVCeleb_v1.2/FakeAVCeleb_v1.2/FakeVideo-FakeAudio/Asian (South)/women/id04582/00180_id06445_NWtdqOxEbDY_id04530_wavtolip.mp4,00180_id06445_NWtdqOxEbDY_id04530_wavtolip.mp4,FakeAVCeleb,FakeVideo-FakeAudio,AUDIO_VISUAL_MANIPULATION,1,1,3,id04582,Asian (South),women,180,id06445;id04530,wav2lip,4,calibration
fac_7440ce5308b6,data/raw/fakeavceleb/FakeAVCeleb_v1.2/FakeAVCeleb_v1.2/FakeVideo-FakeAudio/Asian (South)/women/id04582/00180_id07136_4e43eS5p3_M_id03815_wavtolip.mp4,00180_id07136_4e43eS5p3_M_id03815_wavtolip.mp4,FakeAVCeleb,FakeVideo-FakeAudio,AUDIO_VISUAL_MANIPULATION,1,1,3,id04582,Asian (South),women,180,id07136;id03815,wav2lip,4,calibration
fac_5e64daa874b8,data/raw/fakeavceleb/FakeAVCeleb_v1.2/FakeAVCeleb_v1.2/FakeVideo-FakeAudio/Asian (South)/women/id04582/00180_id07236_Fe0sdHw3sc4_id00235_wavtolip.mp4,00180_id07236_Fe0sdHw3sc4_id00235_wavtolip.mp4,FakeAVCeleb,FakeVideo-FakeAudio,AUDIO_VISUAL_MANIPULATION,1,1,3,id04582,Asian (South),women,180,id07236;id00235,wav2lip,4,calibration
fac_1a2002f13009,data/raw/fakeavceleb/FakeAVCeleb_v1.2/FakeAVCeleb_v1.2/FakeVideo-FakeAudio/Asian (South)/women/id04582/00180_id07689_wavtolip.mp4,00180_id07689_wavtolip.mp4,FakeAVCeleb,FakeVideo-FakeAudio,AUDIO_VISUAL_MANIPULATION,1,1,3,id04582,Asian (South),women,180,id07689,wav2lip,4,calibration
fac_e84524710d16,data/raw/fakeavceleb/FakeAVCeleb_v1.2/FakeAVCeleb_v1.2/FakeVideo-FakeAudio/Asian (South)/women/id04583/00077_id00080_y29QtxBTASE_id04927_wavtolip.mp4,00077_id00080_y29QtxBTASE_id04927_wavtolip.mp4,FakeAVCeleb,FakeVideo-FakeAudio,AUDIO_VISUAL_MANIPULATION,1,1,3,id04583,Asian (South),women,77,id00080;id04927,wav2lip,4,calibration
fac_ff679e368931,data/raw/fakeavceleb/FakeAVCeleb_v1.2/FakeAVCeleb_v1.2/FakeVideo-FakeAudio/Asian (South)/women/id04583/00077_id00417_GhIZam3v09g_id06254_wavtolip.mp4,00077_id00417_GhIZam3v09g_id06254_wavtolip.mp4,FakeAVCeleb,FakeVideo-FakeAudio,AUDIO_VISUAL_MANIPULATION,1,1,3,id04583,Asian (South),women,77,id00417;id06254,wav2lip,4,calibration
fac_c49fd0c9ab5e,data/raw/fakeavceleb/FakeAVCeleb_v1.2/FakeAVCeleb_v1.2/FakeVideo-FakeAudio/Asian (South)/women/id04583/00077_id01026_wavtolip.mp4,00077_id01026_wavtolip.mp4,FakeAVCeleb,FakeVideo-FakeAudio,AUDIO_VISUAL_MANIPULATION,1,1,3,id04583,Asian (South),women,77,id01026,wav2lip,4,calibration
fac_f6174c84f9f1,data/raw/fakeavceleb/FakeAVCeleb_v1.2/FakeAVCeleb_v1.2/FakeVideo-FakeAudio/Asian (South)/women/id04583/00077_id02089_wavtolip.mp4,00077_id02089_wavtolip.mp4,FakeAVCeleb,FakeVideo-FakeAudio,AUDIO_VISUAL_MANIPULATION,1,1,3,id04583,Asian (South),women,77,id02089,wav2lip,4,calibration
fac_11a95dd097a5,data/raw/fakeavceleb/FakeAVCeleb_v1.2/FakeAVCeleb_v1.2/FakeVideo-FakeAudio/Asian (South)/women/id04583/00077_id03897_wavtolip.mp4,00077_id03897_wavtolip.mp4,FakeAVCeleb,FakeVideo-FakeAudio,AUDIO_VISUAL_MANIPULATION,1,1,3,id04583,Asian (South),women,77,id03897,wav2lip,4,calibration
fac_22bd5c1b1d14,data/raw/fakeavceleb/FakeAVCeleb_v1.2/FakeAVCeleb_v1.2/FakeVideo-FakeAudio/Asian (South)/women/id04583/00077_id03985_wavtolip.mp4,00077_id03985_wavtolip.mp4,FakeAVCeleb,FakeVideo-FakeAudio,AUDIO_VISUAL_MANIPULATION,1,1,3,id04583,Asian (South),women,77,id03985,wav2lip,4,calibration
fac_ec33ad7ce9ce,data/raw/fakeavceleb/FakeAVCeleb_v1.2/FakeAVCeleb_v1.2/FakeVideo-FakeAudio/Asian (South)/women/id04583/00077_id04530_wavtolip.mp4,00077_id04530_wavtolip.mp4,FakeAVCeleb,FakeVideo-FakeAudio,AUDIO_VISUAL_MANIPULATION,1,1,3,id04583,Asian (South),women,77,id04530,wav2lip,4,calibration
fac_9d09c2e45977,data/raw/fakeavceleb/FakeAVCeleb_v1.2/FakeAVCeleb_v1.2/FakeVideo-FakeAudio/Asian (South)/women/id04583/00077_id04583_wavtolip.mp4,00077_id04583_wavtolip.mp4,FakeAVCeleb,FakeVideo-FakeAudio,AUDIO_VISUAL_MANIPULATION,1,1,3,id04583,Asian (South),women,77,id04583,wav2lip,4,calibration
fac_66b6845d3481,data/raw/fakeavceleb/FakeAVCeleb_v1.2/FakeAVCeleb_v1.2/FakeVideo-FakeAudio/Asian (South)/women/id04583/00077_id05434_6p7kCmdOjDQ_id06428_wavtolip.mp4,00077_id05434_6p7kCmdOjDQ_id06428_wavtolip.mp4,FakeAVCeleb,FakeVideo-FakeAudio,AUDIO_VISUAL_MANIPULATION,1,1,3,id04583,Asian (South),women,77,id05434;id06428,wav2lip,4,calibration
fac_61a69c7d0297,data/raw/fakeavceleb/FakeAVCeleb_v1.2/FakeAVCeleb_v1.2/FakeVideo-FakeAudio/Asian (South)/women/id04583/00077_id05435_wavtolip.mp4,00077_id05435_wavtolip.mp4,FakeAVCeleb,FakeVideo-FakeAudio,AUDIO_VISUAL_MANIPULATION,1,1,3,id04583,Asian (South),women,77,id05435,wav2lip,4,calibration
fac_6311241a0b39,data/raw/fakeavceleb/FakeAVCeleb_v1.2/FakeAVCeleb_v1.2/FakeVideo-FakeAudio/Asian (South)/women/id04583/00077_id05845_XfMHm6CEwPw_id05931_wavtolip.mp4,00077_id05845_XfMHm6CEwPw_id05931_wavtolip.mp4,FakeAVCeleb,FakeVideo-FakeAudio,AUDIO_VISUAL_MANIPULATION,1,1,3,id04583,Asian (South),women,77,id05845;id05931,wav2lip,4,calibration
fac_61a6eea5c3b1,data/raw/fakeavceleb/FakeAVCeleb_v1.2/FakeAVCeleb_v1.2/FakeVideo-FakeAudio/Asian (South)/women/id04583/00077_id05845_wavtolip.mp4,00077_id05845_wavtolip.mp4,FakeAVCeleb,FakeVideo-FakeAudio,AUDIO_VISUAL_MANIPULATION,1,1,3,id04583,Asian (South),women,77,id05845,wav2lip,4,calibration
fac_ff2748919f83,data/raw/fakeavceleb/FakeAVCeleb_v1.2/FakeAVCeleb_v1.2/FakeVideo-FakeAudio/Asian (South)/women/id04583/00077_id05931_bFqu86NV3hk_id06752_wavtolip.mp4,00077_id05931_bFqu86NV3hk_id06752_wavtolip.mp4,FakeAVCeleb,FakeVideo-FakeAudio,AUDIO_VISUAL_MANIPULATION,1,1,3,id04583,Asian (South),women,77,id05931;id06752,wav2lip,4,calibration
fac_97af584bff81,data/raw/fakeavceleb/FakeAVCeleb_v1.2/FakeAVCeleb_v1.2/FakeVideo-FakeAudio/Asian (South)/women/id04583/00077_id06232_wavtolip.mp4,00077_id06232_wavtolip.mp4,FakeAVCeleb,FakeVideo-FakeAudio,AUDIO_VISUAL_MANIPULATION,1,1,3,id04583,Asian (South),women,77,id06232,wav2lip,4,calibration
fac_9ee0e231b9ec,data/raw/fakeavceleb/FakeAVCeleb_v1.2/FakeAVCeleb_v1.2/FakeVideo-FakeAudio/Asian (South)/women/id04583/00077_id07051_d1c0Pl2aP_4_id04564_wavtolip.mp4,00077_id07051_d1c0Pl2aP_4_id04564_wavtolip.mp4,FakeAVCeleb,FakeVideo-FakeAudio,AUDIO_VISUAL_MANIPULATION,1,1,3,id04583,Asian (South),women,77,id07051;id04564,wav2lip,4,calibration
fac_452990164c92,data/raw/fakeavceleb/FakeAVCeleb_v1.2/FakeAVCeleb_v1.2/FakeVideo-FakeAudio/Asian (South)/women/id04583/00077_id07136_4e43eS5p3_M_faceswap_id00488_wavtolip.mp4,00077_id07136_4e43eS5p3_M_faceswap_id00488_wavtolip.mp4,FakeAVCeleb,FakeVideo-FakeAudio,AUDIO_VISUAL_MANIPULATION,1,1,3,id04583,Asian (South),women,77,id07136;id00488,faceswap,4,calibration
fac_c06f4448d97a,data/raw/fakeavceleb/FakeAVCeleb_v1.2/FakeAVCeleb_v1.2/FakeVideo-FakeAudio/Asian (South)/women/id04583/00077_id07136_4e43eS5p3_M_faceswap_id03985_wavtolip.mp4,00077_id07136_4e43eS5p3_M_faceswap_id03985_wavtolip.mp4,FakeAVCeleb,FakeVideo-FakeAudio,AUDIO_VISUAL_MANIPULATION,1,1,3,id04583,Asian (South),women,77,id07136;id03985,faceswap,4,calibration
fac_adcf1cf91a57,data/raw/fakeavceleb/FakeAVCeleb_v1.2/FakeAVCeleb_v1.2/FakeVideo-FakeAudio/Asian (South)/women/id04583/00077_id07136_4e43eS5p3_M_faceswap_id04927_wavtolip.mp4,00077_id07136_4e43eS5p3_M_faceswap_id04927_wavtolip.mp4,FakeAVCeleb,FakeVideo-FakeAudio,AUDIO_VISUAL_MANIPULATION,1,1,3,id04583,Asian (South),women,77,id07136;id04927,faceswap,4,calibration
fac_0ef20a109ac5,data/raw/fakeavceleb/FakeAVCeleb_v1.2/FakeAVCeleb_v1.2/FakeVideo-FakeAudio/Asian (South)/women/id04583/00077_id07136_4e43eS5p3_M_faceswap_id06437_wavtolip.mp4,00077_id07136_4e43eS5p3_M_faceswap_id06437_wavtolip.mp4,FakeAVCeleb,FakeVideo-FakeAudio,AUDIO_VISUAL_MANIPULATION,1,1,3,id04583,Asian (South),women,77,id07136;id06437,faceswap,4,calibration
fac_451a6df84a0a,data/raw/fakeavceleb/FakeAVCeleb_v1.2/FakeAVCeleb_v1.2/FakeVideo-FakeAudio/Asian (South)/women/id04583/00077_id07136_4e43eS5p3_M_id07051_wavtolip.mp4,00077_id07136_4e43eS5p3_M_id07051_wavtolip.mp4,FakeAVCeleb,FakeVideo-FakeAudio,AUDIO_VISUAL_MANIPULATION,1,1,3,id04583,Asian (South),women,77,id07136;id07051,wav2lip,4,calibration
fac_7915cbcf740a,data/raw/fakeavceleb/FakeAVCeleb_v1.2/FakeAVCeleb_v1.2/FakeVideo-FakeAudio/Asian (South)/women/id04583/00077_id07236_wavtolip.mp4,00077_id07236_wavtolip.mp4,FakeAVCeleb,FakeVideo-FakeAudio,AUDIO_VISUAL_MANIPULATION,1,1,3,id04583,Asian (South),women,77,id07236,wav2lip,4,calibration
fac_3b6fb9800973,data/raw/fakeavceleb/FakeAVCeleb_v1.2/FakeAVCeleb_v1.2/FakeVideo-FakeAudio/Asian (South)/women/id04927/00013_id00235_wavtolip.mp4,00013_id00235_wavtolip.mp4,FakeAVCeleb,FakeVideo-FakeAudio,AUDIO_VISUAL_MANIPULATION,1,1,3,id04927,Asian (South),women,13,id00235,wav2lip,4,calibration
fac_565fc5ff8b62,data/raw/fakeavceleb/FakeAVCeleb_v1.2/FakeAVCeleb_v1.2/FakeVideo-FakeAudio/Asian (South)/women/id04927/00013_id00417_GhIZam3v09g_faceswap_id00235_wavtolip.mp4,00013_id00417_GhIZam3v09g_faceswap_id00235_wavtolip.mp4,FakeAVCeleb,FakeVideo-FakeAudio,AUDIO_VISUAL_MANIPULATION,1,1,3,id04927,Asian (South),women,13,id00417;id00235,faceswap,4,calibration
fac_fccc1df7a59b,data/raw/fakeavceleb/FakeAVCeleb_v1.2/FakeAVCeleb_v1.2/FakeVideo-FakeAudio/Asian (South)/women/id04927/00013_id00417_GhIZam3v09g_faceswap_id00417_wavtolip.mp4,00013_id00417_GhIZam3v09g_faceswap_id00417_wavtolip.mp4,FakeAVCeleb,FakeVideo-FakeAudio,AUDIO_VISUAL_MANIPULATION,1,1,3,id04927,Asian (South),women,13,id00417;id00417,faceswap,4,calibration
fac_9924a9de6906,data/raw/fakeavceleb/FakeAVCeleb_v1.2/FakeAVCeleb_v1.2/FakeVideo-FakeAudio/Asian (South)/women/id04927/00013_id00417_GhIZam3v09g_faceswap_id01026_wavtolip.mp4,00013_id00417_GhIZam3v09g_faceswap_id01026_wavtolip.mp4,FakeAVCeleb,FakeVideo-FakeAudio,AUDIO_VISUAL_MANIPULATION,1,1,3,id04927,Asian (South),women,13,id00417;id01026,faceswap,4,calibration
fac_169509c00280,data/raw/fakeavceleb/FakeAVCeleb_v1.2/FakeAVCeleb_v1.2/FakeVideo-FakeAudio/Asian (South)/women/id04927/00013_id00417_GhIZam3v09g_faceswap_id03815_wavtolip.mp4,00013_id00417_GhIZam3v09g_faceswap_id03815_wavtolip.mp4,FakeAVCeleb,FakeVideo-FakeAudio,AUDIO_VISUAL_MANIPULATION,1,1,3,id04927,Asian (South),women,13,id00417;id03815,faceswap,4,calibration
fac_0af90a0fd52b,data/raw/fakeavceleb/FakeAVCeleb_v1.2/FakeAVCeleb_v1.2/FakeVideo-FakeAudio/Asian (South)/women/id04927/00013_id00417_GhIZam3v09g_faceswap_id05845_wavtolip.mp4,00013_id00417_GhIZam3v09g_faceswap_id05845_wavtolip.mp4,FakeAVCeleb,FakeVideo-FakeAudio,AUDIO_VISUAL_MANIPULATION,1,1,3,id04927,Asian (South),women,13,id00417;id05845,faceswap,4,calibration
fac_0ec361f71184,data/raw/fakeavceleb/FakeAVCeleb_v1.2/FakeAVCeleb_v1.2/FakeVideo-FakeAudio/Asian (South)/women/id04927/00013_id00417_GhIZam3v09g_id07236_wavtolip.mp4,00013_id00417_GhIZam3v09g_id07236_wavtolip.mp4,FakeAVCeleb,FakeVideo-FakeAudio,AUDIO_VISUAL_MANIPULATION,1,1,3,id04927,Asian (South),women,13,id00417;id07236,wav2lip,4,calibration
fac_b48b4a452cdc,data/raw/fakeavceleb/FakeAVCeleb_v1.2/FakeAVCeleb_v1.2/FakeVideo-FakeAudio/Asian (South)/women/id04927/00013_id00739_CT-6UmfLiU0_id04927_wavtolip.mp4,00013_id00739_CT-6UmfLiU0_id04927_wavtolip.mp4,FakeAVCeleb,FakeVideo-FakeAudio,AUDIO_VISUAL_MANIPULATION,1,1,3,id04927,Asian (South),women,13,id00739;id04927,wav2lip,4,calibration
fac_6580be2b04c0,data/raw/fakeavceleb/FakeAVCeleb_v1.2/FakeAVCeleb_v1.2/FakeVideo-FakeAudio/Asian (South)/women/id04927/00013_id00747_l3eOd4UDsGc_id07051_wavtolip.mp4,00013_id00747_l3eOd4UDsGc_id07051_wavtolip.mp4,FakeAVCeleb,FakeVideo-FakeAudio,AUDIO_VISUAL_MANIPULATION,1,1,3,id04927,Asian (South),women,13,id00747;id07051,wav2lip,4,calibration
fac_430526b242f5,data/raw/fakeavceleb/FakeAVCeleb_v1.2/FakeAVCeleb_v1.2/FakeVideo-FakeAudio/Asian (South)/women/id04927/00013_id01026_rM4ZERt7oM0_id06428_wavtolip.mp4,00013_id01026_rM4ZERt7oM0_id06428_wavtolip.mp4,FakeAVCeleb,FakeVideo-FakeAudio,AUDIO_VISUAL_MANIPULATION,1,1,3,id04927,Asian (South),women,13,id01026;id06428,wav2lip,4,calibration
fac_ed0925361b55,data/raw/fakeavceleb/FakeAVCeleb_v1.2/FakeAVCeleb_v1.2/FakeVideo-FakeAudio/Asian (South)/women/id04927/00013_id02089_wavtolip.mp4,00013_id02089_wavtolip.mp4,FakeAVCeleb,FakeVideo-FakeAudio,AUDIO_VISUAL_MANIPULATION,1,1,3,id04927,Asian (South),women,13,id02089,wav2lip,4,calibration
fac_c877ff38b57a,data/raw/fakeavceleb/FakeAVCeleb_v1.2/FakeAVCeleb_v1.2/FakeVideo-FakeAudio/Asian (South)/women/id04927/00013_id03559_pgetxl1qbzM_id03559_wavtolip.mp4,00013_id03559_pgetxl1qbzM_id03559_wavtolip.mp4,FakeAVCeleb,FakeVideo-FakeAudio,AUDIO_VISUAL_MANIPULATION,1,1,3,id04927,Asian (South),women,13,id03559;id03559,wav2lip,4,calibration
fac_7933e768fa1d,data/raw/fakeavceleb/FakeAVCeleb_v1.2/FakeAVCeleb_v1.2/FakeVideo-FakeAudio/Asian (South)/women/id04927/00013_id03985_wavtolip.mp4,00013_id03985_wavtolip.mp4,FakeAVCeleb,FakeVideo-FakeAudio,AUDIO_VISUAL_MANIPULATION,1,1,3,id04927,Asian (South),women,13,id03985,wav2lip,4,calibration
fac_0724de977374,data/raw/fakeavceleb/FakeAVCeleb_v1.2/FakeAVCeleb_v1.2/FakeVideo-FakeAudio/Asian (South)/women/id04927/00013_id04927_wavtolip.mp4,00013_id04927_wavtolip.mp4,FakeAVCeleb,FakeVideo-FakeAudio,AUDIO_VISUAL_MANIPULATION,1,1,3,id04927,Asian (South),women,13,id04927,wav2lip,4,calibration
fac_d7be159fa175,data/raw/fakeavceleb/FakeAVCeleb_v1.2/FakeAVCeleb_v1.2/FakeVideo-FakeAudio/Asian (South)/women/id04927/00013_id05434_6p7kCmdOjDQ_id07051_wavtolip.mp4,00013_id05434_6p7kCmdOjDQ_id07051_wavtolip.mp4,FakeAVCeleb,FakeVideo-FakeAudio,AUDIO_VISUAL_MANIPULATION,1,1,3,id04927,Asian (South),women,13,id05434;id07051,wav2lip,4,calibration
fac_72d402e7be09,data/raw/fakeavceleb/FakeAVCeleb_v1.2/FakeAVCeleb_v1.2/FakeVideo-FakeAudio/Asian (South)/women/id04927/00013_id05478_VJkjRzPt-Jw_id00747_wavtolip.mp4,00013_id05478_VJkjRzPt-Jw_id00747_wavtolip.mp4,FakeAVCeleb,FakeVideo-FakeAudio,AUDIO_VISUAL_MANIPULATION,1,1,3,id04927,Asian (South),women,13,id05478;id00747,wav2lip,4,calibration
fac_345de576880a,data/raw/fakeavceleb/FakeAVCeleb_v1.2/FakeAVCeleb_v1.2/FakeVideo-FakeAudio/Asian (South)/women/id04927/00013_id05920_wavtolip.mp4,00013_id05920_wavtolip.mp4,FakeAVCeleb,FakeVideo-FakeAudio,AUDIO_VISUAL_MANIPULATION,1,1,3,id04927,Asian (South),women,13,id05920,wav2lip,4,calibration
fac_6665fd49740c,data/raw/fakeavceleb/FakeAVCeleb_v1.2/FakeAVCeleb_v1.2/FakeVideo-FakeAudio/Asian (South)/women/id04927/00013_id05931_bFqu86NV3hk_id00043_wavtolip.mp4,00013_id05931_bFqu86NV3hk_id00043_wavtolip.mp4,FakeAVCeleb,FakeVideo-FakeAudio,AUDIO_VISUAL_MANIPULATION,1,1,3,id04927,Asian (South),women,13,id05931;id00043,wav2lip,4,calibration
fac_68978cada537,data/raw/fakeavceleb/FakeAVCeleb_v1.2/FakeAVCeleb_v1.2/FakeVideo-FakeAudio/Asian (South)/women/id04927/00013_id06232_wavtolip.mp4,00013_id06232_wavtolip.mp4,FakeAVCeleb,FakeVideo-FakeAudio,AUDIO_VISUAL_MANIPULATION,1,1,3,id04927,Asian (South),women,13,id06232,wav2lip,4,calibration
fac_76c9fd5e299a,data/raw/fakeavceleb/FakeAVCeleb_v1.2/FakeAVCeleb_v1.2/FakeVideo-FakeAudio/Asian (South)/women/id04927/00013_id06437_wavtolip.mp4,00013_id06437_wavtolip.mp4,FakeAVCeleb,FakeVideo-FakeAudio,AUDIO_VISUAL_MANIPULATION,1,1,3,id04927,Asian (South),women,13,id06437,wav2lip,4,calibration
fac_3ae9b3a44a42,data/raw/fakeavceleb/FakeAVCeleb_v1.2/FakeAVCeleb_v1.2/FakeVideo-FakeAudio/Asian (South)/women/id04927/00013_id06438_wavtolip.mp4,00013_id06438_wavtolip.mp4,FakeAVCeleb,FakeVideo-FakeAudio,AUDIO_VISUAL_MANIPULATION,1,1,3,id04927,Asian (South),women,13,id06438,wav2lip,4,calibration
fac_dc5eaa785fd9,data/raw/fakeavceleb/FakeAVCeleb_v1.2/FakeAVCeleb_v1.2/FakeVideo-FakeAudio/Asian (South)/women/id04927/00013_id06439_wavtolip.mp4,00013_id06439_wavtolip.mp4,FakeAVCeleb,FakeVideo-FakeAudio,AUDIO_VISUAL_MANIPULATION,1,1,3,id04927,Asian (South),women,13,id06439,wav2lip,4,calibration
fac_9efb2ae36e14,data/raw/fakeavceleb/FakeAVCeleb_v1.2/FakeAVCeleb_v1.2/FakeVideo-FakeAudio/Asian (South)/women/id04927/00013_id06752_wavtolip.mp4,00013_id06752_wavtolip.mp4,FakeAVCeleb,FakeVideo-FakeAudio,AUDIO_VISUAL_MANIPULATION,1,1,3,id04927,Asian (South),women,13,id06752,wav2lip,4,calibration
fac_bff4dc175b5b,data/raw/fakeavceleb/FakeAVCeleb_v1.2/FakeAVCeleb_v1.2/FakeVideo-FakeAudio/Asian (South)/women/id05434/00052_id00149_wavtolip.mp4,00052_id00149_wavtolip.mp4,FakeAVCeleb,FakeVideo-FakeAudio,AUDIO_VISUAL_MANIPULATION,1,1,3,id05434,Asian (South),women,52,id00149,wav2lip,4,calibration
fac_7341c2aab0af,data/raw/fakeavceleb/FakeAVCeleb_v1.2/FakeAVCeleb_v1.2/FakeVideo-FakeAudio/Asian (South)/women/id05434/00052_id00417_GhIZam3v09g_faceswap_id03559_wavtolip.mp4,00052_id00417_GhIZam3v09g_faceswap_id03559_wavtolip.mp4,FakeAVCeleb,FakeVideo-FakeAudio,AUDIO_VISUAL_MANIPULATION,1,1,3,id05434,Asian (South),women,52,id00417;id03559,faceswap,4,calibration
fac_b8a0c61dec6a,data/raw/fakeavceleb/FakeAVCeleb_v1.2/FakeAVCeleb_v1.2/FakeVideo-FakeAudio/Asian (South)/women/id05434/00052_id00417_GhIZam3v09g_faceswap_id05435_wavtolip.mp4,00052_id00417_GhIZam3v09g_faceswap_id05435_wavtolip.mp4,FakeAVCeleb,FakeVideo-FakeAudio,AUDIO_VISUAL_MANIPULATION,1,1,3,id05434,Asian (South),women,52,id00417;id05435,faceswap,4,calibration
fac_878fbb50b07c,data/raw/fakeavceleb/FakeAVCeleb_v1.2/FakeAVCeleb_v1.2/FakeVideo-FakeAudio/Asian (South)/women/id05434/00052_id00417_GhIZam3v09g_faceswap_id05920_wavtolip.mp4,00052_id00417_GhIZam3v09g_faceswap_id05920_wavtolip.mp4,FakeAVCeleb,FakeVideo-FakeAudio,AUDIO_VISUAL_MANIPULATION,1,1,3,id05434,Asian (South),women,52,id00417;id05920,faceswap,4,calibration
fac_85b469ea6005,data/raw/fakeavceleb/FakeAVCeleb_v1.2/FakeAVCeleb_v1.2/FakeVideo-FakeAudio/Asian (South)/women/id05434/00052_id00417_GhIZam3v09g_faceswap_id06254_wavtolip.mp4,00052_id00417_GhIZam3v09g_faceswap_id06254_wavtolip.mp4,FakeAVCeleb,FakeVideo-FakeAudio,AUDIO_VISUAL_MANIPULATION,1,1,3,id05434,Asian (South),women,52,id00417;id06254,faceswap,4,calibration
fac_f91adb0effb0,data/raw/fakeavceleb/FakeAVCeleb_v1.2/FakeAVCeleb_v1.2/FakeVideo-FakeAudio/Asian (South)/women/id05434/00052_id00488_wavtolip.mp4,00052_id00488_wavtolip.mp4,FakeAVCeleb,FakeVideo-FakeAudio,AUDIO_VISUAL_MANIPULATION,1,1,3,id05434,Asian (South),women,52,id00488,wav2lip,4,calibration
fac_8c55e0617f0f,data/raw/fakeavceleb/FakeAVCeleb_v1.2/FakeAVCeleb_v1.2/FakeVideo-FakeAudio/Asian (South)/women/id05434/00052_id01026_rM4ZERt7oM0_id05478_wavtolip.mp4,00052_id01026_rM4ZERt7oM0_id05478_wavtolip.mp4,FakeAVCeleb,FakeVideo-FakeAudio,AUDIO_VISUAL_MANIPULATION,1,1,3,id05434,Asian (South),women,52,id01026;id05478,wav2lip,4,calibration
fac_e45fd5b5ba8b,data/raw/fakeavceleb/FakeAVCeleb_v1.2/FakeAVCeleb_v1.2/FakeVideo-FakeAudio/Asian (South)/women/id05434/00052_id04490_wavtolip.mp4,00052_id04490_wavtolip.mp4,FakeAVCeleb,FakeVideo-FakeAudio,AUDIO_VISUAL_MANIPULATION,1,1,3,id05434,Asian (South),women,52,id04490,wav2lip,4,calibration
fac_315470b1467b,data/raw/fakeavceleb/FakeAVCeleb_v1.2/FakeAVCeleb_v1.2/FakeVideo-FakeAudio/Asian (South)/women/id05434/00052_id04564_wavtolip.mp4,00052_id04564_wavtolip.mp4,FakeAVCeleb,FakeVideo-FakeAudio,AUDIO_VISUAL_MANIPULATION,1,1,3,id05434,Asian (South),women,52,id04564,wav2lip,4,calibration
fac_42a6c9569d49,data/raw/fakeavceleb/FakeAVCeleb_v1.2/FakeAVCeleb_v1.2/FakeVideo-FakeAudio/Asian (South)/women/id05434/00052_id04582_wavtolip.mp4,00052_id04582_wavtolip.mp4,FakeAVCeleb,FakeVideo-FakeAudio,AUDIO_VISUAL_MANIPULATION,1,1,3,id05434,Asian (South),women,52,id04582,wav2lip,4,calibration
fac_89eefdca1095,data/raw/fakeavceleb/FakeAVCeleb_v1.2/FakeAVCeleb_v1.2/FakeVideo-FakeAudio/Asian (South)/women/id05434/00052_id04583_wavtolip.mp4,00052_id04583_wavtolip.mp4,FakeAVCeleb,FakeVideo-FakeAudio,AUDIO_VISUAL_MANIPULATION,1,1,3,id05434,Asian (South),women,52,id04583,wav2lip,4,calibration
fac_f0828a4c2b67,data/raw/fakeavceleb/FakeAVCeleb_v1.2/FakeAVCeleb_v1.2/FakeVideo-FakeAudio/Asian (South)/women/id05434/00052_id06232_wavtolip.mp4,00052_id06232_wavtolip.mp4,FakeAVCeleb,FakeVideo-FakeAudio,AUDIO_VISUAL_MANIPULATION,1,1,3,id05434,Asian (South),women,52,id06232,wav2lip,4,calibration
fac_05c017adfaea,data/raw/fakeavceleb/FakeAVCeleb_v1.2/FakeAVCeleb_v1.2/FakeVideo-FakeAudio/Asian (South)/women/id05434/00052_id06254_wavtolip.mp4,00052_id06254_wavtolip.mp4,FakeAVCeleb,FakeVideo-FakeAudio,AUDIO_VISUAL_MANIPULATION,1,1,3,id05434,Asian (South),women,52,id06254,wav2lip,4,calibration
fac_e8bbe6ae3eef,data/raw/fakeavceleb/FakeAVCeleb_v1.2/FakeAVCeleb_v1.2/FakeVideo-FakeAudio/Asian (South)/women/id05434/00052_id06428_A9nvRKd1afA_id06343_wavtolip.mp4,00052_id06428_A9nvRKd1afA_id06343_wavtolip.mp4,FakeAVCeleb,FakeVideo-FakeAudio,AUDIO_VISUAL_MANIPULATION,1,1,3,id05434,Asian (South),women,52,id06428;id06343,wav2lip,4,calibration
fac_9727b53bd6c4,data/raw/fakeavceleb/FakeAVCeleb_v1.2/FakeAVCeleb_v1.2/FakeVideo-FakeAudio/Asian (South)/women/id05434/00052_id07008_wavtolip.mp4,00052_id07008_wavtolip.mp4,FakeAVCeleb,FakeVideo-FakeAudio,AUDIO_VISUAL_MANIPULATION,1,1,3,id05434,Asian (South),women,52,id07008,wav2lip,4,calibration
fac_8f0ac552a636,data/raw/fakeavceleb/FakeAVCeleb_v1.2/FakeAVCeleb_v1.2/FakeVideo-FakeAudio/Asian (South)/women/id05435/00107_id00043_wavtolip.mp4,00107_id00043_wavtolip.mp4,FakeAVCeleb,FakeVideo-FakeAudio,AUDIO_VISUAL_MANIPULATION,1,1,3,id05435,Asian (South),women,107,id00043,wav2lip,4,calibration
fac_80729ad3121c,data/raw/fakeavceleb/FakeAVCeleb_v1.2/FakeAVCeleb_v1.2/FakeVideo-FakeAudio/Asian (South)/women/id05435/00107_id00417_wavtolip.mp4,00107_id00417_wavtolip.mp4,FakeAVCeleb,FakeVideo-FakeAudio,AUDIO_VISUAL_MANIPULATION,1,1,3,id05435,Asian (South),women,107,id00417,wav2lip,4,calibration
fac_4f4bc9608bff,data/raw/fakeavceleb/FakeAVCeleb_v1.2/FakeAVCeleb_v1.2/FakeVideo-FakeAudio/Asian (South)/women/id05435/00107_id00488_F3YxmZ9CYFw_faceswap_id00080_wavtolip.mp4,00107_id00488_F3YxmZ9CYFw_faceswap_id00080_wavtolip.mp4,FakeAVCeleb,FakeVideo-FakeAudio,AUDIO_VISUAL_MANIPULATION,1,1,3,id05435,Asian (South),women,107,id00488;id00080,faceswap,4,calibration
fac_8e29105d5102,data/raw/fakeavceleb/FakeAVCeleb_v1.2/FakeAVCeleb_v1.2/FakeVideo-FakeAudio/Asian (South)/women/id05435/00107_id00488_F3YxmZ9CYFw_faceswap_id00417_wavtolip.mp4,00107_id00488_F3YxmZ9CYFw_faceswap_id00417_wavtolip.mp4,FakeAVCeleb,FakeVideo-FakeAudio,AUDIO_VISUAL_MANIPULATION,1,1,3,id05435,Asian (South),women,107,id00488;id00417,faceswap,4,calibration
fac_738ca905e995,data/raw/fakeavceleb/FakeAVCeleb_v1.2/FakeAVCeleb_v1.2/FakeVideo-FakeAudio/Asian (South)/women/id05435/00107_id00488_F3YxmZ9CYFw_faceswap_id02619_wavtolip.mp4,00107_id00488_F3YxmZ9CYFw_faceswap_id02619_wavtolip.mp4,FakeAVCeleb,FakeVideo-FakeAudio,AUDIO_VISUAL_MANIPULATION,1,1,3,id05435,Asian (South),women,107,id00488;id02619,faceswap,4,calibration
fac_705627f20465,data/raw/fakeavceleb/FakeAVCeleb_v1.2/FakeAVCeleb_v1.2/FakeVideo-FakeAudio/Asian (South)/women/id05435/00107_id00488_F3YxmZ9CYFw_faceswap_id03985_wavtolip.mp4,00107_id00488_F3YxmZ9CYFw_faceswap_id03985_wavtolip.mp4,FakeAVCeleb,FakeVideo-FakeAudio,AUDIO_VISUAL_MANIPULATION,1,1,3,id05435,Asian (South),women,107,id00488;id03985,faceswap,4,calibration
fac_d34533a330be,data/raw/fakeavceleb/FakeAVCeleb_v1.2/FakeAVCeleb_v1.2/FakeVideo-FakeAudio/Asian (South)/women/id05435/00107_id00488_F3YxmZ9CYFw_faceswap_id04582_wavtolip.mp4,00107_id00488_F3YxmZ9CYFw_faceswap_id04582_wavtolip.mp4,FakeAVCeleb,FakeVideo-FakeAudio,AUDIO_VISUAL_MANIPULATION,1,1,3,id05435,Asian (South),women,107,id00488;id04582,faceswap,4,calibration
fac_41bd2f9cdb18,data/raw/fakeavceleb/FakeAVCeleb_v1.2/FakeAVCeleb_v1.2/FakeVideo-FakeAudio/Asian (South)/women/id05435/00107_id00488_F3YxmZ9CYFw_id00235_wavtolip.mp4,00107_id00488_F3YxmZ9CYFw_id00235_wavtolip.mp4,FakeAVCeleb,FakeVideo-FakeAudio,AUDIO_VISUAL_MANIPULATION,1,1,3,id05435,Asian (South),women,107,id00488;id00235,wav2lip,4,calibration
fac_641da139fcfa,data/raw/fakeavceleb/FakeAVCeleb_v1.2/FakeAVCeleb_v1.2/FakeVideo-FakeAudio/Asian (South)/women/id05435/00107_id03815_wavtolip.mp4,00107_id03815_wavtolip.mp4,FakeAVCeleb,FakeVideo-FakeAudio,AUDIO_VISUAL_MANIPULATION,1,1,3,id05435,Asian (South),women,107,id03815,wav2lip,4,calibration
fac_520ee058b30b,data/raw/fakeavceleb/FakeAVCeleb_v1.2/FakeAVCeleb_v1.2/FakeVideo-FakeAudio/Asian (South)/women/id05435/00107_id03897_wavtolip.mp4,00107_id03897_wavtolip.mp4,FakeAVCeleb,FakeVideo-FakeAudio,AUDIO_VISUAL_MANIPULATION,1,1,3,id05435,Asian (South),women,107,id03897,wav2lip,4,calibration
fac_e63d82de6ec2,data/raw/fakeavceleb/FakeAVCeleb_v1.2/FakeAVCeleb_v1.2/FakeVideo-FakeAudio/Asian (South)/women/id05435/00107_id03985_01aVtyjfVFM_id04490_wavtolip.mp4,00107_id03985_01aVtyjfVFM_id04490_wavtolip.mp4,FakeAVCeleb,FakeVideo-FakeAudio,AUDIO_VISUAL_MANIPULATION,1,1,3,id05435,Asian (South),women,107,id03985;id04490,wav2lip,4,calibration
fac_37f778fc4688,data/raw/fakeavceleb/FakeAVCeleb_v1.2/FakeAVCeleb_v1.2/FakeVideo-FakeAudio/Asian (South)/women/id05435/00107_id03985_wavtolip.mp4,00107_id03985_wavtolip.mp4,FakeAVCeleb,FakeVideo-FakeAudio,AUDIO_VISUAL_MANIPULATION,1,1,3,id05435,Asian (South),women,107,id03985,wav2lip,4,calibration
fac_7ce1de0ddb68,data/raw/fakeavceleb/FakeAVCeleb_v1.2/FakeAVCeleb_v1.2/FakeVideo-FakeAudio/Asian (South)/women/id05435/00107_id04529_S92uo-UShxE_id00149_wavtolip.mp4,00107_id04529_S92uo-UShxE_id00149_wavtolip.mp4,FakeAVCeleb,FakeVideo-FakeAudio,AUDIO_VISUAL_MANIPULATION,1,1,3,id05435,Asian (South),women,107,id04529;id00149,wav2lip,4,calibration
fac_a69f7c92b21c,data/raw/fakeavceleb/FakeAVCeleb_v1.2/FakeAVCeleb_v1.2/FakeVideo-FakeAudio/Asian (South)/women/id05435/00107_id04529_wavtolip.mp4,00107_id04529_wavtolip.mp4,FakeAVCeleb,FakeVideo-FakeAudio,AUDIO_VISUAL_MANIPULATION,1,1,3,id05435,Asian (South),women,107,id04529,wav2lip,4,calibration
fac_40219ff96ce3,data/raw/fakeavceleb/FakeAVCeleb_v1.2/FakeAVCeleb_v1.2/FakeVideo-FakeAudio/Asian (South)/women/id05435/00107_id04530_W5-PTTL9HzU_id03897_wavtolip.mp4,00107_id04530_W5-PTTL9HzU_id03897_wavtolip.mp4,FakeAVCeleb,FakeVideo-FakeAudio,AUDIO_VISUAL_MANIPULATION,1,1,3,id05435,Asian (South),women,107,id04530;id03897,wav2lip,4,calibration
fac_786828537bb4,data/raw/fakeavceleb/FakeAVCeleb_v1.2/FakeAVCeleb_v1.2/FakeVideo-FakeAudio/Asian (South)/women/id05435/00107_id04564_wavtolip.mp4,00107_id04564_wavtolip.mp4,FakeAVCeleb,FakeVideo-FakeAudio,AUDIO_VISUAL_MANIPULATION,1,1,3,id05435,Asian (South),women,107,id04564,wav2lip,4,calibration
fac_a228a8e9572c,data/raw/fakeavceleb/FakeAVCeleb_v1.2/FakeAVCeleb_v1.2/FakeVideo-FakeAudio/Asian (South)/women/id05435/00107_id05478_VJkjRzPt-Jw_id04490_wavtolip.mp4,00107_id05478_VJkjRzPt-Jw_id04490_wavtolip.mp4,FakeAVCeleb,FakeVideo-FakeAudio,AUDIO_VISUAL_MANIPULATION,1,1,3,id05435,Asian (South),women,107,id05478;id04490,wav2lip,4,calibration
fac_c1a8453c489d,data/raw/fakeavceleb/FakeAVCeleb_v1.2/FakeAVCeleb_v1.2/FakeVideo-FakeAudio/Asian (South)/women/id05435/00107_id05845_XfMHm6CEwPw_id06752_wavtolip.mp4,00107_id05845_XfMHm6CEwPw_id06752_wavtolip.mp4,FakeAVCeleb,FakeVideo-FakeAudio,AUDIO_VISUAL_MANIPULATION,1,1,3,id05435,Asian (South),women,107,id05845;id06752,wav2lip,4,calibration
fac_4b2b4ce2708b,data/raw/fakeavceleb/FakeAVCeleb_v1.2/FakeAVCeleb_v1.2/FakeVideo-FakeAudio/Asian (South)/women/id05435/00107_id06439_wavtolip.mp4,00107_id06439_wavtolip.mp4,FakeAVCeleb,FakeVideo-FakeAudio,AUDIO_VISUAL_MANIPULATION,1,1,3,id05435,Asian (South),women,107,id06439,wav2lip,4,calibration
fac_cf44c90341b4,data/raw/fakeavceleb/FakeAVCeleb_v1.2/FakeAVCeleb_v1.2/FakeVideo-FakeAudio/Asian (South)/women/id05435/00107_id07051_d1c0Pl2aP_4_id05931_wavtolip.mp4,00107_id07051_d1c0Pl2aP_4_id05931_wavtolip.mp4,FakeAVCeleb,FakeVideo-FakeAudio,AUDIO_VISUAL_MANIPULATION,1,1,3,id05435,Asian (South),women,107,id07051;id05931,wav2lip,4,calibration
fac_eae1e7c68c74,data/raw/fakeavceleb/FakeAVCeleb_v1.2/FakeAVCeleb_v1.2/FakeVideo-FakeAudio/Asian (South)/women/id05435/00107_id07689_wavtolip.mp4,00107_id07689_wavtolip.mp4,FakeAVCeleb,FakeVideo-FakeAudio,AUDIO_VISUAL_MANIPULATION,1,1,3,id05435,Asian (South),women,107,id07689,wav2lip,4,calibration
fac_005cb42c4ecb,data/raw/fakeavceleb/FakeAVCeleb_v1.2/FakeAVCeleb_v1.2/FakeVideo-FakeAudio/Asian (South)/women/id05478/00135_id00080_wavtolip.mp4,00135_id00080_wavtolip.mp4,FakeAVCeleb,FakeVideo-FakeAudio,AUDIO_VISUAL_MANIPULATION,1,1,3,id05478,Asian (South),women,135,id00080,wav2lip,4,calibration
fac_39d6af35d8cf,data/raw/fakeavceleb/FakeAVCeleb_v1.2/FakeAVCeleb_v1.2/FakeVideo-FakeAudio/Asian (South)/women/id05478/00135_id00149_wavtolip.mp4,00135_id00149_wavtolip.mp4,FakeAVCeleb,FakeVideo-FakeAudio,AUDIO_VISUAL_MANIPULATION,1,1,3,id05478,Asian (South),women,135,id00149,wav2lip,4,calibration
fac_6f622b8a3afe,data/raw/fakeavceleb/FakeAVCeleb_v1.2/FakeAVCeleb_v1.2/FakeVideo-FakeAudio/Asian (South)/women/id05478/00135_id00488_F3YxmZ9CYFw_id03559_wavtolip.mp4,00135_id00488_F3YxmZ9CYFw_id03559_wavtolip.mp4,FakeAVCeleb,FakeVideo-FakeAudio,AUDIO_VISUAL_MANIPULATION,1,1,3,id05478,Asian (South),women,135,id00488;id03559,wav2lip,4,calibration
fac_0e0ce3497d89,data/raw/fakeavceleb/FakeAVCeleb_v1.2/FakeAVCeleb_v1.2/FakeVideo-FakeAudio/Asian (South)/women/id05478/00135_id02089_wavtolip.mp4,00135_id02089_wavtolip.mp4,FakeAVCeleb,FakeVideo-FakeAudio,AUDIO_VISUAL_MANIPULATION,1,1,3,id05478,Asian (South),women,135,id02089,wav2lip,4,calibration
fac_dc916bb97afb,data/raw/fakeavceleb/FakeAVCeleb_v1.2/FakeAVCeleb_v1.2/FakeVideo-FakeAudio/Asian (South)/women/id05478/00135_id03559_pgetxl1qbzM_id06268_wavtolip.mp4,00135_id03559_pgetxl1qbzM_id06268_wavtolip.mp4,FakeAVCeleb,FakeVideo-FakeAudio,AUDIO_VISUAL_MANIPULATION,1,1,3,id05478,Asian (South),women,135,id03559;id06268,wav2lip,4,calibration
fac_5e7cbf5ceda8,data/raw/fakeavceleb/FakeAVCeleb_v1.2/FakeAVCeleb_v1.2/FakeVideo-FakeAudio/Asian (South)/women/id05478/00135_id03559_wavtolip.mp4,00135_id03559_wavtolip.mp4,FakeAVCeleb,FakeVideo-FakeAudio,AUDIO_VISUAL_MANIPULATION,1,1,3,id05478,Asian (South),women,135,id03559,wav2lip,4,calibration
fac_3f2003f57a7c,data/raw/fakeavceleb/FakeAVCeleb_v1.2/FakeAVCeleb_v1.2/FakeVideo-FakeAudio/Asian (South)/women/id05478/00135_id04070_wavtolip.mp4,00135_id04070_wavtolip.mp4,FakeAVCeleb,FakeVideo-FakeAudio,AUDIO_VISUAL_MANIPULATION,1,1,3,id05478,Asian (South),women,135,id04070,wav2lip,4,calibration
fac_96b99c4306aa,data/raw/fakeavceleb/FakeAVCeleb_v1.2/FakeAVCeleb_v1.2/FakeVideo-FakeAudio/Asian (South)/women/id05478/00135_id04583_M10zZFjuAb0_id06752_wavtolip.mp4,00135_id04583_M10zZFjuAb0_id06752_wavtolip.mp4,FakeAVCeleb,FakeVideo-FakeAudio,AUDIO_VISUAL_MANIPULATION,1,1,3,id05478,Asian (South),women,135,id04583;id06752,wav2lip,4,calibration
fac_9de3b4cd6a0b,data/raw/fakeavceleb/FakeAVCeleb_v1.2/FakeAVCeleb_v1.2/FakeVideo-FakeAudio/Asian (South)/women/id05478/00135_id04927_8MD618FRyfA_id07236_wavtolip.mp4,00135_id04927_8MD618FRyfA_id07236_wavtolip.mp4,FakeAVCeleb,FakeVideo-FakeAudio,AUDIO_VISUAL_MANIPULATION,1,1,3,id05478,Asian (South),women,135,id04927;id07236,wav2lip,4,calibration
fac_24ff324b94e6,data/raw/fakeavceleb/FakeAVCeleb_v1.2/FakeAVCeleb_v1.2/FakeVideo-FakeAudio/Asian (South)/women/id05478/00135_id05435_OvX-Jv_whcU_id03897_wavtolip.mp4,00135_id05435_OvX-Jv_whcU_id03897_wavtolip.mp4,FakeAVCeleb,FakeVideo-FakeAudio,AUDIO_VISUAL_MANIPULATION,1,1,3,id05478,Asian (South),women,135,id05435;id03897,wav2lip,4,calibration
fac_23d6795748bb,data/raw/fakeavceleb/FakeAVCeleb_v1.2/FakeAVCeleb_v1.2/FakeVideo-FakeAudio/Asian (South)/women/id05478/00135_id05845_XfMHm6CEwPw_faceswap_id02310_wavtolip.mp4,00135_id05845_XfMHm6CEwPw_faceswap_id02310_wavtolip.mp4,FakeAVCeleb,FakeVideo-FakeAudio,AUDIO_VISUAL_MANIPULATION,1,1,3,id05478,Asian (South),women,135,id05845;id02310,faceswap,4,calibration
fac_4224d1e6d76c,data/raw/fakeavceleb/FakeAVCeleb_v1.2/FakeAVCeleb_v1.2/FakeVideo-FakeAudio/Asian (South)/women/id05478/00135_id05845_XfMHm6CEwPw_faceswap_id05845_wavtolip.mp4,00135_id05845_XfMHm6CEwPw_faceswap_id05845_wavtolip.mp4,FakeAVCeleb,FakeVideo-FakeAudio,AUDIO_VISUAL_MANIPULATION,1,1,3,id05478,Asian (South),women,135,id05845;id05845,faceswap,4,calibration
fac_37b832656902,data/raw/fakeavceleb/FakeAVCeleb_v1.2/FakeAVCeleb_v1.2/FakeVideo-FakeAudio/Asian (South)/women/id05478/00135_id05845_XfMHm6CEwPw_faceswap_id06752_wavtolip.mp4,00135_id05845_XfMHm6CEwPw_faceswap_id06752_wavtolip.mp4,FakeAVCeleb,FakeVideo-FakeAudio,AUDIO_VISUAL_MANIPULATION,1,1,3,id05478,Asian (South),women,135,id05845;id06752,faceswap,4,calibration
fac_f3ad6c14d092,data/raw/fakeavceleb/FakeAVCeleb_v1.2/FakeAVCeleb_v1.2/FakeVideo-FakeAudio/Asian (South)/women/id05478/00135_id05845_XfMHm6CEwPw_faceswap_id07051_wavtolip.mp4,00135_id05845_XfMHm6CEwPw_faceswap_id07051_wavtolip.mp4,FakeAVCeleb,FakeVideo-FakeAudio,AUDIO_VISUAL_MANIPULATION,1,1,3,id05478,Asian (South),women,135,id05845;id07051,faceswap,4,calibration
fac_cb7ca09c1bd1,data/raw/fakeavceleb/FakeAVCeleb_v1.2/FakeAVCeleb_v1.2/FakeVideo-FakeAudio/Asian (South)/women/id05478/00135_id05845_XfMHm6CEwPw_faceswap_id07686_wavtolip.mp4,00135_id05845_XfMHm6CEwPw_faceswap_id07686_wavtolip.mp4,FakeAVCeleb,FakeVideo-FakeAudio,AUDIO_VISUAL_MANIPULATION,1,1,3,id05478,Asian (South),women,135,id05845;id07686,faceswap,4,calibration
fac_046f921699d2,data/raw/fakeavceleb/FakeAVCeleb_v1.2/FakeAVCeleb_v1.2/FakeVideo-FakeAudio/Asian (South)/women/id05478/00135_id05845_XfMHm6CEwPw_id04529_wavtolip.mp4,00135_id05845_XfMHm6CEwPw_id04529_wavtolip.mp4,FakeAVCeleb,FakeVideo-FakeAudio,AUDIO_VISUAL_MANIPULATION,1,1,3,id05478,Asian (South),women,135,id05845;id04529,wav2lip,4,calibration
fac_32c429e06011,data/raw/fakeavceleb/FakeAVCeleb_v1.2/FakeAVCeleb_v1.2/FakeVideo-FakeAudio/Asian (South)/women/id05478/00135_id06268_wavtolip.mp4,00135_id06268_wavtolip.mp4,FakeAVCeleb,FakeVideo-FakeAudio,AUDIO_VISUAL_MANIPULATION,1,1,3,id05478,Asian (South),women,135,id06268,wav2lip,4,calibration
fac_5a175e23c980,data/raw/fakeavceleb/FakeAVCeleb_v1.2/FakeAVCeleb_v1.2/FakeVideo-FakeAudio/Asian (South)/women/id05478/00135_id06437_wavtolip.mp4,00135_id06437_wavtolip.mp4,FakeAVCeleb,FakeVideo-FakeAudio,AUDIO_VISUAL_MANIPULATION,1,1,3,id05478,Asian (South),women,135,id06437,wav2lip,4,calibration
fac_c54668d92e1c,data/raw/fakeavceleb/FakeAVCeleb_v1.2/FakeAVCeleb_v1.2/FakeVideo-FakeAudio/Asian (South)/women/id05478/00135_id06438_vf3xBVgYqYA_id04564_wavtolip.mp4,00135_id06438_vf3xBVgYqYA_id04564_wavtolip.mp4,FakeAVCeleb,FakeVideo-FakeAudio,AUDIO_VISUAL_MANIPULATION,1,1,3,id05478,Asian (South),women,135,id06438;id04564,wav2lip,4,calibration
fac_2d9b644ff05a,data/raw/fakeavceleb/FakeAVCeleb_v1.2/FakeAVCeleb_v1.2/FakeVideo-FakeAudio/Asian (South)/women/id05478/00135_id07377_wavtolip.mp4,00135_id07377_wavtolip.mp4,FakeAVCeleb,FakeVideo-FakeAudio,AUDIO_VISUAL_MANIPULATION,1,1,3,id05478,Asian (South),women,135,id07377,wav2lip,4,calibration
fac_b3614152ca54,data/raw/fakeavceleb/FakeAVCeleb_v1.2/FakeAVCeleb_v1.2/FakeVideo-FakeAudio/Asian (South)/women/id05845/00027_id00043_wavtolip.mp4,00027_id00043_wavtolip.mp4,FakeAVCeleb,FakeVideo-FakeAudio,AUDIO_VISUAL_MANIPULATION,1,1,3,id05845,Asian (South),women,27,id00043,wav2lip,4,calibration
fac_bd82ac004e93,data/raw/fakeavceleb/FakeAVCeleb_v1.2/FakeAVCeleb_v1.2/FakeVideo-FakeAudio/Asian (South)/women/id05845/00027_id00417_GhIZam3v09g_id07377_wavtolip.mp4,00027_id00417_GhIZam3v09g_id07377_wavtolip.mp4,FakeAVCeleb,FakeVideo-FakeAudio,AUDIO_VISUAL_MANIPULATION,1,1,3,id05845,Asian (South),women,27,id00417;id07377,wav2lip,4,calibration
fac_f880b1a3070f,data/raw/fakeavceleb/FakeAVCeleb_v1.2/FakeAVCeleb_v1.2/FakeVideo-FakeAudio/Asian (South)/women/id05845/00027_id00417_wavtolip.mp4,00027_id00417_wavtolip.mp4,FakeAVCeleb,FakeVideo-FakeAudio,AUDIO_VISUAL_MANIPULATION,1,1,3,id05845,Asian (South),women,27,id00417,wav2lip,4,calibration
fac_c55da92ff901,data/raw/fakeavceleb/FakeAVCeleb_v1.2/FakeAVCeleb_v1.2/FakeVideo-FakeAudio/Asian (South)/women/id05845/00027_id01026_wavtolip.mp4,00027_id01026_wavtolip.mp4,FakeAVCeleb,FakeVideo-FakeAudio,AUDIO_VISUAL_MANIPULATION,1,1,3,id05845,Asian (South),women,27,id01026,wav2lip,4,calibration
fac_9b0ac9e36f77,data/raw/fakeavceleb/FakeAVCeleb_v1.2/FakeAVCeleb_v1.2/FakeVideo-FakeAudio/Asian (South)/women/id05845/00027_id02310_wavtolip.mp4,00027_id02310_wavtolip.mp4,FakeAVCeleb,FakeVideo-FakeAudio,AUDIO_VISUAL_MANIPULATION,1,1,3,id05845,Asian (South),women,27,id02310,wav2lip,4,calibration
fac_cde3b9f04e30,data/raw/fakeavceleb/FakeAVCeleb_v1.2/FakeAVCeleb_v1.2/FakeVideo-FakeAudio/Asian (South)/women/id05845/00027_id02619_6AKIR2gTCNU_id00080_wavtolip.mp4,00027_id02619_6AKIR2gTCNU_id00080_wavtolip.mp4,FakeAVCeleb,FakeVideo-FakeAudio,AUDIO_VISUAL_MANIPULATION,1,1,3,id05845,Asian (South),women,27,id02619;id00080,wav2lip,4,calibration
fac_a67b0d76fbc3,data/raw/fakeavceleb/FakeAVCeleb_v1.2/FakeAVCeleb_v1.2/FakeVideo-FakeAudio/Asian (South)/women/id05845/00027_id04564_wavtolip.mp4,00027_id04564_wavtolip.mp4,FakeAVCeleb,FakeVideo-FakeAudio,AUDIO_VISUAL_MANIPULATION,1,1,3,id05845,Asian (South),women,27,id04564,wav2lip,4,calibration
fac_dff4016fba50,data/raw/fakeavceleb/FakeAVCeleb_v1.2/FakeAVCeleb_v1.2/FakeVideo-FakeAudio/Asian (South)/women/id05845/00027_id04583_M10zZFjuAb0_id03897_wavtolip.mp4,00027_id04583_M10zZFjuAb0_id03897_wavtolip.mp4,FakeAVCeleb,FakeVideo-FakeAudio,AUDIO_VISUAL_MANIPULATION,1,1,3,id05845,Asian (South),women,27,id04583;id03897,wav2lip,4,calibration
fac_d22948b3c3bc,data/raw/fakeavceleb/FakeAVCeleb_v1.2/FakeAVCeleb_v1.2/FakeVideo-FakeAudio/Asian (South)/women/id05845/00027_id05434_wavtolip.mp4,00027_id05434_wavtolip.mp4,FakeAVCeleb,FakeVideo-FakeAudio,AUDIO_VISUAL_MANIPULATION,1,1,3,id05845,Asian (South),women,27,id05434,wav2lip,4,calibration
fac_1c7a81acad70,data/raw/fakeavceleb/FakeAVCeleb_v1.2/FakeAVCeleb_v1.2/FakeVideo-FakeAudio/Asian (South)/women/id05845/00027_id05478_VJkjRzPt-Jw_faceswap_id05845_wavtolip.mp4,00027_id05478_VJkjRzPt-Jw_faceswap_id05845_wavtolip.mp4,FakeAVCeleb,FakeVideo-FakeAudio,AUDIO_VISUAL_MANIPULATION,1,1,3,id05845,Asian (South),women,27,id05478;id05845,faceswap,4,calibration
fac_b66db27af6bd,data/raw/fakeavceleb/FakeAVCeleb_v1.2/FakeAVCeleb_v1.2/FakeVideo-FakeAudio/Asian (South)/women/id05845/00027_id05478_VJkjRzPt-Jw_faceswap_id06254_wavtolip.mp4,00027_id05478_VJkjRzPt-Jw_faceswap_id06254_wavtolip.mp4,FakeAVCeleb,FakeVideo-FakeAudio,AUDIO_VISUAL_MANIPULATION,1,1,3,id05845,Asian (South),women,27,id05478;id06254,faceswap,4,calibration
fac_d48c91a492bb,data/raw/fakeavceleb/FakeAVCeleb_v1.2/FakeAVCeleb_v1.2/FakeVideo-FakeAudio/Asian (South)/women/id05845/00027_id05478_VJkjRzPt-Jw_faceswap_id06268_wavtolip.mp4,00027_id05478_VJkjRzPt-Jw_faceswap_id06268_wavtolip.mp4,FakeAVCeleb,FakeVideo-FakeAudio,AUDIO_VISUAL_MANIPULATION,1,1,3,id05845,Asian (South),women,27,id05478;id06268,faceswap,4,calibration
fac_23cb366b20b9,data/raw/fakeavceleb/FakeAVCeleb_v1.2/FakeAVCeleb_v1.2/FakeVideo-FakeAudio/Asian (South)/women/id05845/00027_id05478_VJkjRzPt-Jw_faceswap_id06437_wavtolip.mp4,00027_id05478_VJkjRzPt-Jw_faceswap_id06437_wavtolip.mp4,FakeAVCeleb,FakeVideo-FakeAudio,AUDIO_VISUAL_MANIPULATION,1,1,3,id05845,Asian (South),women,27,id05478;id06437,faceswap,4,calibration
fac_0e721de8fa03,data/raw/fakeavceleb/FakeAVCeleb_v1.2/FakeAVCeleb_v1.2/FakeVideo-FakeAudio/Asian (South)/women/id05845/00027_id05478_VJkjRzPt-Jw_faceswap_id07051_wavtolip.mp4,00027_id05478_VJkjRzPt-Jw_faceswap_id07051_wavtolip.mp4,FakeAVCeleb,FakeVideo-FakeAudio,AUDIO_VISUAL_MANIPULATION,1,1,3,id05845,Asian (South),women,27,id05478;id07051,faceswap,4,calibration
fac_aed82e8bbbcd,data/raw/fakeavceleb/FakeAVCeleb_v1.2/FakeAVCeleb_v1.2/FakeVideo-FakeAudio/Asian (South)/women/id05845/00027_id05478_VJkjRzPt-Jw_id01026_wavtolip.mp4,00027_id05478_VJkjRzPt-Jw_id01026_wavtolip.mp4,FakeAVCeleb,FakeVideo-FakeAudio,AUDIO_VISUAL_MANIPULATION,1,1,3,id05845,Asian (South),women,27,id05478;id01026,wav2lip,4,calibration
fac_5023234b8d65,data/raw/fakeavceleb/FakeAVCeleb_v1.2/FakeAVCeleb_v1.2/FakeVideo-FakeAudio/Asian (South)/women/id05845/00027_id05478_wavtolip.mp4,00027_id05478_wavtolip.mp4,FakeAVCeleb,FakeVideo-FakeAudio,AUDIO_VISUAL_MANIPULATION,1,1,3,id05845,Asian (South),women,27,id05478,wav2lip,4,calibration
fac_23cf6b8fe301,data/raw/fakeavceleb/FakeAVCeleb_v1.2/FakeAVCeleb_v1.2/FakeVideo-FakeAudio/Asian (South)/women/id05845/00027_id05920_LuLTJu54joo_id04529_wavtolip.mp4,00027_id05920_LuLTJu54joo_id04529_wavtolip.mp4,FakeAVCeleb,FakeVideo-FakeAudio,AUDIO_VISUAL_MANIPULATION,1,1,3,id05845,Asian (South),women,27,id05920;id04529,wav2lip,4,calibration
fac_434776985e5b,data/raw/fakeavceleb/FakeAVCeleb_v1.2/FakeAVCeleb_v1.2/FakeVideo-FakeAudio/Asian (South)/women/id05845/00027_id05931_bFqu86NV3hk_id04564_wavtolip.mp4,00027_id05931_bFqu86NV3hk_id04564_wavtolip.mp4,FakeAVCeleb,FakeVideo-FakeAudio,AUDIO_VISUAL_MANIPULATION,1,1,3,id05845,Asian (South),women,27,id05931;id04564,wav2lip,4,calibration
fac_ae05e4add8d6,data/raw/fakeavceleb/FakeAVCeleb_v1.2/FakeAVCeleb_v1.2/FakeVideo-FakeAudio/Asian (South)/women/id05845/00027_id06428_wavtolip.mp4,00027_id06428_wavtolip.mp4,FakeAVCeleb,FakeVideo-FakeAudio,AUDIO_VISUAL_MANIPULATION,1,1,3,id05845,Asian (South),women,27,id06428,wav2lip,4,calibration
fac_ddb19f45ee74,data/raw/fakeavceleb/FakeAVCeleb_v1.2/FakeAVCeleb_v1.2/FakeVideo-FakeAudio/Asian (South)/women/id05845/00027_id06438_wavtolip.mp4,00027_id06438_wavtolip.mp4,FakeAVCeleb,FakeVideo-FakeAudio,AUDIO_VISUAL_MANIPULATION,1,1,3,id05845,Asian (South),women,27,id06438,wav2lip,4,calibration
fac_52c810b809e2,data/raw/fakeavceleb/FakeAVCeleb_v1.2/FakeAVCeleb_v1.2/FakeVideo-FakeAudio/Asian (South)/women/id05845/00027_id07008_wavtolip.mp4,00027_id07008_wavtolip.mp4,FakeAVCeleb,FakeVideo-FakeAudio,AUDIO_VISUAL_MANIPULATION,1,1,3,id05845,Asian (South),women,27,id07008,wav2lip,4,calibration
fac_d7359d95994c,data/raw/fakeavceleb/FakeAVCeleb_v1.2/FakeAVCeleb_v1.2/FakeVideo-FakeAudio/Asian (South)/women/id05845/00027_id07136_4e43eS5p3_M_id04564_wavtolip.mp4,00027_id07136_4e43eS5p3_M_id04564_wavtolip.mp4,FakeAVCeleb,FakeVideo-FakeAudio,AUDIO_VISUAL_MANIPULATION,1,1,3,id05845,Asian (South),women,27,id07136;id04564,wav2lip,4,calibration
fac_5402a60e4b8d,data/raw/fakeavceleb/FakeAVCeleb_v1.2/FakeAVCeleb_v1.2/FakeVideo-FakeAudio/Asian (South)/women/id05920/00161_id00461_wavtolip.mp4,00161_id00461_wavtolip.mp4,FakeAVCeleb,FakeVideo-FakeAudio,AUDIO_VISUAL_MANIPULATION,1,1,3,id05920,Asian (South),women,161,id00461,wav2lip,4,calibration
fac_7a07927d04d3,data/raw/fakeavceleb/FakeAVCeleb_v1.2/FakeAVCeleb_v1.2/FakeVideo-FakeAudio/Asian (South)/women/id05920/00161_id00488_wavtolip.mp4,00161_id00488_wavtolip.mp4,FakeAVCeleb,FakeVideo-FakeAudio,AUDIO_VISUAL_MANIPULATION,1,1,3,id05920,Asian (South),women,161,id00488,wav2lip,4,calibration
fac_0bd0c5cc5bf1,data/raw/fakeavceleb/FakeAVCeleb_v1.2/FakeAVCeleb_v1.2/FakeVideo-FakeAudio/Asian (South)/women/id05920/00161_id02089_wavtolip.mp4,00161_id02089_wavtolip.mp4,FakeAVCeleb,FakeVideo-FakeAudio,AUDIO_VISUAL_MANIPULATION,1,1,3,id05920,Asian (South),women,161,id02089,wav2lip,4,calibration
fac_dc2af1ac738b,data/raw/fakeavceleb/FakeAVCeleb_v1.2/FakeAVCeleb_v1.2/FakeVideo-FakeAudio/Asian (South)/women/id05920/00161_id03559_wavtolip.mp4,00161_id03559_wavtolip.mp4,FakeAVCeleb,FakeVideo-FakeAudio,AUDIO_VISUAL_MANIPULATION,1,1,3,id05920,Asian (South),women,161,id03559,wav2lip,4,calibration
fac_61a0598a526a,data/raw/fakeavceleb/FakeAVCeleb_v1.2/FakeAVCeleb_v1.2/FakeVideo-FakeAudio/Asian (South)/women/id05920/00161_id04927_8MD618FRyfA_id04070_wavtolip.mp4,00161_id04927_8MD618FRyfA_id04070_wavtolip.mp4,FakeAVCeleb,FakeVideo-FakeAudio,AUDIO_VISUAL_MANIPULATION,1,1,3,id05920,Asian (South),women,161,id04927;id04070,wav2lip,4,calibration
fac_9993c03200aa,data/raw/fakeavceleb/FakeAVCeleb_v1.2/FakeAVCeleb_v1.2/FakeVideo-FakeAudio/Asian (South)/women/id05920/00161_id05478_wavtolip.mp4,00161_id05478_wavtolip.mp4,FakeAVCeleb,FakeVideo-FakeAudio,AUDIO_VISUAL_MANIPULATION,1,1,3,id05920,Asian (South),women,161,id05478,wav2lip,4,calibration
fac_3a6f5c83cede,data/raw/fakeavceleb/FakeAVCeleb_v1.2/FakeAVCeleb_v1.2/FakeVideo-FakeAudio/Asian (South)/women/id05920/00161_id05845_XfMHm6CEwPw_faceswap_id00043_wavtolip.mp4,00161_id05845_XfMHm6CEwPw_faceswap_id00043_wavtolip.mp4,FakeAVCeleb,FakeVideo-FakeAudio,AUDIO_VISUAL_MANIPULATION,1,1,3,id05920,Asian (South),women,161,id05845;id00043,faceswap,4,calibration
fac_10c7c0cecb26,data/raw/fakeavceleb/FakeAVCeleb_v1.2/FakeAVCeleb_v1.2/FakeVideo-FakeAudio/Asian (South)/women/id05920/00161_id05845_XfMHm6CEwPw_faceswap_id00747_wavtolip.mp4,00161_id05845_XfMHm6CEwPw_faceswap_id00747_wavtolip.mp4,FakeAVCeleb,FakeVideo-FakeAudio,AUDIO_VISUAL_MANIPULATION,1,1,3,id05920,Asian (South),women,161,id05845;id00747,faceswap,4,calibration
fac_684eb571acf5,data/raw/fakeavceleb/FakeAVCeleb_v1.2/FakeAVCeleb_v1.2/FakeVideo-FakeAudio/Asian (South)/women/id05920/00161_id05845_XfMHm6CEwPw_faceswap_id05845_wavtolip.mp4,00161_id05845_XfMHm6CEwPw_faceswap_id05845_wavtolip.mp4,FakeAVCeleb,FakeVideo-FakeAudio,AUDIO_VISUAL_MANIPULATION,1,1,3,id05920,Asian (South),women,161,id05845;id05845,faceswap,4,calibration
fac_b19aecc39068,data/raw/fakeavceleb/FakeAVCeleb_v1.2/FakeAVCeleb_v1.2/FakeVideo-FakeAudio/Asian (South)/women/id05920/00161_id05845_XfMHm6CEwPw_faceswap_id06439_wavtolip.mp4,00161_id05845_XfMHm6CEwPw_faceswap_id06439_wavtolip.mp4,FakeAVCeleb,FakeVideo-FakeAudio,AUDIO_VISUAL_MANIPULATION,1,1,3,id05920,Asian (South),women,161,id05845;id06439,faceswap,4,calibration
fac_e448a464aabb,data/raw/fakeavceleb/FakeAVCeleb_v1.2/FakeAVCeleb_v1.2/FakeVideo-FakeAudio/Asian (South)/women/id05920/00161_id05845_XfMHm6CEwPw_faceswap_id06752_wavtolip.mp4,00161_id05845_XfMHm6CEwPw_faceswap_id06752_wavtolip.mp4,FakeAVCeleb,FakeVideo-FakeAudio,AUDIO_VISUAL_MANIPULATION,1,1,3,id05920,Asian (South),women,161,id05845;id06752,faceswap,4,calibration
fac_d0ca5910e197,data/raw/fakeavceleb/FakeAVCeleb_v1.2/FakeAVCeleb_v1.2/FakeVideo-FakeAudio/Asian (South)/women/id05920/00161_id05845_XfMHm6CEwPw_id04070_wavtolip.mp4,00161_id05845_XfMHm6CEwPw_id04070_wavtolip.mp4,FakeAVCeleb,FakeVideo-FakeAudio,AUDIO_VISUAL_MANIPULATION,1,1,3,id05920,Asian (South),women,161,id05845;id04070,wav2lip,4,calibration
fac_1f38f36a6fea,data/raw/fakeavceleb/FakeAVCeleb_v1.2/FakeAVCeleb_v1.2/FakeVideo-FakeAudio/Asian (South)/women/id05920/00161_id05931_bFqu86NV3hk_id07051_wavtolip.mp4,00161_id05931_bFqu86NV3hk_id07051_wavtolip.mp4,FakeAVCeleb,FakeVideo-FakeAudio,AUDIO_VISUAL_MANIPULATION,1,1,3,id05920,Asian (South),women,161,id05931;id07051,wav2lip,4,calibration
fac_92e3b24bd53f,data/raw/fakeavceleb/FakeAVCeleb_v1.2/FakeAVCeleb_v1.2/FakeVideo-FakeAudio/Asian (South)/women/id05920/00161_id06428_A9nvRKd1afA_id00739_wavtolip.mp4,00161_id06428_A9nvRKd1afA_id00739_wavtolip.mp4,FakeAVCeleb,FakeVideo-FakeAudio,AUDIO_VISUAL_MANIPULATION,1,1,3,id05920,Asian (South),women,161,id06428;id00739,wav2lip,4,calibration
fac_8f86e8dfe031,data/raw/fakeavceleb/FakeAVCeleb_v1.2/FakeAVCeleb_v1.2/FakeVideo-FakeAudio/Asian (South)/women/id05920/00161_id06437_wavtolip.mp4,00161_id06437_wavtolip.mp4,FakeAVCeleb,FakeVideo-FakeAudio,AUDIO_VISUAL_MANIPULATION,1,1,3,id05920,Asian (South),women,161,id06437,wav2lip,4,calibration
fac_6fe9b7714284,data/raw/fakeavceleb/FakeAVCeleb_v1.2/FakeAVCeleb_v1.2/FakeVideo-FakeAudio/Asian (South)/women/id05920/00161_id06438_wavtolip.mp4,00161_id06438_wavtolip.mp4,FakeAVCeleb,FakeVideo-FakeAudio,AUDIO_VISUAL_MANIPULATION,1,1,3,id05920,Asian (South),women,161,id06438,wav2lip,4,calibration
fac_f517152d1e74,data/raw/fakeavceleb/FakeAVCeleb_v1.2/FakeAVCeleb_v1.2/FakeVideo-FakeAudio/Asian (South)/women/id05920/00161_id07008_wavtolip.mp4,00161_id07008_wavtolip.mp4,FakeAVCeleb,FakeVideo-FakeAudio,AUDIO_VISUAL_MANIPULATION,1,1,3,id05920,Asian (South),women,161,id07008,wav2lip,4,calibration
fac_c9bfc50af858,data/raw/fakeavceleb/FakeAVCeleb_v1.2/FakeAVCeleb_v1.2/FakeVideo-FakeAudio/Asian (South)/women/id05920/00161_id07049_BiljgZcyWI4_id07689_wavtolip.mp4,00161_id07049_BiljgZcyWI4_id07689_wavtolip.mp4,FakeAVCeleb,FakeVideo-FakeAudio,AUDIO_VISUAL_MANIPULATION,1,1,3,id05920,Asian (South),women,161,id07049;id07689,wav2lip,4,calibration
fac_7b2f05e687cf,data/raw/fakeavceleb/FakeAVCeleb_v1.2/FakeAVCeleb_v1.2/FakeVideo-FakeAudio/Asian (South)/women/id05920/00161_id07049_wavtolip.mp4,00161_id07049_wavtolip.mp4,FakeAVCeleb,FakeVideo-FakeAudio,AUDIO_VISUAL_MANIPULATION,1,1,3,id05920,Asian (South),women,161,id07049,wav2lip,4,calibration
fac_1c35176284bd,data/raw/fakeavceleb/FakeAVCeleb_v1.2/FakeAVCeleb_v1.2/FakeVideo-FakeAudio/Asian (South)/women/id05920/00161_id07078_sLVbTD3Dtgw_id06232_wavtolip.mp4,00161_id07078_sLVbTD3Dtgw_id06232_wavtolip.mp4,FakeAVCeleb,FakeVideo-FakeAudio,AUDIO_VISUAL_MANIPULATION,1,1,3,id05920,Asian (South),women,161,id07078;id06232,wav2lip,4,calibration
fac_8ad05c340eec,data/raw/fakeavceleb/FakeAVCeleb_v1.2/FakeAVCeleb_v1.2/FakeVideo-FakeAudio/Asian (South)/women/id05920/00161_id07377_FGNavKcGANA_id06343_wavtolip.mp4,00161_id07377_FGNavKcGANA_id06343_wavtolip.mp4,FakeAVCeleb,FakeVideo-FakeAudio,AUDIO_VISUAL_MANIPULATION,1,1,3,id05920,Asian (South),women,161,id07377;id06343,wav2lip,4,calibration
fac_74092ac25176,data/raw/fakeavceleb/FakeAVCeleb_v1.2/FakeAVCeleb_v1.2/FakeVideo-FakeAudio/Asian (South)/women/id05920/00161_id07689_2ie0g83JkgA_id00747_wavtolip.mp4,00161_id07689_2ie0g83JkgA_id00747_wavtolip.mp4,FakeAVCeleb,FakeVideo-FakeAudio,AUDIO_VISUAL_MANIPULATION,1,1,3,id05920,Asian (South),women,161,id07689;id00747,wav2lip,4,calibration
fac_858b08c65dbf,data/raw/fakeavceleb/FakeAVCeleb_v1.2/FakeAVCeleb_v1.2/FakeVideo-FakeAudio/Asian (South)/women/id05931/00013_id00488_wavtolip.mp4,00013_id00488_wavtolip.mp4,FakeAVCeleb,FakeVideo-FakeAudio,AUDIO_VISUAL_MANIPULATION,1,1,3,id05931,Asian (South),women,13,id00488,wav2lip,4,calibration
fac_a5f225a1ed57,data/raw/fakeavceleb/FakeAVCeleb_v1.2/FakeAVCeleb_v1.2/FakeVideo-FakeAudio/Asian (South)/women/id05931/00013_id00747_wavtolip.mp4,00013_id00747_wavtolip.mp4,FakeAVCeleb,FakeVideo-FakeAudio,AUDIO_VISUAL_MANIPULATION,1,1,3,id05931,Asian (South),women,13,id00747,wav2lip,4,calibration
fac_429727520ba5,data/raw/fakeavceleb/FakeAVCeleb_v1.2/FakeAVCeleb_v1.2/FakeVideo-FakeAudio/Asian (South)/women/id05931/00013_id01026_rM4ZERt7oM0_faceswap_id04070_wavtolip.mp4,00013_id01026_rM4ZERt7oM0_faceswap_id04070_wavtolip.mp4,FakeAVCeleb,FakeVideo-FakeAudio,AUDIO_VISUAL_MANIPULATION,1,1,3,id05931,Asian (South),women,13,id01026;id04070,faceswap,4,calibration
fac_b1cc3e343fca,data/raw/fakeavceleb/FakeAVCeleb_v1.2/FakeAVCeleb_v1.2/FakeVideo-FakeAudio/Asian (South)/women/id05931/00013_id01026_rM4ZERt7oM0_faceswap_id05931_wavtolip.mp4,00013_id01026_rM4ZERt7oM0_faceswap_id05931_wavtolip.mp4,FakeAVCeleb,FakeVideo-FakeAudio,AUDIO_VISUAL_MANIPULATION,1,1,3,id05931,Asian (South),women,13,id01026;id05931,faceswap,4,calibration
fac_64a8100303ce,data/raw/fakeavceleb/FakeAVCeleb_v1.2/FakeAVCeleb_v1.2/FakeVideo-FakeAudio/Asian (South)/women/id05931/00013_id01026_rM4ZERt7oM0_faceswap_id06232_wavtolip.mp4,00013_id01026_rM4ZERt7oM0_faceswap_id06232_wavtolip.mp4,FakeAVCeleb,FakeVideo-FakeAudio,AUDIO_VISUAL_MANIPULATION,1,1,3,id05931,Asian (South),women,13,id01026;id06232,faceswap,4,calibration
fac_29e70c274634,data/raw/fakeavceleb/FakeAVCeleb_v1.2/FakeAVCeleb_v1.2/FakeVideo-FakeAudio/Asian (South)/women/id05931/00013_id01026_rM4ZERt7oM0_faceswap_id07008_wavtolip.mp4,00013_id01026_rM4ZERt7oM0_faceswap_id07008_wavtolip.mp4,FakeAVCeleb,FakeVideo-FakeAudio,AUDIO_VISUAL_MANIPULATION,1,1,3,id05931,Asian (South),women,13,id01026;id07008,faceswap,4,calibration
fac_95159430bd35,data/raw/fakeavceleb/FakeAVCeleb_v1.2/FakeAVCeleb_v1.2/FakeVideo-FakeAudio/Asian (South)/women/id05931/00013_id01026_rM4ZERt7oM0_id07049_wavtolip.mp4,00013_id01026_rM4ZERt7oM0_id07049_wavtolip.mp4,FakeAVCeleb,FakeVideo-FakeAudio,AUDIO_VISUAL_MANIPULATION,1,1,3,id05931,Asian (South),women,13,id01026;id07049,wav2lip,4,calibration
fac_11ce8cbe9748,data/raw/fakeavceleb/FakeAVCeleb_v1.2/FakeAVCeleb_v1.2/FakeVideo-FakeAudio/Asian (South)/women/id05931/00013_id02089_wavtolip.mp4,00013_id02089_wavtolip.mp4,FakeAVCeleb,FakeVideo-FakeAudio,AUDIO_VISUAL_MANIPULATION,1,1,3,id05931,Asian (South),women,13,id02089,wav2lip,4,calibration
fac_1cfa6f248cc6,data/raw/fakeavceleb/FakeAVCeleb_v1.2/FakeAVCeleb_v1.2/FakeVideo-FakeAudio/Asian (South)/women/id05931/00013_id02619_wavtolip.mp4,00013_id02619_wavtolip.mp4,FakeAVCeleb,FakeVideo-FakeAudio,AUDIO_VISUAL_MANIPULATION,1,1,3,id05931,Asian (South),women,13,id02619,wav2lip,4,calibration
fac_1cd5b5ffb041,data/raw/fakeavceleb/FakeAVCeleb_v1.2/FakeAVCeleb_v1.2/FakeVideo-FakeAudio/Asian (South)/women/id05931/00013_id03559_pgetxl1qbzM_id03559_wavtolip.mp4,00013_id03559_pgetxl1qbzM_id03559_wavtolip.mp4,FakeAVCeleb,FakeVideo-FakeAudio,AUDIO_VISUAL_MANIPULATION,1,1,3,id05931,Asian (South),women,13,id03559;id03559,wav2lip,4,calibration
fac_45f8bcb08ee3,data/raw/fakeavceleb/FakeAVCeleb_v1.2/FakeAVCeleb_v1.2/FakeVideo-FakeAudio/Asian (South)/women/id05931/00013_id03815_wavtolip.mp4,00013_id03815_wavtolip.mp4,FakeAVCeleb,FakeVideo-FakeAudio,AUDIO_VISUAL_MANIPULATION,1,1,3,id05931,Asian (South),women,13,id03815,wav2lip,4,calibration
fac_43ee273a6a59,data/raw/fakeavceleb/FakeAVCeleb_v1.2/FakeAVCeleb_v1.2/FakeVideo-FakeAudio/Asian (South)/women/id05931/00013_id03985_wavtolip.mp4,00013_id03985_wavtolip.mp4,FakeAVCeleb,FakeVideo-FakeAudio,AUDIO_VISUAL_MANIPULATION,1,1,3,id05931,Asian (South),women,13,id03985,wav2lip,4,calibration
fac_b68781c5d8a8,data/raw/fakeavceleb/FakeAVCeleb_v1.2/FakeAVCeleb_v1.2/FakeVideo-FakeAudio/Asian (South)/women/id05931/00013_id04927_8MD618FRyfA_id05434_wavtolip.mp4,00013_id04927_8MD618FRyfA_id05434_wavtolip.mp4,FakeAVCeleb,FakeVideo-FakeAudio,AUDIO_VISUAL_MANIPULATION,1,1,3,id05931,Asian (South),women,13,id04927;id05434,wav2lip,4,calibration
fac_d8341f015f52,data/raw/fakeavceleb/FakeAVCeleb_v1.2/FakeAVCeleb_v1.2/FakeVideo-FakeAudio/Asian (South)/women/id05931/00013_id05435_OvX-Jv_whcU_id05435_wavtolip.mp4,00013_id05435_OvX-Jv_whcU_id05435_wavtolip.mp4,FakeAVCeleb,FakeVideo-FakeAudio,AUDIO_VISUAL_MANIPULATION,1,1,3,id05931,Asian (South),women,13,id05435;id05435,wav2lip,4,calibration
fac_0ad438fd5773,data/raw/fakeavceleb/FakeAVCeleb_v1.2/FakeAVCeleb_v1.2/FakeVideo-FakeAudio/Asian (South)/women/id05931/00013_id05478_wavtolip.mp4,00013_id05478_wavtolip.mp4,FakeAVCeleb,FakeVideo-FakeAudio,AUDIO_VISUAL_MANIPULATION,1,1,3,id05931,Asian (South),women,13,id05478,wav2lip,4,calibration
fac_cf71bf00c8d4,data/raw/fakeavceleb/FakeAVCeleb_v1.2/FakeAVCeleb_v1.2/FakeVideo-FakeAudio/Asian (South)/women/id05931/00013_id05845_XfMHm6CEwPw_id00488_wavtolip.mp4,00013_id05845_XfMHm6CEwPw_id00488_wavtolip.mp4,FakeAVCeleb,FakeVideo-FakeAudio,AUDIO_VISUAL_MANIPULATION,1,1,3,id05931,Asian (South),women,13,id05845;id00488,wav2lip,4,calibration
fac_b312ac81d034,data/raw/fakeavceleb/FakeAVCeleb_v1.2/FakeAVCeleb_v1.2/FakeVideo-FakeAudio/Asian (South)/women/id05931/00013_id06438_wavtolip.mp4,00013_id06438_wavtolip.mp4,FakeAVCeleb,FakeVideo-FakeAudio,AUDIO_VISUAL_MANIPULATION,1,1,3,id05931,Asian (South),women,13,id06438,wav2lip,4,calibration
fac_882ba3d35aeb,data/raw/fakeavceleb/FakeAVCeleb_v1.2/FakeAVCeleb_v1.2/FakeVideo-FakeAudio/Asian (South)/women/id05931/00013_id07049_BiljgZcyWI4_id06752_wavtolip.mp4,00013_id07049_BiljgZcyWI4_id06752_wavtolip.mp4,FakeAVCeleb,FakeVideo-FakeAudio,AUDIO_VISUAL_MANIPULATION,1,1,3,id05931,Asian (South),women,13,id07049;id06752,wav2lip,4,calibration
fac_15a60a2db6ae,data/raw/fakeavceleb/FakeAVCeleb_v1.2/FakeAVCeleb_v1.2/FakeVideo-FakeAudio/Asian (South)/women/id05931/00013_id07049_wavtolip.mp4,00013_id07049_wavtolip.mp4,FakeAVCeleb,FakeVideo-FakeAudio,AUDIO_VISUAL_MANIPULATION,1,1,3,id05931,Asian (South),women,13,id07049,wav2lip,4,calibration
fac_58a16b863dc6,data/raw/fakeavceleb/FakeAVCeleb_v1.2/FakeAVCeleb_v1.2/FakeVideo-FakeAudio/Asian (South)/women/id05931/00013_id07136_4e43eS5p3_M_id06232_wavtolip.mp4,00013_id07136_4e43eS5p3_M_id06232_wavtolip.mp4,FakeAVCeleb,FakeVideo-FakeAudio,AUDIO_VISUAL_MANIPULATION,1,1,3,id05931,Asian (South),women,13,id07136;id06232,wav2lip,4,calibration
fac_95a94454fd58,data/raw/fakeavceleb/FakeAVCeleb_v1.2/FakeAVCeleb_v1.2/FakeVideo-FakeAudio/Asian (South)/women/id05931/00013_id07236_wavtolip.mp4,00013_id07236_wavtolip.mp4,FakeAVCeleb,FakeVideo-FakeAudio,AUDIO_VISUAL_MANIPULATION,1,1,3,id05931,Asian (South),women,13,id07236,wav2lip,4,calibration
fac_de92758ef6f9,data/raw/fakeavceleb/FakeAVCeleb_v1.2/FakeAVCeleb_v1.2/FakeVideo-FakeAudio/Asian (South)/women/id06232/00025_id00235_wavtolip.mp4,00025_id00235_wavtolip.mp4,FakeAVCeleb,FakeVideo-FakeAudio,AUDIO_VISUAL_MANIPULATION,1,1,3,id06232,Asian (South),women,25,id00235,wav2lip,4,calibration
fac_52aa2690f75c,data/raw/fakeavceleb/FakeAVCeleb_v1.2/FakeAVCeleb_v1.2/FakeVideo-FakeAudio/Asian (South)/women/id06232/00025_id00747_l3eOd4UDsGc_id05931_wavtolip.mp4,00025_id00747_l3eOd4UDsGc_id05931_wavtolip.mp4,FakeAVCeleb,FakeVideo-FakeAudio,AUDIO_VISUAL_MANIPULATION,1,1,3,id06232,Asian (South),women,25,id00747;id05931,wav2lip,4,calibration
fac_7e21dafd18ec,data/raw/fakeavceleb/FakeAVCeleb_v1.2/FakeAVCeleb_v1.2/FakeVideo-FakeAudio/Asian (South)/women/id06232/00025_id01026_wavtolip.mp4,00025_id01026_wavtolip.mp4,FakeAVCeleb,FakeVideo-FakeAudio,AUDIO_VISUAL_MANIPULATION,1,1,3,id06232,Asian (South),women,25,id01026,wav2lip,4,calibration
fac_d0b660617556,data/raw/fakeavceleb/FakeAVCeleb_v1.2/FakeAVCeleb_v1.2/FakeVideo-FakeAudio/Asian (South)/women/id06232/00025_id02089_wavtolip.mp4,00025_id02089_wavtolip.mp4,FakeAVCeleb,FakeVideo-FakeAudio,AUDIO_VISUAL_MANIPULATION,1,1,3,id06232,Asian (South),women,25,id02089,wav2lip,4,calibration
fac_0f75993193d2,data/raw/fakeavceleb/FakeAVCeleb_v1.2/FakeAVCeleb_v1.2/FakeVideo-FakeAudio/Asian (South)/women/id06232/00025_id02310_zA-8Pw0SvZg_id00149_wavtolip.mp4,00025_id02310_zA-8Pw0SvZg_id00149_wavtolip.mp4,FakeAVCeleb,FakeVideo-FakeAudio,AUDIO_VISUAL_MANIPULATION,1,1,3,id06232,Asian (South),women,25,id02310;id00149,wav2lip,4,calibration
fac_350b3349fe51,data/raw/fakeavceleb/FakeAVCeleb_v1.2/FakeAVCeleb_v1.2/FakeVideo-FakeAudio/Asian (South)/women/id06232/00025_id03559_pgetxl1qbzM_faceswap_id00739_wavtolip.mp4,00025_id03559_pgetxl1qbzM_faceswap_id00739_wavtolip.mp4,FakeAVCeleb,FakeVideo-FakeAudio,AUDIO_VISUAL_MANIPULATION,1,1,3,id06232,Asian (South),women,25,id03559;id00739,faceswap,4,calibration
fac_c57497aedef2,data/raw/fakeavceleb/FakeAVCeleb_v1.2/FakeAVCeleb_v1.2/FakeVideo-FakeAudio/Asian (South)/women/id06232/00025_id03559_pgetxl1qbzM_faceswap_id04529_wavtolip.mp4,00025_id03559_pgetxl1qbzM_faceswap_id04529_wavtolip.mp4,FakeAVCeleb,FakeVideo-FakeAudio,AUDIO_VISUAL_MANIPULATION,1,1,3,id06232,Asian (South),women,25,id03559;id04529,faceswap,4,calibration
fac_bc846d1138d4,data/raw/fakeavceleb/FakeAVCeleb_v1.2/FakeAVCeleb_v1.2/FakeVideo-FakeAudio/Asian (South)/women/id06232/00025_id03559_pgetxl1qbzM_faceswap_id04530_wavtolip.mp4,00025_id03559_pgetxl1qbzM_faceswap_id04530_wavtolip.mp4,FakeAVCeleb,FakeVideo-FakeAudio,AUDIO_VISUAL_MANIPULATION,1,1,3,id06232,Asian (South),women,25,id03559;id04530,faceswap,4,calibration
fac_d5804edfa00d,data/raw/fakeavceleb/FakeAVCeleb_v1.2/FakeAVCeleb_v1.2/FakeVideo-FakeAudio/Asian (South)/women/id06232/00025_id03559_pgetxl1qbzM_faceswap_id05845_wavtolip.mp4,00025_id03559_pgetxl1qbzM_faceswap_id05845_wavtolip.mp4,FakeAVCeleb,FakeVideo-FakeAudio,AUDIO_VISUAL_MANIPULATION,1,1,3,id06232,Asian (South),women,25,id03559;id05845,faceswap,4,calibration
fac_a6b54b6f3058,data/raw/fakeavceleb/FakeAVCeleb_v1.2/FakeAVCeleb_v1.2/FakeVideo-FakeAudio/Asian (South)/women/id06232/00025_id03559_pgetxl1qbzM_faceswap_id07008_wavtolip.mp4,00025_id03559_pgetxl1qbzM_faceswap_id07008_wavtolip.mp4,FakeAVCeleb,FakeVideo-FakeAudio,AUDIO_VISUAL_MANIPULATION,1,1,3,id06232,Asian (South),women,25,id03559;id07008,faceswap,4,calibration
fac_7cd40d5a1656,data/raw/fakeavceleb/FakeAVCeleb_v1.2/FakeAVCeleb_v1.2/FakeVideo-FakeAudio/Asian (South)/women/id06232/00025_id03559_pgetxl1qbzM_id04529_wavtolip.mp4,00025_id03559_pgetxl1qbzM_id04529_wavtolip.mp4,FakeAVCeleb,FakeVideo-FakeAudio,AUDIO_VISUAL_MANIPULATION,1,1,3,id06232,Asian (South),women,25,id03559;id04529,wav2lip,4,calibration
fac_12d23bfe50b7,data/raw/fakeavceleb/FakeAVCeleb_v1.2/FakeAVCeleb_v1.2/FakeVideo-FakeAudio/Asian (South)/women/id06232/00025_id04583_M10zZFjuAb0_id06343_wavtolip.mp4,00025_id04583_M10zZFjuAb0_id06343_wavtolip.mp4,FakeAVCeleb,FakeVideo-FakeAudio,AUDIO_VISUAL_MANIPULATION,1,1,3,id06232,Asian (South),women,25,id04583;id06343,wav2lip,4,calibration
fac_d3e5a3298dbe,data/raw/fakeavceleb/FakeAVCeleb_v1.2/FakeAVCeleb_v1.2/FakeVideo-FakeAudio/Asian (South)/women/id06232/00025_id04583_wavtolip.mp4,00025_id04583_wavtolip.mp4,FakeAVCeleb,FakeVideo-FakeAudio,AUDIO_VISUAL_MANIPULATION,1,1,3,id06232,Asian (South),women,25,id04583,wav2lip,4,calibration
fac_6a935605c2e7,data/raw/fakeavceleb/FakeAVCeleb_v1.2/FakeAVCeleb_v1.2/FakeVideo-FakeAudio/Asian (South)/women/id06232/00025_id05435_wavtolip.mp4,00025_id05435_wavtolip.mp4,FakeAVCeleb,FakeVideo-FakeAudio,AUDIO_VISUAL_MANIPULATION,1,1,3,id06232,Asian (South),women,25,id05435,wav2lip,4,calibration
fac_d47cfff73495,data/raw/fakeavceleb/FakeAVCeleb_v1.2/FakeAVCeleb_v1.2/FakeVideo-FakeAudio/Asian (South)/women/id06232/00025_id05478_VJkjRzPt-Jw_id00747_wavtolip.mp4,00025_id05478_VJkjRzPt-Jw_id00747_wavtolip.mp4,FakeAVCeleb,FakeVideo-FakeAudio,AUDIO_VISUAL_MANIPULATION,1,1,3,id06232,Asian (South),women,25,id05478;id00747,wav2lip,4,calibration
fac_d7e579792657,data/raw/fakeavceleb/FakeAVCeleb_v1.2/FakeAVCeleb_v1.2/FakeVideo-FakeAudio/Asian (South)/women/id06232/00025_id05478_wavtolip.mp4,00025_id05478_wavtolip.mp4,FakeAVCeleb,FakeVideo-FakeAudio,AUDIO_VISUAL_MANIPULATION,1,1,3,id06232,Asian (South),women,25,id05478,wav2lip,4,calibration
fac_c0300a79648f,data/raw/fakeavceleb/FakeAVCeleb_v1.2/FakeAVCeleb_v1.2/FakeVideo-FakeAudio/Asian (South)/women/id06232/00025_id05845_wavtolip.mp4,00025_id05845_wavtolip.mp4,FakeAVCeleb,FakeVideo-FakeAudio,AUDIO_VISUAL_MANIPULATION,1,1,3,id06232,Asian (South),women,25,id05845,wav2lip,4,calibration
fac_5ce7f930e11a,data/raw/fakeavceleb/FakeAVCeleb_v1.2/FakeAVCeleb_v1.2/FakeVideo-FakeAudio/Asian (South)/women/id06232/00025_id05931_bFqu86NV3hk_id00461_wavtolip.mp4,00025_id05931_bFqu86NV3hk_id00461_wavtolip.mp4,FakeAVCeleb,FakeVideo-FakeAudio,AUDIO_VISUAL_MANIPULATION,1,1,3,id06232,Asian (South),women,25,id05931;id00461,wav2lip,4,calibration
fac_a6b94464215a,data/raw/fakeavceleb/FakeAVCeleb_v1.2/FakeAVCeleb_v1.2/FakeVideo-FakeAudio/Asian (South)/women/id06232/00025_id06268_wavtolip.mp4,00025_id06268_wavtolip.mp4,FakeAVCeleb,FakeVideo-FakeAudio,AUDIO_VISUAL_MANIPULATION,1,1,3,id06232,Asian (South),women,25,id06268,wav2lip,4,calibration
fac_a23d0bd181bf,data/raw/fakeavceleb/FakeAVCeleb_v1.2/FakeAVCeleb_v1.2/FakeVideo-FakeAudio/Asian (South)/women/id06232/00025_id06428_wavtolip.mp4,00025_id06428_wavtolip.mp4,FakeAVCeleb,FakeVideo-FakeAudio,AUDIO_VISUAL_MANIPULATION,1,1,3,id06232,Asian (South),women,25,id06428,wav2lip,4,calibration
fac_1ddece427e24,data/raw/fakeavceleb/FakeAVCeleb_v1.2/FakeAVCeleb_v1.2/FakeVideo-FakeAudio/Asian (South)/women/id06232/00025_id06752_wavtolip.mp4,00025_id06752_wavtolip.mp4,FakeAVCeleb,FakeVideo-FakeAudio,AUDIO_VISUAL_MANIPULATION,1,1,3,id06232,Asian (South),women,25,id06752,wav2lip,4,calibration
fac_037ed8a575ed,data/raw/fakeavceleb/FakeAVCeleb_v1.2/FakeAVCeleb_v1.2/FakeVideo-FakeAudio/Asian (South)/women/id06232/00025_id07236_Fe0sdHw3sc4_id03897_wavtolip.mp4,00025_id07236_Fe0sdHw3sc4_id03897_wavtolip.mp4,FakeAVCeleb,FakeVideo-FakeAudio,AUDIO_VISUAL_MANIPULATION,1,1,3,id06232,Asian (South),women,25,id07236;id03897,wav2lip,4,calibration
fac_0c41ab206d31,data/raw/fakeavceleb/FakeAVCeleb_v1.2/FakeAVCeleb_v1.2/FakeVideo-FakeAudio/Asian (South)/women/id06254/00043_id00417_GhIZam3v09g_id06437_wavtolip.mp4,00043_id00417_GhIZam3v09g_id06437_wavtolip.mp4,FakeAVCeleb,FakeVideo-FakeAudio,AUDIO_VISUAL_MANIPULATION,1,1,3,id06254,Asian (South),women,43,id00417;id06437,wav2lip,4,calibration
fac_950cb3f93fc0,data/raw/fakeavceleb/FakeAVCeleb_v1.2/FakeAVCeleb_v1.2/FakeVideo-FakeAudio/Asian (South)/women/id06254/00043_id00488_wavtolip.mp4,00043_id00488_wavtolip.mp4,FakeAVCeleb,FakeVideo-FakeAudio,AUDIO_VISUAL_MANIPULATION,1,1,3,id06254,Asian (South),women,43,id00488,wav2lip,4,calibration
fac_bea88ddf6412,data/raw/fakeavceleb/FakeAVCeleb_v1.2/FakeAVCeleb_v1.2/FakeVideo-FakeAudio/Asian (South)/women/id06254/00043_id00747_wavtolip.mp4,00043_id00747_wavtolip.mp4,FakeAVCeleb,FakeVideo-FakeAudio,AUDIO_VISUAL_MANIPULATION,1,1,3,id06254,Asian (South),women,43,id00747,wav2lip,4,calibration
fac_7d9c69f470a4,data/raw/fakeavceleb/FakeAVCeleb_v1.2/FakeAVCeleb_v1.2/FakeVideo-FakeAudio/Asian (South)/women/id06254/00043_id02310_wavtolip.mp4,00043_id02310_wavtolip.mp4,FakeAVCeleb,FakeVideo-FakeAudio,AUDIO_VISUAL_MANIPULATION,1,1,3,id06254,Asian (South),women,43,id02310,wav2lip,4,calibration
fac_cafdae4f0842,data/raw/fakeavceleb/FakeAVCeleb_v1.2/FakeAVCeleb_v1.2/FakeVideo-FakeAudio/Asian (South)/women/id06254/00043_id03559_wavtolip.mp4,00043_id03559_wavtolip.mp4,FakeAVCeleb,FakeVideo-FakeAudio,AUDIO_VISUAL_MANIPULATION,1,1,3,id06254,Asian (South),women,43,id03559,wav2lip,4,calibration
fac_fab66dc1b842,data/raw/fakeavceleb/FakeAVCeleb_v1.2/FakeAVCeleb_v1.2/FakeVideo-FakeAudio/Asian (South)/women/id06254/00043_id04529_wavtolip.mp4,00043_id04529_wavtolip.mp4,FakeAVCeleb,FakeVideo-FakeAudio,AUDIO_VISUAL_MANIPULATION,1,1,3,id06254,Asian (South),women,43,id04529,wav2lip,4,calibration
fac_20d2bc843d2b,data/raw/fakeavceleb/FakeAVCeleb_v1.2/FakeAVCeleb_v1.2/FakeVideo-FakeAudio/Asian (South)/women/id06254/00043_id04530_wavtolip.mp4,00043_id04530_wavtolip.mp4,FakeAVCeleb,FakeVideo-FakeAudio,AUDIO_VISUAL_MANIPULATION,1,1,3,id06254,Asian (South),women,43,id04530,wav2lip,4,calibration
fac_4c391079e60d,data/raw/fakeavceleb/FakeAVCeleb_v1.2/FakeAVCeleb_v1.2/FakeVideo-FakeAudio/Asian (South)/women/id06254/00043_id04564_xUz03LwKRtQ_id00739_wavtolip.mp4,00043_id04564_xUz03LwKRtQ_id00739_wavtolip.mp4,FakeAVCeleb,FakeVideo-FakeAudio,AUDIO_VISUAL_MANIPULATION,1,1,3,id06254,Asian (South),women,43,id04564;id00739,wav2lip,4,calibration
fac_94ed52ce1e07,data/raw/fakeavceleb/FakeAVCeleb_v1.2/FakeAVCeleb_v1.2/FakeVideo-FakeAudio/Asian (South)/women/id06254/00043_id04582_Pm9dX-TxNx0_id05920_wavtolip.mp4,00043_id04582_Pm9dX-TxNx0_id05920_wavtolip.mp4,FakeAVCeleb,FakeVideo-FakeAudio,AUDIO_VISUAL_MANIPULATION,1,1,3,id06254,Asian (South),women,43,id04582;id05920,wav2lip,4,calibration
fac_f0e3c9b9f39c,data/raw/fakeavceleb/FakeAVCeleb_v1.2/FakeAVCeleb_v1.2/FakeVideo-FakeAudio/Asian (South)/women/id06254/00043_id04927_wavtolip.mp4,00043_id04927_wavtolip.mp4,FakeAVCeleb,FakeVideo-FakeAudio,AUDIO_VISUAL_MANIPULATION,1,1,3,id06254,Asian (South),women,43,id04927,wav2lip,4,calibration
fac_dce14fbb2b50,data/raw/fakeavceleb/FakeAVCeleb_v1.2/FakeAVCeleb_v1.2/FakeVideo-FakeAudio/Asian (South)/women/id06254/00043_id05845_XfMHm6CEwPw_id06232_wavtolip.mp4,00043_id05845_XfMHm6CEwPw_id06232_wavtolip.mp4,FakeAVCeleb,FakeVideo-FakeAudio,AUDIO_VISUAL_MANIPULATION,1,1,3,id06254,Asian (South),women,43,id05845;id06232,wav2lip,4,calibration
fac_6a433edf276d,data/raw/fakeavceleb/FakeAVCeleb_v1.2/FakeAVCeleb_v1.2/FakeVideo-FakeAudio/Asian (South)/women/id06254/00043_id05931_bFqu86NV3hk_faceswap_id00043_wavtolip.mp4,00043_id05931_bFqu86NV3hk_faceswap_id00043_wavtolip.mp4,FakeAVCeleb,FakeVideo-FakeAudio,AUDIO_VISUAL_MANIPULATION,1,1,3,id06254,Asian (South),women,43,id05931;id00043,faceswap,4,calibration
fac_be98152c8dcc,data/raw/fakeavceleb/FakeAVCeleb_v1.2/FakeAVCeleb_v1.2/FakeVideo-FakeAudio/Asian (South)/women/id06254/00043_id05931_bFqu86NV3hk_faceswap_id04530_wavtolip.mp4,00043_id05931_bFqu86NV3hk_faceswap_id04530_wavtolip.mp4,FakeAVCeleb,FakeVideo-FakeAudio,AUDIO_VISUAL_MANIPULATION,1,1,3,id06254,Asian (South),women,43,id05931;id04530,faceswap,4,calibration
fac_f0a203752b65,data/raw/fakeavceleb/FakeAVCeleb_v1.2/FakeAVCeleb_v1.2/FakeVideo-FakeAudio/Asian (South)/women/id06254/00043_id05931_bFqu86NV3hk_faceswap_id05435_wavtolip.mp4,00043_id05931_bFqu86NV3hk_faceswap_id05435_wavtolip.mp4,FakeAVCeleb,FakeVideo-FakeAudio,AUDIO_VISUAL_MANIPULATION,1,1,3,id06254,Asian (South),women,43,id05931;id05435,faceswap,4,calibration
fac_861909d6833f,data/raw/fakeavceleb/FakeAVCeleb_v1.2/FakeAVCeleb_v1.2/FakeVideo-FakeAudio/Asian (South)/women/id06254/00043_id05931_bFqu86NV3hk_faceswap_id05920_wavtolip.mp4,00043_id05931_bFqu86NV3hk_faceswap_id05920_wavtolip.mp4,FakeAVCeleb,FakeVideo-FakeAudio,AUDIO_VISUAL_MANIPULATION,1,1,3,id06254,Asian (South),women,43,id05931;id05920,faceswap,4,calibration
fac_00fae784b37a,data/raw/fakeavceleb/FakeAVCeleb_v1.2/FakeAVCeleb_v1.2/FakeVideo-FakeAudio/Asian (South)/women/id06254/00043_id05931_bFqu86NV3hk_faceswap_id06428_wavtolip.mp4,00043_id05931_bFqu86NV3hk_faceswap_id06428_wavtolip.mp4,FakeAVCeleb,FakeVideo-FakeAudio,AUDIO_VISUAL_MANIPULATION,1,1,3,id06254,Asian (South),women,43,id05931;id06428,faceswap,4,calibration
fac_a55de5f7acc6,data/raw/fakeavceleb/FakeAVCeleb_v1.2/FakeAVCeleb_v1.2/FakeVideo-FakeAudio/Asian (South)/women/id06254/00043_id05931_bFqu86NV3hk_id00417_wavtolip.mp4,00043_id05931_bFqu86NV3hk_id00417_wavtolip.mp4,FakeAVCeleb,FakeVideo-FakeAudio,AUDIO_VISUAL_MANIPULATION,1,1,3,id06254,Asian (South),women,43,id05931;id00417,wav2lip,4,calibration
fac_7fe42d40cdfc,data/raw/fakeavceleb/FakeAVCeleb_v1.2/FakeAVCeleb_v1.2/FakeVideo-FakeAudio/Asian (South)/women/id06254/00043_id06343_wavtolip.mp4,00043_id06343_wavtolip.mp4,FakeAVCeleb,FakeVideo-FakeAudio,AUDIO_VISUAL_MANIPULATION,1,1,3,id06254,Asian (South),women,43,id06343,wav2lip,4,calibration
fac_33ee44c3d855,data/raw/fakeavceleb/FakeAVCeleb_v1.2/FakeAVCeleb_v1.2/FakeVideo-FakeAudio/Asian (South)/women/id06254/00043_id06428_wavtolip.mp4,00043_id06428_wavtolip.mp4,FakeAVCeleb,FakeVideo-FakeAudio,AUDIO_VISUAL_MANIPULATION,1,1,3,id06254,Asian (South),women,43,id06428,wav2lip,4,calibration
fac_7cd90925f866,data/raw/fakeavceleb/FakeAVCeleb_v1.2/FakeAVCeleb_v1.2/FakeVideo-FakeAudio/Asian (South)/women/id06254/00043_id06439_wavtolip.mp4,00043_id06439_wavtolip.mp4,FakeAVCeleb,FakeVideo-FakeAudio,AUDIO_VISUAL_MANIPULATION,1,1,3,id06254,Asian (South),women,43,id06439,wav2lip,4,calibration
fac_e0b75c80ea56,data/raw/fakeavceleb/FakeAVCeleb_v1.2/FakeAVCeleb_v1.2/FakeVideo-FakeAudio/Asian (South)/women/id06254/00043_id07136_4e43eS5p3_M_id06254_wavtolip.mp4,00043_id07136_4e43eS5p3_M_id06254_wavtolip.mp4,FakeAVCeleb,FakeVideo-FakeAudio,AUDIO_VISUAL_MANIPULATION,1,1,3,id06254,Asian (South),women,43,id07136;id06254,wav2lip,4,calibration
fac_6cc37f821b4b,data/raw/fakeavceleb/FakeAVCeleb_v1.2/FakeAVCeleb_v1.2/FakeVideo-FakeAudio/Asian (South)/women/id06254/00043_id07236_Fe0sdHw3sc4_id00235_wavtolip.mp4,00043_id07236_Fe0sdHw3sc4_id00235_wavtolip.mp4,FakeAVCeleb,FakeVideo-FakeAudio,AUDIO_VISUAL_MANIPULATION,1,1,3,id06254,Asian (South),women,43,id07236;id00235,wav2lip,4,calibration
fac_0c17dd6b0862,data/raw/fakeavceleb/FakeAVCeleb_v1.2/FakeAVCeleb_v1.2/FakeVideo-FakeAudio/Asian (South)/women/id06268/00159_id00488_wavtolip.mp4,00159_id00488_wavtolip.mp4,FakeAVCeleb,FakeVideo-FakeAudio,AUDIO_VISUAL_MANIPULATION,1,1,3,id06268,Asian (South),women,159,id00488,wav2lip,4,calibration
fac_773a0c39ba67,data/raw/fakeavceleb/FakeAVCeleb_v1.2/FakeAVCeleb_v1.2/FakeVideo-FakeAudio/Asian (South)/women/id06268/00159_id00739_wavtolip.mp4,00159_id00739_wavtolip.mp4,FakeAVCeleb,FakeVideo-FakeAudio,AUDIO_VISUAL_MANIPULATION,1,1,3,id06268,Asian (South),women,159,id00739,wav2lip,4,calibration
fac_109020a6355d,data/raw/fakeavceleb/FakeAVCeleb_v1.2/FakeAVCeleb_v1.2/FakeVideo-FakeAudio/Asian (South)/women/id06268/00159_id00747_l3eOd4UDsGc_id00080_wavtolip.mp4,00159_id00747_l3eOd4UDsGc_id00080_wavtolip.mp4,FakeAVCeleb,FakeVideo-FakeAudio,AUDIO_VISUAL_MANIPULATION,1,1,3,id06268,Asian (South),women,159,id00747;id00080,wav2lip,4,calibration
fac_3b2f26707d1d,data/raw/fakeavceleb/FakeAVCeleb_v1.2/FakeAVCeleb_v1.2/FakeVideo-FakeAudio/Asian (South)/women/id06268/00159_id02310_wavtolip.mp4,00159_id02310_wavtolip.mp4,FakeAVCeleb,FakeVideo-FakeAudio,AUDIO_VISUAL_MANIPULATION,1,1,3,id06268,Asian (South),women,159,id02310,wav2lip,4,calibration
fac_b55e96054e78,data/raw/fakeavceleb/FakeAVCeleb_v1.2/FakeAVCeleb_v1.2/FakeVideo-FakeAudio/Asian (South)/women/id06268/00159_id02619_wavtolip.mp4,00159_id02619_wavtolip.mp4,FakeAVCeleb,FakeVideo-FakeAudio,AUDIO_VISUAL_MANIPULATION,1,1,3,id06268,Asian (South),women,159,id02619,wav2lip,4,calibration
fac_9eef917f1a5d,data/raw/fakeavceleb/FakeAVCeleb_v1.2/FakeAVCeleb_v1.2/FakeVideo-FakeAudio/Asian (South)/women/id06268/00159_id03559_pgetxl1qbzM_id04582_wavtolip.mp4,00159_id03559_pgetxl1qbzM_id04582_wavtolip.mp4,FakeAVCeleb,FakeVideo-FakeAudio,AUDIO_VISUAL_MANIPULATION,1,1,3,id06268,Asian (South),women,159,id03559;id04582,wav2lip,4,calibration
fac_9ebb9df8e6e8,data/raw/fakeavceleb/FakeAVCeleb_v1.2/FakeAVCeleb_v1.2/FakeVideo-FakeAudio/Asian (South)/women/id06268/00159_id03897_wavtolip.mp4,00159_id03897_wavtolip.mp4,FakeAVCeleb,FakeVideo-FakeAudio,AUDIO_VISUAL_MANIPULATION,1,1,3,id06268,Asian (South),women,159,id03897,wav2lip,4,calibration
fac_0ef06dbe555e,data/raw/fakeavceleb/FakeAVCeleb_v1.2/FakeAVCeleb_v1.2/FakeVideo-FakeAudio/Asian (South)/women/id06268/00159_id03985_01aVtyjfVFM_id05434_wavtolip.mp4,00159_id03985_01aVtyjfVFM_id05434_wavtolip.mp4,FakeAVCeleb,FakeVideo-FakeAudio,AUDIO_VISUAL_MANIPULATION,1,1,3,id06268,Asian (South),women,159,id03985;id05434,wav2lip,4,calibration
fac_a39484eec9b0,data/raw/fakeavceleb/FakeAVCeleb_v1.2/FakeAVCeleb_v1.2/FakeVideo-FakeAudio/Asian (South)/women/id06268/00159_id04490_wavtolip.mp4,00159_id04490_wavtolip.mp4,FakeAVCeleb,FakeVideo-FakeAudio,AUDIO_VISUAL_MANIPULATION,1,1,3,id06268,Asian (South),women,159,id04490,wav2lip,4,calibration
fac_ebe065526a46,data/raw/fakeavceleb/FakeAVCeleb_v1.2/FakeAVCeleb_v1.2/FakeVideo-FakeAudio/Asian (South)/women/id06268/00159_id05434_wavtolip.mp4,00159_id05434_wavtolip.mp4,FakeAVCeleb,FakeVideo-FakeAudio,AUDIO_VISUAL_MANIPULATION,1,1,3,id06268,Asian (South),women,159,id05434,wav2lip,4,calibration
fac_500d6010fa04,data/raw/fakeavceleb/FakeAVCeleb_v1.2/FakeAVCeleb_v1.2/FakeVideo-FakeAudio/Asian (South)/women/id06268/00159_id05435_OvX-Jv_whcU_id07686_wavtolip.mp4,00159_id05435_OvX-Jv_whcU_id07686_wavtolip.mp4,FakeAVCeleb,FakeVideo-FakeAudio,AUDIO_VISUAL_MANIPULATION,1,1,3,id06268,Asian (South),women,159,id05435;id07686,wav2lip,4,calibration
fac_b2323d28d02e,data/raw/fakeavceleb/FakeAVCeleb_v1.2/FakeAVCeleb_v1.2/FakeVideo-FakeAudio/Asian (South)/women/id06268/00159_id05845_wavtolip.mp4,00159_id05845_wavtolip.mp4,FakeAVCeleb,FakeVideo-FakeAudio,AUDIO_VISUAL_MANIPULATION,1,1,3,id06268,Asian (South),women,159,id05845,wav2lip,4,calibration
fac_d518e59dfac1,data/raw/fakeavceleb/FakeAVCeleb_v1.2/FakeAVCeleb_v1.2/FakeVideo-FakeAudio/Asian (South)/women/id06268/00159_id06254_wavtolip.mp4,00159_id06254_wavtolip.mp4,FakeAVCeleb,FakeVideo-FakeAudio,AUDIO_VISUAL_MANIPULATION,1,1,3,id06268,Asian (South),women,159,id06254,wav2lip,4,calibration
fac_e2c43ad2c5cd,data/raw/fakeavceleb/FakeAVCeleb_v1.2/FakeAVCeleb_v1.2/FakeVideo-FakeAudio/Asian (South)/women/id06268/00159_id06437_3BZvvzBhj8s_id03985_wavtolip.mp4,00159_id06437_3BZvvzBhj8s_id03985_wavtolip.mp4,FakeAVCeleb,FakeVideo-FakeAudio,AUDIO_VISUAL_MANIPULATION,1,1,3,id06268,Asian (South),women,159,id06437;id03985,wav2lip,4,calibration
fac_604ec2e6df24,data/raw/fakeavceleb/FakeAVCeleb_v1.2/FakeAVCeleb_v1.2/FakeVideo-FakeAudio/Asian (South)/women/id06268/00159_id06445_NWtdqOxEbDY_id05435_wavtolip.mp4,00159_id06445_NWtdqOxEbDY_id05435_wavtolip.mp4,FakeAVCeleb,FakeVideo-FakeAudio,AUDIO_VISUAL_MANIPULATION,1,1,3,id06268,Asian (South),women,159,id06445;id05435,wav2lip,4,calibration
fac_b9b60429e0de,data/raw/fakeavceleb/FakeAVCeleb_v1.2/FakeAVCeleb_v1.2/FakeVideo-FakeAudio/Asian (South)/women/id06268/00159_id06752_wavtolip.mp4,00159_id06752_wavtolip.mp4,FakeAVCeleb,FakeVideo-FakeAudio,AUDIO_VISUAL_MANIPULATION,1,1,3,id06268,Asian (South),women,159,id06752,wav2lip,4,calibration
fac_ff50258a3752,data/raw/fakeavceleb/FakeAVCeleb_v1.2/FakeAVCeleb_v1.2/FakeVideo-FakeAudio/Asian (South)/women/id06268/00159_id07049_BiljgZcyWI4_id00461_wavtolip.mp4,00159_id07049_BiljgZcyWI4_id00461_wavtolip.mp4,FakeAVCeleb,FakeVideo-FakeAudio,AUDIO_VISUAL_MANIPULATION,1,1,3,id06268,Asian (South),women,159,id07049;id00461,wav2lip,4,calibration
fac_0f8ad6c3e796,data/raw/fakeavceleb/FakeAVCeleb_v1.2/FakeAVCeleb_v1.2/FakeVideo-FakeAudio/Asian (South)/women/id06268/00159_id07051_d1c0Pl2aP_4_faceswap_id00488_wavtolip.mp4,00159_id07051_d1c0Pl2aP_4_faceswap_id00488_wavtolip.mp4,FakeAVCeleb,FakeVideo-FakeAudio,AUDIO_VISUAL_MANIPULATION,1,1,3,id06268,Asian (South),women,159,id07051;id00488,faceswap,4,calibration
fac_6417b40b8b28,data/raw/fakeavceleb/FakeAVCeleb_v1.2/FakeAVCeleb_v1.2/FakeVideo-FakeAudio/Asian (South)/women/id06268/00159_id07051_d1c0Pl2aP_4_faceswap_id00747_wavtolip.mp4,00159_id07051_d1c0Pl2aP_4_faceswap_id00747_wavtolip.mp4,FakeAVCeleb,FakeVideo-FakeAudio,AUDIO_VISUAL_MANIPULATION,1,1,3,id06268,Asian (South),women,159,id07051;id00747,faceswap,4,calibration
fac_0dab260ada3e,data/raw/fakeavceleb/FakeAVCeleb_v1.2/FakeAVCeleb_v1.2/FakeVideo-FakeAudio/Asian (South)/women/id06268/00159_id07051_d1c0Pl2aP_4_faceswap_id03815_wavtolip.mp4,00159_id07051_d1c0Pl2aP_4_faceswap_id03815_wavtolip.mp4,FakeAVCeleb,FakeVideo-FakeAudio,AUDIO_VISUAL_MANIPULATION,1,1,3,id06268,Asian (South),women,159,id07051;id03815,faceswap,4,calibration
fac_57b7a0c6dfee,data/raw/fakeavceleb/FakeAVCeleb_v1.2/FakeAVCeleb_v1.2/FakeVideo-FakeAudio/Asian (South)/women/id06268/00159_id07051_d1c0Pl2aP_4_id05478_wavtolip.mp4,00159_id07051_d1c0Pl2aP_4_id05478_wavtolip.mp4,FakeAVCeleb,FakeVideo-FakeAudio,AUDIO_VISUAL_MANIPULATION,1,1,3,id06268,Asian (South),women,159,id07051;id05478,wav2lip,4,calibration
fac_fe137cf65a09,data/raw/fakeavceleb/FakeAVCeleb_v1.2/FakeAVCeleb_v1.2/FakeVideo-FakeAudio/Asian (South)/women/id06343/00023_id00739_wavtolip.mp4,00023_id00739_wavtolip.mp4,FakeAVCeleb,FakeVideo-FakeAudio,AUDIO_VISUAL_MANIPULATION,1,1,3,id06343,Asian (South),women,23,id00739,wav2lip,4,calibration
fac_3be8d4f61edb,data/raw/fakeavceleb/FakeAVCeleb_v1.2/FakeAVCeleb_v1.2/FakeVideo-FakeAudio/Asian (South)/women/id06343/00023_id01026_wavtolip.mp4,00023_id01026_wavtolip.mp4,FakeAVCeleb,FakeVideo-FakeAudio,AUDIO_VISUAL_MANIPULATION,1,1,3,id06343,Asian (South),women,23,id01026,wav2lip,4,calibration
fac_9f346e83d49d,data/raw/fakeavceleb/FakeAVCeleb_v1.2/FakeAVCeleb_v1.2/FakeVideo-FakeAudio/Asian (South)/women/id06343/00023_id02310_wavtolip.mp4,00023_id02310_wavtolip.mp4,FakeAVCeleb,FakeVideo-FakeAudio,AUDIO_VISUAL_MANIPULATION,1,1,3,id06343,Asian (South),women,23,id02310,wav2lip,4,calibration
fac_4a9061ff6395,data/raw/fakeavceleb/FakeAVCeleb_v1.2/FakeAVCeleb_v1.2/FakeVideo-FakeAudio/Asian (South)/women/id06343/00023_id02619_wavtolip.mp4,00023_id02619_wavtolip.mp4,FakeAVCeleb,FakeVideo-FakeAudio,AUDIO_VISUAL_MANIPULATION,1,1,3,id06343,Asian (South),women,23,id02619,wav2lip,4,calibration
fac_8ef704a7203a,data/raw/fakeavceleb/FakeAVCeleb_v1.2/FakeAVCeleb_v1.2/FakeVideo-FakeAudio/Asian (South)/women/id06343/00023_id04070_F3CgrqRjcgw_id06254_wavtolip.mp4,00023_id04070_F3CgrqRjcgw_id06254_wavtolip.mp4,FakeAVCeleb,FakeVideo-FakeAudio,AUDIO_VISUAL_MANIPULATION,1,1,3,id06343,Asian (South),women,23,id04070;id06254,wav2lip,4,calibration
fac_93317e4a895f,data/raw/fakeavceleb/FakeAVCeleb_v1.2/FakeAVCeleb_v1.2/FakeVideo-FakeAudio/Asian (South)/women/id06343/00023_id04530_W5-PTTL9HzU_id00488_wavtolip.mp4,00023_id04530_W5-PTTL9HzU_id00488_wavtolip.mp4,FakeAVCeleb,FakeVideo-FakeAudio,AUDIO_VISUAL_MANIPULATION,1,1,3,id06343,Asian (South),women,23,id04530;id00488,wav2lip,4,calibration
fac_33cee9d43743,data/raw/fakeavceleb/FakeAVCeleb_v1.2/FakeAVCeleb_v1.2/FakeVideo-FakeAudio/Asian (South)/women/id06343/00023_id04564_wavtolip.mp4,00023_id04564_wavtolip.mp4,FakeAVCeleb,FakeVideo-FakeAudio,AUDIO_VISUAL_MANIPULATION,1,1,3,id06343,Asian (South),women,23,id04564,wav2lip,4,calibration
fac_639f203ddebb,data/raw/fakeavceleb/FakeAVCeleb_v1.2/FakeAVCeleb_v1.2/FakeVideo-FakeAudio/Asian (South)/women/id06343/00023_id05845_wavtolip.mp4,00023_id05845_wavtolip.mp4,FakeAVCeleb,FakeVideo-FakeAudio,AUDIO_VISUAL_MANIPULATION,1,1,3,id06343,Asian (South),women,23,id05845,wav2lip,4,calibration
fac_8febe11d8f48,data/raw/fakeavceleb/FakeAVCeleb_v1.2/FakeAVCeleb_v1.2/FakeVideo-FakeAudio/Asian (South)/women/id06343/00023_id05931_wavtolip.mp4,00023_id05931_wavtolip.mp4,FakeAVCeleb,FakeVideo-FakeAudio,AUDIO_VISUAL_MANIPULATION,1,1,3,id06343,Asian (South),women,23,id05931,wav2lip,4,calibration
fac_595ddbed1dc4,data/raw/fakeavceleb/FakeAVCeleb_v1.2/FakeAVCeleb_v1.2/FakeVideo-FakeAudio/Asian (South)/women/id06343/00023_id06254_8VSfI86Fua4_id02310_wavtolip.mp4,00023_id06254_8VSfI86Fua4_id02310_wavtolip.mp4,FakeAVCeleb,FakeVideo-FakeAudio,AUDIO_VISUAL_MANIPULATION,1,1,3,id06343,Asian (South),women,23,id06254;id02310,wav2lip,4,calibration
fac_0db27edf5c79,data/raw/fakeavceleb/FakeAVCeleb_v1.2/FakeAVCeleb_v1.2/FakeVideo-FakeAudio/Asian (South)/women/id06343/00023_id06438_vf3xBVgYqYA_faceswap_id00235_wavtolip.mp4,00023_id06438_vf3xBVgYqYA_faceswap_id00235_wavtolip.mp4,FakeAVCeleb,FakeVideo-FakeAudio,AUDIO_VISUAL_MANIPULATION,1,1,3,id06343,Asian (South),women,23,id06438;id00235,faceswap,4,calibration
fac_8d6d27b50ec7,data/raw/fakeavceleb/FakeAVCeleb_v1.2/FakeAVCeleb_v1.2/FakeVideo-FakeAudio/Asian (South)/women/id06343/00023_id06438_vf3xBVgYqYA_faceswap_id00739_wavtolip.mp4,00023_id06438_vf3xBVgYqYA_faceswap_id00739_wavtolip.mp4,FakeAVCeleb,FakeVideo-FakeAudio,AUDIO_VISUAL_MANIPULATION,1,1,3,id06343,Asian (South),women,23,id06438;id00739,faceswap,4,calibration
fac_270d3385cac3,data/raw/fakeavceleb/FakeAVCeleb_v1.2/FakeAVCeleb_v1.2/FakeVideo-FakeAudio/Asian (South)/women/id06343/00023_id06438_vf3xBVgYqYA_faceswap_id01026_wavtolip.mp4,00023_id06438_vf3xBVgYqYA_faceswap_id01026_wavtolip.mp4,FakeAVCeleb,FakeVideo-FakeAudio,AUDIO_VISUAL_MANIPULATION,1,1,3,id06343,Asian (South),women,23,id06438;id01026,faceswap,4,calibration
fac_75477435e2b6,data/raw/fakeavceleb/FakeAVCeleb_v1.2/FakeAVCeleb_v1.2/FakeVideo-FakeAudio/Asian (South)/women/id06343/00023_id06438_vf3xBVgYqYA_faceswap_id04529_wavtolip.mp4,00023_id06438_vf3xBVgYqYA_faceswap_id04529_wavtolip.mp4,FakeAVCeleb,FakeVideo-FakeAudio,AUDIO_VISUAL_MANIPULATION,1,1,3,id06343,Asian (South),women,23,id06438;id04529,faceswap,4,calibration
fac_0e156ce949eb,data/raw/fakeavceleb/FakeAVCeleb_v1.2/FakeAVCeleb_v1.2/FakeVideo-FakeAudio/Asian (South)/women/id06343/00023_id06438_vf3xBVgYqYA_faceswap_id04530_wavtolip.mp4,00023_id06438_vf3xBVgYqYA_faceswap_id04530_wavtolip.mp4,FakeAVCeleb,FakeVideo-FakeAudio,AUDIO_VISUAL_MANIPULATION,1,1,3,id06343,Asian (South),women,23,id06438;id04530,faceswap,4,calibration
fac_149f66f4b056,data/raw/fakeavceleb/FakeAVCeleb_v1.2/FakeAVCeleb_v1.2/FakeVideo-FakeAudio/Asian (South)/women/id06343/00023_id06438_vf3xBVgYqYA_id05435_wavtolip.mp4,00023_id06438_vf3xBVgYqYA_id05435_wavtolip.mp4,FakeAVCeleb,FakeVideo-FakeAudio,AUDIO_VISUAL_MANIPULATION,1,1,3,id06343,Asian (South),women,23,id06438;id05435,wav2lip,4,calibration
fac_f3d5acc9f8f4,data/raw/fakeavceleb/FakeAVCeleb_v1.2/FakeAVCeleb_v1.2/FakeVideo-FakeAudio/Asian (South)/women/id06343/00023_id06752_PYYIloTJiH0_id00488_wavtolip.mp4,00023_id06752_PYYIloTJiH0_id00488_wavtolip.mp4,FakeAVCeleb,FakeVideo-FakeAudio,AUDIO_VISUAL_MANIPULATION,1,1,3,id06343,Asian (South),women,23,id06752;id00488,wav2lip,4,calibration
fac_aa5ae1be5083,data/raw/fakeavceleb/FakeAVCeleb_v1.2/FakeAVCeleb_v1.2/FakeVideo-FakeAudio/Asian (South)/women/id06343/00023_id07049_wavtolip.mp4,00023_id07049_wavtolip.mp4,FakeAVCeleb,FakeVideo-FakeAudio,AUDIO_VISUAL_MANIPULATION,1,1,3,id06343,Asian (South),women,23,id07049,wav2lip,4,calibration
fac_ac5ff60d2bb7,data/raw/fakeavceleb/FakeAVCeleb_v1.2/FakeAVCeleb_v1.2/FakeVideo-FakeAudio/Asian (South)/women/id06343/00023_id07051_d1c0Pl2aP_4_id03815_wavtolip.mp4,00023_id07051_d1c0Pl2aP_4_id03815_wavtolip.mp4,FakeAVCeleb,FakeVideo-FakeAudio,AUDIO_VISUAL_MANIPULATION,1,1,3,id06343,Asian (South),women,23,id07051;id03815,wav2lip,4,calibration
fac_5204f449aa0a,data/raw/fakeavceleb/FakeAVCeleb_v1.2/FakeAVCeleb_v1.2/FakeVideo-FakeAudio/Asian (South)/women/id06343/00023_id07236_Fe0sdHw3sc4_id03985_wavtolip.mp4,00023_id07236_Fe0sdHw3sc4_id03985_wavtolip.mp4,FakeAVCeleb,FakeVideo-FakeAudio,AUDIO_VISUAL_MANIPULATION,1,1,3,id06343,Asian (South),women,23,id07236;id03985,wav2lip,4,calibration
fac_da72ce4667a8,data/raw/fakeavceleb/FakeAVCeleb_v1.2/FakeAVCeleb_v1.2/FakeVideo-FakeAudio/Asian (South)/women/id06343/00023_id07689_wavtolip.mp4,00023_id07689_wavtolip.mp4,FakeAVCeleb,FakeVideo-FakeAudio,AUDIO_VISUAL_MANIPULATION,1,1,3,id06343,Asian (South),women,23,id07689,wav2lip,4,calibration
fac_149bf28c93df,data/raw/fakeavceleb/FakeAVCeleb_v1.2/FakeAVCeleb_v1.2/FakeVideo-FakeAudio/Asian (South)/women/id06428/00043_id00235_wavtolip.mp4,00043_id00235_wavtolip.mp4,FakeAVCeleb,FakeVideo-FakeAudio,AUDIO_VISUAL_MANIPULATION,1,1,3,id06428,Asian (South),women,43,id00235,wav2lip,4,calibration
fac_817a598b8eca,data/raw/fakeavceleb/FakeAVCeleb_v1.2/FakeAVCeleb_v1.2/FakeVideo-FakeAudio/Asian (South)/women/id06428/00043_id00747_wavtolip.mp4,00043_id00747_wavtolip.mp4,FakeAVCeleb,FakeVideo-FakeAudio,AUDIO_VISUAL_MANIPULATION,1,1,3,id06428,Asian (South),women,43,id00747,wav2lip,4,calibration
fac_0451c189119d,data/raw/fakeavceleb/FakeAVCeleb_v1.2/FakeAVCeleb_v1.2/FakeVideo-FakeAudio/Asian (South)/women/id06428/00043_id02089_wavtolip.mp4,00043_id02089_wavtolip.mp4,FakeAVCeleb,FakeVideo-FakeAudio,AUDIO_VISUAL_MANIPULATION,1,1,3,id06428,Asian (South),women,43,id02089,wav2lip,4,calibration
fac_1607cd81d313,data/raw/fakeavceleb/FakeAVCeleb_v1.2/FakeAVCeleb_v1.2/FakeVideo-FakeAudio/Asian (South)/women/id06428/00043_id02310_zA-8Pw0SvZg_id03815_wavtolip.mp4,00043_id02310_zA-8Pw0SvZg_id03815_wavtolip.mp4,FakeAVCeleb,FakeVideo-FakeAudio,AUDIO_VISUAL_MANIPULATION,1,1,3,id06428,Asian (South),women,43,id02310;id03815,wav2lip,4,calibration
fac_260e640dc6c3,data/raw/fakeavceleb/FakeAVCeleb_v1.2/FakeAVCeleb_v1.2/FakeVideo-FakeAudio/Asian (South)/women/id06428/00043_id03815_hw41YlLps4w_id04582_wavtolip.mp4,00043_id03815_hw41YlLps4w_id04582_wavtolip.mp4,FakeAVCeleb,FakeVideo-FakeAudio,AUDIO_VISUAL_MANIPULATION,1,1,3,id06428,Asian (South),women,43,id03815;id04582,wav2lip,4,calibration
fac_eaa5cc1c45fe,data/raw/fakeavceleb/FakeAVCeleb_v1.2/FakeAVCeleb_v1.2/FakeVideo-FakeAudio/Asian (South)/women/id06428/00043_id05434_6p7kCmdOjDQ_id05478_wavtolip.mp4,00043_id05434_6p7kCmdOjDQ_id05478_wavtolip.mp4,FakeAVCeleb,FakeVideo-FakeAudio,AUDIO_VISUAL_MANIPULATION,1,1,3,id06428,Asian (South),women,43,id05434;id05478,wav2lip,4,calibration
fac_c137c08a82cf,data/raw/fakeavceleb/FakeAVCeleb_v1.2/FakeAVCeleb_v1.2/FakeVideo-FakeAudio/Asian (South)/women/id06428/00043_id05845_XfMHm6CEwPw_id04583_wavtolip.mp4,00043_id05845_XfMHm6CEwPw_id04583_wavtolip.mp4,FakeAVCeleb,FakeVideo-FakeAudio,AUDIO_VISUAL_MANIPULATION,1,1,3,id06428,Asian (South),women,43,id05845;id04583,wav2lip,4,calibration
fac_5ec43c38d8c0,data/raw/fakeavceleb/FakeAVCeleb_v1.2/FakeAVCeleb_v1.2/FakeVideo-FakeAudio/Asian (South)/women/id06428/00043_id05845_wavtolip.mp4,00043_id05845_wavtolip.mp4,FakeAVCeleb,FakeVideo-FakeAudio,AUDIO_VISUAL_MANIPULATION,1,1,3,id06428,Asian (South),women,43,id05845,wav2lip,4,calibration
fac_d439f81b0f8f,data/raw/fakeavceleb/FakeAVCeleb_v1.2/FakeAVCeleb_v1.2/FakeVideo-FakeAudio/Asian (South)/women/id06428/00043_id06232_wavtolip.mp4,00043_id06232_wavtolip.mp4,FakeAVCeleb,FakeVideo-FakeAudio,AUDIO_VISUAL_MANIPULATION,1,1,3,id06428,Asian (South),women,43,id06232,wav2lip,4,calibration
fac_4840aa88d6f3,data/raw/fakeavceleb/FakeAVCeleb_v1.2/FakeAVCeleb_v1.2/FakeVideo-FakeAudio/Asian (South)/women/id06428/00043_id06428_wavtolip.mp4,00043_id06428_wavtolip.mp4,FakeAVCeleb,FakeVideo-FakeAudio,AUDIO_VISUAL_MANIPULATION,1,1,3,id06428,Asian (South),women,43,id06428,wav2lip,4,calibration
fac_2750fc58a63d,data/raw/fakeavceleb/FakeAVCeleb_v1.2/FakeAVCeleb_v1.2/FakeVideo-FakeAudio/Asian (South)/women/id06428/00043_id06438_wavtolip.mp4,00043_id06438_wavtolip.mp4,FakeAVCeleb,FakeVideo-FakeAudio,AUDIO_VISUAL_MANIPULATION,1,1,3,id06428,Asian (South),women,43,id06438,wav2lip,4,calibration
fac_9eb3128fe9d9,data/raw/fakeavceleb/FakeAVCeleb_v1.2/FakeAVCeleb_v1.2/FakeVideo-FakeAudio/Asian (South)/women/id06428/00043_id06752_wavtolip.mp4,00043_id06752_wavtolip.mp4,FakeAVCeleb,FakeVideo-FakeAudio,AUDIO_VISUAL_MANIPULATION,1,1,3,id06428,Asian (South),women,43,id06752,wav2lip,4,calibration
fac_d34f07c460a6,data/raw/fakeavceleb/FakeAVCeleb_v1.2/FakeAVCeleb_v1.2/FakeVideo-FakeAudio/Asian (South)/women/id06428/00043_id07008_wavtolip.mp4,00043_id07008_wavtolip.mp4,FakeAVCeleb,FakeVideo-FakeAudio,AUDIO_VISUAL_MANIPULATION,1,1,3,id06428,Asian (South),women,43,id07008,wav2lip,4,calibration
fac_621f3ab6331a,data/raw/fakeavceleb/FakeAVCeleb_v1.2/FakeAVCeleb_v1.2/FakeVideo-FakeAudio/Asian (South)/women/id06428/00043_id07051_d1c0Pl2aP_4_faceswap_id03985_wavtolip.mp4,00043_id07051_d1c0Pl2aP_4_faceswap_id03985_wavtolip.mp4,FakeAVCeleb,FakeVideo-FakeAudio,AUDIO_VISUAL_MANIPULATION,1,1,3,id06428,Asian (South),women,43,id07051;id03985,faceswap,4,calibration
fac_9494ddb6314f,data/raw/fakeavceleb/FakeAVCeleb_v1.2/FakeAVCeleb_v1.2/FakeVideo-FakeAudio/Asian (South)/women/id06428/00043_id07051_d1c0Pl2aP_4_faceswap_id04070_wavtolip.mp4,00043_id07051_d1c0Pl2aP_4_faceswap_id04070_wavtolip.mp4,FakeAVCeleb,FakeVideo-FakeAudio,AUDIO_VISUAL_MANIPULATION,1,1,3,id06428,Asian (South),women,43,id07051;id04070,faceswap,4,calibration
fac_a36324938f00,data/raw/fakeavceleb/FakeAVCeleb_v1.2/FakeAVCeleb_v1.2/FakeVideo-FakeAudio/Asian (South)/women/id06428/00043_id07051_d1c0Pl2aP_4_faceswap_id04583_wavtolip.mp4,00043_id07051_d1c0Pl2aP_4_faceswap_id04583_wavtolip.mp4,FakeAVCeleb,FakeVideo-FakeAudio,AUDIO_VISUAL_MANIPULATION,1,1,3,id06428,Asian (South),women,43,id07051;id04583,faceswap,4,calibration
fac_e9693403dd48,data/raw/fakeavceleb/FakeAVCeleb_v1.2/FakeAVCeleb_v1.2/FakeVideo-FakeAudio/Asian (South)/women/id06428/00043_id07051_d1c0Pl2aP_4_faceswap_id05478_wavtolip.mp4,00043_id07051_d1c0Pl2aP_4_faceswap_id05478_wavtolip.mp4,FakeAVCeleb,FakeVideo-FakeAudio,AUDIO_VISUAL_MANIPULATION,1,1,3,id06428,Asian (South),women,43,id07051;id05478,faceswap,4,calibration
fac_7b62dbd872e8,data/raw/fakeavceleb/FakeAVCeleb_v1.2/FakeAVCeleb_v1.2/FakeVideo-FakeAudio/Asian (South)/women/id06428/00043_id07051_d1c0Pl2aP_4_faceswap_id06254_wavtolip.mp4,00043_id07051_d1c0Pl2aP_4_faceswap_id06254_wavtolip.mp4,FakeAVCeleb,FakeVideo-FakeAudio,AUDIO_VISUAL_MANIPULATION,1,1,3,id06428,Asian (South),women,43,id07051;id06254,faceswap,4,calibration
fac_52ba9fe5e5fe,data/raw/fakeavceleb/FakeAVCeleb_v1.2/FakeAVCeleb_v1.2/FakeVideo-FakeAudio/Asian (South)/women/id06428/00043_id07051_d1c0Pl2aP_4_id00043_wavtolip.mp4,00043_id07051_d1c0Pl2aP_4_id00043_wavtolip.mp4,FakeAVCeleb,FakeVideo-FakeAudio,AUDIO_VISUAL_MANIPULATION,1,1,3,id06428,Asian (South),women,43,id07051;id00043,wav2lip,4,calibration
fac_2012cfd2c20b,data/raw/fakeavceleb/FakeAVCeleb_v1.2/FakeAVCeleb_v1.2/FakeVideo-FakeAudio/Asian (South)/women/id06428/00043_id07051_wavtolip.mp4,00043_id07051_wavtolip.mp4,FakeAVCeleb,FakeVideo-FakeAudio,AUDIO_VISUAL_MANIPULATION,1,1,3,id06428,Asian (South),women,43,id07051,wav2lip,4,calibration
fac_88e765fd6fdf,data/raw/fakeavceleb/FakeAVCeleb_v1.2/FakeAVCeleb_v1.2/FakeVideo-FakeAudio/Asian (South)/women/id06428/00043_id07136_4e43eS5p3_M_id04530_wavtolip.mp4,00043_id07136_4e43eS5p3_M_id04530_wavtolip.mp4,FakeAVCeleb,FakeVideo-FakeAudio,AUDIO_VISUAL_MANIPULATION,1,1,3,id06428,Asian (South),women,43,id07136;id04530,wav2lip,4,calibration
fac_ee30aaad73b1,data/raw/fakeavceleb/FakeAVCeleb_v1.2/FakeAVCeleb_v1.2/FakeVideo-FakeAudio/Asian (South)/women/id06428/00043_id07377_FGNavKcGANA_id00747_wavtolip.mp4,00043_id07377_FGNavKcGANA_id00747_wavtolip.mp4,FakeAVCeleb,FakeVideo-FakeAudio,AUDIO_VISUAL_MANIPULATION,1,1,3,id06428,Asian (South),women,43,id07377;id00747,wav2lip,4,calibration
fac_1b1452852fba,data/raw/fakeavceleb/FakeAVCeleb_v1.2/FakeAVCeleb_v1.2/FakeVideo-FakeAudio/Asian (South)/women/id06428/00043_id07689_2ie0g83JkgA_id04529_wavtolip.mp4,00043_id07689_2ie0g83JkgA_id04529_wavtolip.mp4,FakeAVCeleb,FakeVideo-FakeAudio,AUDIO_VISUAL_MANIPULATION,1,1,3,id06428,Asian (South),women,43,id07689;id04529,wav2lip,4,calibration
fac_cf8f960d8a5a,data/raw/fakeavceleb/FakeAVCeleb_v1.2/FakeAVCeleb_v1.2/FakeVideo-FakeAudio/Asian (South)/women/id06437/00028_id00080_wavtolip.mp4,00028_id00080_wavtolip.mp4,FakeAVCeleb,FakeVideo-FakeAudio,AUDIO_VISUAL_MANIPULATION,1,1,3,id06437,Asian (South),women,28,id00080,wav2lip,4,calibration
fac_b1d97fe9dca9,data/raw/fakeavceleb/FakeAVCeleb_v1.2/FakeAVCeleb_v1.2/FakeVideo-FakeAudio/Asian (South)/women/id06437/00028_id00488_F3YxmZ9CYFw_id07051_wavtolip.mp4,00028_id00488_F3YxmZ9CYFw_id07051_wavtolip.mp4,FakeAVCeleb,FakeVideo-FakeAudio,AUDIO_VISUAL_MANIPULATION,1,1,3,id06437,Asian (South),women,28,id00488;id07051,wav2lip,4,calibration
fac_f298465a4258,data/raw/fakeavceleb/FakeAVCeleb_v1.2/FakeAVCeleb_v1.2/FakeVideo-FakeAudio/Asian (South)/women/id06437/00028_id01026_wavtolip.mp4,00028_id01026_wavtolip.mp4,FakeAVCeleb,FakeVideo-FakeAudio,AUDIO_VISUAL_MANIPULATION,1,1,3,id06437,Asian (South),women,28,id01026,wav2lip,4,calibration
fac_88d19f6646b2,data/raw/fakeavceleb/FakeAVCeleb_v1.2/FakeAVCeleb_v1.2/FakeVideo-FakeAudio/Asian (South)/women/id06437/00028_id02089_wavtolip.mp4,00028_id02089_wavtolip.mp4,FakeAVCeleb,FakeVideo-FakeAudio,AUDIO_VISUAL_MANIPULATION,1,1,3,id06437,Asian (South),women,28,id02089,wav2lip,4,calibration
fac_1ecae236dcdb,data/raw/fakeavceleb/FakeAVCeleb_v1.2/FakeAVCeleb_v1.2/FakeVideo-FakeAudio/Asian (South)/women/id06437/00028_id03985_wavtolip.mp4,00028_id03985_wavtolip.mp4,FakeAVCeleb,FakeVideo-FakeAudio,AUDIO_VISUAL_MANIPULATION,1,1,3,id06437,Asian (South),women,28,id03985,wav2lip,4,calibration
fac_62551cfb7ee6,data/raw/fakeavceleb/FakeAVCeleb_v1.2/FakeAVCeleb_v1.2/FakeVideo-FakeAudio/Asian (South)/women/id06437/00028_id04070_F3CgrqRjcgw_id06232_wavtolip.mp4,00028_id04070_F3CgrqRjcgw_id06232_wavtolip.mp4,FakeAVCeleb,FakeVideo-FakeAudio,AUDIO_VISUAL_MANIPULATION,1,1,3,id06437,Asian (South),women,28,id04070;id06232,wav2lip,4,calibration
fac_a07bb8f8e398,data/raw/fakeavceleb/FakeAVCeleb_v1.2/FakeAVCeleb_v1.2/FakeVideo-FakeAudio/Asian (South)/women/id06437/00028_id04490_G00MMIdUOTc_id07686_wavtolip.mp4,00028_id04490_G00MMIdUOTc_id07686_wavtolip.mp4,FakeAVCeleb,FakeVideo-FakeAudio,AUDIO_VISUAL_MANIPULATION,1,1,3,id06437,Asian (South),women,28,id04490;id07686,wav2lip,4,calibration
fac_8bb3496dc47e,data/raw/fakeavceleb/FakeAVCeleb_v1.2/FakeAVCeleb_v1.2/FakeVideo-FakeAudio/Asian (South)/women/id06437/00028_id04529_wavtolip.mp4,00028_id04529_wavtolip.mp4,FakeAVCeleb,FakeVideo-FakeAudio,AUDIO_VISUAL_MANIPULATION,1,1,3,id06437,Asian (South),women,28,id04529,wav2lip,4,calibration
fac_6d80a529c1f7,data/raw/fakeavceleb/FakeAVCeleb_v1.2/FakeAVCeleb_v1.2/FakeVideo-FakeAudio/Asian (South)/women/id06437/00028_id04530_wavtolip.mp4,00028_id04530_wavtolip.mp4,FakeAVCeleb,FakeVideo-FakeAudio,AUDIO_VISUAL_MANIPULATION,1,1,3,id06437,Asian (South),women,28,id04530,wav2lip,4,calibration
fac_9a4b5bf5c304,data/raw/fakeavceleb/FakeAVCeleb_v1.2/FakeAVCeleb_v1.2/FakeVideo-FakeAudio/Asian (South)/women/id06437/00028_id05435_wavtolip.mp4,00028_id05435_wavtolip.mp4,FakeAVCeleb,FakeVideo-FakeAudio,AUDIO_VISUAL_MANIPULATION,1,1,3,id06437,Asian (South),women,28,id05435,wav2lip,4,calibration
fac_128a5900366e,data/raw/fakeavceleb/FakeAVCeleb_v1.2/FakeAVCeleb_v1.2/FakeVideo-FakeAudio/Asian (South)/women/id06437/00028_id05845_XfMHm6CEwPw_id06343_wavtolip.mp4,00028_id05845_XfMHm6CEwPw_id06343_wavtolip.mp4,FakeAVCeleb,FakeVideo-FakeAudio,AUDIO_VISUAL_MANIPULATION,1,1,3,id06437,Asian (South),women,28,id05845;id06343,wav2lip,4,calibration
fac_97e2e4298473,data/raw/fakeavceleb/FakeAVCeleb_v1.2/FakeAVCeleb_v1.2/FakeVideo-FakeAudio/Asian (South)/women/id06437/00028_id06232_wavtolip.mp4,00028_id06232_wavtolip.mp4,FakeAVCeleb,FakeVideo-FakeAudio,AUDIO_VISUAL_MANIPULATION,1,1,3,id06437,Asian (South),women,28,id06232,wav2lip,4,calibration
fac_7381d0a56ad5,data/raw/fakeavceleb/FakeAVCeleb_v1.2/FakeAVCeleb_v1.2/FakeVideo-FakeAudio/Asian (South)/women/id06437/00028_id06268_h9p-Na_iA1s_id07236_wavtolip.mp4,00028_id06268_h9p-Na_iA1s_id07236_wavtolip.mp4,FakeAVCeleb,FakeVideo-FakeAudio,AUDIO_VISUAL_MANIPULATION,1,1,3,id06437,Asian (South),women,28,id06268;id07236,wav2lip,4,calibration
fac_9047f4c307bd,data/raw/fakeavceleb/FakeAVCeleb_v1.2/FakeAVCeleb_v1.2/FakeVideo-FakeAudio/Asian (South)/women/id06437/00028_id06438_vf3xBVgYqYA_faceswap_id02089_wavtolip.mp4,00028_id06438_vf3xBVgYqYA_faceswap_id02089_wavtolip.mp4,FakeAVCeleb,FakeVideo-FakeAudio,AUDIO_VISUAL_MANIPULATION,1,1,3,id06437,Asian (South),women,28,id06438;id02089,faceswap,4,calibration
fac_a8f50ce3482b,data/raw/fakeavceleb/FakeAVCeleb_v1.2/FakeAVCeleb_v1.2/FakeVideo-FakeAudio/Asian (South)/women/id06437/00028_id06438_vf3xBVgYqYA_faceswap_id06254_wavtolip.mp4,00028_id06438_vf3xBVgYqYA_faceswap_id06254_wavtolip.mp4,FakeAVCeleb,FakeVideo-FakeAudio,AUDIO_VISUAL_MANIPULATION,1,1,3,id06437,Asian (South),women,28,id06438;id06254,faceswap,4,calibration
fac_ad456c6816fa,data/raw/fakeavceleb/FakeAVCeleb_v1.2/FakeAVCeleb_v1.2/FakeVideo-FakeAudio/Asian (South)/women/id06437/00028_id06438_vf3xBVgYqYA_faceswap_id06428_wavtolip.mp4,00028_id06438_vf3xBVgYqYA_faceswap_id06428_wavtolip.mp4,FakeAVCeleb,FakeVideo-FakeAudio,AUDIO_VISUAL_MANIPULATION,1,1,3,id06437,Asian (South),women,28,id06438;id06428,faceswap,4,calibration
fac_ced6a8498957,data/raw/fakeavceleb/FakeAVCeleb_v1.2/FakeAVCeleb_v1.2/FakeVideo-FakeAudio/Asian (South)/women/id06437/00028_id06438_vf3xBVgYqYA_faceswap_id07136_wavtolip.mp4,00028_id06438_vf3xBVgYqYA_faceswap_id07136_wavtolip.mp4,FakeAVCeleb,FakeVideo-FakeAudio,AUDIO_VISUAL_MANIPULATION,1,1,3,id06437,Asian (South),women,28,id06438;id07136,faceswap,4,calibration
fac_d98206e363b8,data/raw/fakeavceleb/FakeAVCeleb_v1.2/FakeAVCeleb_v1.2/FakeVideo-FakeAudio/Asian (South)/women/id06437/00028_id06438_vf3xBVgYqYA_faceswap_id07689_wavtolip.mp4,00028_id06438_vf3xBVgYqYA_faceswap_id07689_wavtolip.mp4,FakeAVCeleb,FakeVideo-FakeAudio,AUDIO_VISUAL_MANIPULATION,1,1,3,id06437,Asian (South),women,28,id06438;id07689,faceswap,4,calibration
fac_0edb18a4133d,data/raw/fakeavceleb/FakeAVCeleb_v1.2/FakeAVCeleb_v1.2/FakeVideo-FakeAudio/Asian (South)/women/id06437/00028_id06438_vf3xBVgYqYA_id07008_wavtolip.mp4,00028_id06438_vf3xBVgYqYA_id07008_wavtolip.mp4,FakeAVCeleb,FakeVideo-FakeAudio,AUDIO_VISUAL_MANIPULATION,1,1,3,id06437,Asian (South),women,28,id06438;id07008,wav2lip,4,calibration
fac_9b0f4057efed,data/raw/fakeavceleb/FakeAVCeleb_v1.2/FakeAVCeleb_v1.2/FakeVideo-FakeAudio/Asian (South)/women/id06437/00028_id06752_PYYIloTJiH0_id04070_wavtolip.mp4,00028_id06752_PYYIloTJiH0_id04070_wavtolip.mp4,FakeAVCeleb,FakeVideo-FakeAudio,AUDIO_VISUAL_MANIPULATION,1,1,3,id06437,Asian (South),women,28,id06752;id04070,wav2lip,4,calibration
fac_0aeb225c0e04,data/raw/fakeavceleb/FakeAVCeleb_v1.2/FakeAVCeleb_v1.2/FakeVideo-FakeAudio/Asian (South)/women/id06437/00028_id07686_lwSGz24c1Bs_id04070_wavtolip.mp4,00028_id07686_lwSGz24c1Bs_id04070_wavtolip.mp4,FakeAVCeleb,FakeVideo-FakeAudio,AUDIO_VISUAL_MANIPULATION,1,1,3,id06437,Asian (South),women,28,id07686;id04070,wav2lip,4,calibration
fac_ffbdcde2307b,data/raw/fakeavceleb/FakeAVCeleb_v1.2/FakeAVCeleb_v1.2/FakeVideo-FakeAudio/Asian (South)/women/id06437/00028_id07686_wavtolip.mp4,00028_id07686_wavtolip.mp4,FakeAVCeleb,FakeVideo-FakeAudio,AUDIO_VISUAL_MANIPULATION,1,1,3,id06437,Asian (South),women,28,id07686,wav2lip,4,calibration
fac_c1ad363a35d9,data/raw/fakeavceleb/FakeAVCeleb_v1.2/FakeAVCeleb_v1.2/FakeVideo-FakeAudio/Asian (South)/women/id06438/00110_id00235_wavtolip.mp4,00110_id00235_wavtolip.mp4,FakeAVCeleb,FakeVideo-FakeAudio,AUDIO_VISUAL_MANIPULATION,1,1,3,id06438,Asian (South),women,110,id00235,wav2lip,4,calibration
fac_04247d5a0f43,data/raw/fakeavceleb/FakeAVCeleb_v1.2/FakeAVCeleb_v1.2/FakeVideo-FakeAudio/Asian (South)/women/id06438/00110_id02310_zA-8Pw0SvZg_id06232_wavtolip.mp4,00110_id02310_zA-8Pw0SvZg_id06232_wavtolip.mp4,FakeAVCeleb,FakeVideo-FakeAudio,AUDIO_VISUAL_MANIPULATION,1,1,3,id06438,Asian (South),women,110,id02310;id06232,wav2lip,4,calibration
fac_2f65ba962647,data/raw/fakeavceleb/FakeAVCeleb_v1.2/FakeAVCeleb_v1.2/FakeVideo-FakeAudio/Asian (South)/women/id06438/00110_id04070_F3CgrqRjcgw_id02310_wavtolip.mp4,00110_id04070_F3CgrqRjcgw_id02310_wavtolip.mp4,FakeAVCeleb,FakeVideo-FakeAudio,AUDIO_VISUAL_MANIPULATION,1,1,3,id06438,Asian (South),women,110,id04070;id02310,wav2lip,4,calibration
fac_13b0b471e5f3,data/raw/fakeavceleb/FakeAVCeleb_v1.2/FakeAVCeleb_v1.2/FakeVideo-FakeAudio/Asian (South)/women/id06438/00110_id04564_wavtolip.mp4,00110_id04564_wavtolip.mp4,FakeAVCeleb,FakeVideo-FakeAudio,AUDIO_VISUAL_MANIPULATION,1,1,3,id06438,Asian (South),women,110,id04564,wav2lip,4,calibration
fac_1e3c6e7ae58f,data/raw/fakeavceleb/FakeAVCeleb_v1.2/FakeAVCeleb_v1.2/FakeVideo-FakeAudio/Asian (South)/women/id06438/00110_id04583_M10zZFjuAb0_id00235_wavtolip.mp4,00110_id04583_M10zZFjuAb0_id00235_wavtolip.mp4,FakeAVCeleb,FakeVideo-FakeAudio,AUDIO_VISUAL_MANIPULATION,1,1,3,id06438,Asian (South),women,110,id04583;id00235,wav2lip,4,calibration
fac_649024608637,data/raw/fakeavceleb/FakeAVCeleb_v1.2/FakeAVCeleb_v1.2/FakeVideo-FakeAudio/Asian (South)/women/id06438/00110_id05435_wavtolip.mp4,00110_id05435_wavtolip.mp4,FakeAVCeleb,FakeVideo-FakeAudio,AUDIO_VISUAL_MANIPULATION,1,1,3,id06438,Asian (South),women,110,id05435,wav2lip,4,calibration
fac_850ab876608f,data/raw/fakeavceleb/FakeAVCeleb_v1.2/FakeAVCeleb_v1.2/FakeVideo-FakeAudio/Asian (South)/women/id06438/00110_id05845_wavtolip.mp4,00110_id05845_wavtolip.mp4,FakeAVCeleb,FakeVideo-FakeAudio,AUDIO_VISUAL_MANIPULATION,1,1,3,id06438,Asian (South),women,110,id05845,wav2lip,4,calibration
fac_98d6f868d622,data/raw/fakeavceleb/FakeAVCeleb_v1.2/FakeAVCeleb_v1.2/FakeVideo-FakeAudio/Asian (South)/women/id06438/00110_id06232_wavtolip.mp4,00110_id06232_wavtolip.mp4,FakeAVCeleb,FakeVideo-FakeAudio,AUDIO_VISUAL_MANIPULATION,1,1,3,id06438,Asian (South),women,110,id06232,wav2lip,4,calibration
fac_d0a853dcdc1a,data/raw/fakeavceleb/FakeAVCeleb_v1.2/FakeAVCeleb_v1.2/FakeVideo-FakeAudio/Asian (South)/women/id06438/00110_id06343_wavtolip.mp4,00110_id06343_wavtolip.mp4,FakeAVCeleb,FakeVideo-FakeAudio,AUDIO_VISUAL_MANIPULATION,1,1,3,id06438,Asian (South),women,110,id06343,wav2lip,4,calibration
fac_d3b771a7b6bb,data/raw/fakeavceleb/FakeAVCeleb_v1.2/FakeAVCeleb_v1.2/FakeVideo-FakeAudio/Asian (South)/women/id06438/00110_id06428_A9nvRKd1afA_id07008_wavtolip.mp4,00110_id06428_A9nvRKd1afA_id07008_wavtolip.mp4,FakeAVCeleb,FakeVideo-FakeAudio,AUDIO_VISUAL_MANIPULATION,1,1,3,id06438,Asian (South),women,110,id06428;id07008,wav2lip,4,calibration
fac_88002a8127eb,data/raw/fakeavceleb/FakeAVCeleb_v1.2/FakeAVCeleb_v1.2/FakeVideo-FakeAudio/Asian (South)/women/id06438/00110_id06428_wavtolip.mp4,00110_id06428_wavtolip.mp4,FakeAVCeleb,FakeVideo-FakeAudio,AUDIO_VISUAL_MANIPULATION,1,1,3,id06438,Asian (South),women,110,id06428,wav2lip,4,calibration
fac_0928f1d92633,data/raw/fakeavceleb/FakeAVCeleb_v1.2/FakeAVCeleb_v1.2/FakeVideo-FakeAudio/Asian (South)/women/id06438/00110_id06437_3BZvvzBhj8s_faceswap_id00461_wavtolip.mp4,00110_id06437_3BZvvzBhj8s_faceswap_id00461_wavtolip.mp4,FakeAVCeleb,FakeVideo-FakeAudio,AUDIO_VISUAL_MANIPULATION,1,1,3,id06438,Asian (South),women,110,id06437;id00461,faceswap,4,calibration
fac_238f77409366,data/raw/fakeavceleb/FakeAVCeleb_v1.2/FakeAVCeleb_v1.2/FakeVideo-FakeAudio/Asian (South)/women/id06438/00110_id06437_3BZvvzBhj8s_faceswap_id02619_wavtolip.mp4,00110_id06437_3BZvvzBhj8s_faceswap_id02619_wavtolip.mp4,FakeAVCeleb,FakeVideo-FakeAudio,AUDIO_VISUAL_MANIPULATION,1,1,3,id06438,Asian (South),women,110,id06437;id02619,faceswap,4,calibration
fac_e37bd475acee,data/raw/fakeavceleb/FakeAVCeleb_v1.2/FakeAVCeleb_v1.2/FakeVideo-FakeAudio/Asian (South)/women/id06438/00110_id06437_3BZvvzBhj8s_faceswap_id06428_wavtolip.mp4,00110_id06437_3BZvvzBhj8s_faceswap_id06428_wavtolip.mp4,FakeAVCeleb,FakeVideo-FakeAudio,AUDIO_VISUAL_MANIPULATION,1,1,3,id06438,Asian (South),women,110,id06437;id06428,faceswap,4,calibration
fac_e6a2aa8830cc,data/raw/fakeavceleb/FakeAVCeleb_v1.2/FakeAVCeleb_v1.2/FakeVideo-FakeAudio/Asian (South)/women/id06438/00110_id06437_3BZvvzBhj8s_faceswap_id07049_wavtolip.mp4,00110_id06437_3BZvvzBhj8s_faceswap_id07049_wavtolip.mp4,FakeAVCeleb,FakeVideo-FakeAudio,AUDIO_VISUAL_MANIPULATION,1,1,3,id06438,Asian (South),women,110,id06437;id07049,faceswap,4,calibration
fac_a94f3cfee69f,data/raw/fakeavceleb/FakeAVCeleb_v1.2/FakeAVCeleb_v1.2/FakeVideo-FakeAudio/Asian (South)/women/id06438/00110_id06437_3BZvvzBhj8s_faceswap_id07689_wavtolip.mp4,00110_id06437_3BZvvzBhj8s_faceswap_id07689_wavtolip.mp4,FakeAVCeleb,FakeVideo-FakeAudio,AUDIO_VISUAL_MANIPULATION,1,1,3,id06438,Asian (South),women,110,id06437;id07689,faceswap,4,calibration
fac_5abd44aad0bc,data/raw/fakeavceleb/FakeAVCeleb_v1.2/FakeAVCeleb_v1.2/FakeVideo-FakeAudio/Asian (South)/women/id06438/00110_id06437_3BZvvzBhj8s_id00461_wavtolip.mp4,00110_id06437_3BZvvzBhj8s_id00461_wavtolip.mp4,FakeAVCeleb,FakeVideo-FakeAudio,AUDIO_VISUAL_MANIPULATION,1,1,3,id06438,Asian (South),women,110,id06437;id00461,wav2lip,4,calibration
fac_95bda9da1e58,data/raw/fakeavceleb/FakeAVCeleb_v1.2/FakeAVCeleb_v1.2/FakeVideo-FakeAudio/Asian (South)/women/id06438/00110_id06437_wavtolip.mp4,00110_id06437_wavtolip.mp4,FakeAVCeleb,FakeVideo-FakeAudio,AUDIO_VISUAL_MANIPULATION,1,1,3,id06438,Asian (South),women,110,id06437,wav2lip,4,calibration
fac_6fb93ad00efb,data/raw/fakeavceleb/FakeAVCeleb_v1.2/FakeAVCeleb_v1.2/FakeVideo-FakeAudio/Asian (South)/women/id06438/00110_id06438_wavtolip.mp4,00110_id06438_wavtolip.mp4,FakeAVCeleb,FakeVideo-FakeAudio,AUDIO_VISUAL_MANIPULATION,1,1,3,id06438,Asian (South),women,110,id06438,wav2lip,4,calibration
fac_e37427624d29,data/raw/fakeavceleb/FakeAVCeleb_v1.2/FakeAVCeleb_v1.2/FakeVideo-FakeAudio/Asian (South)/women/id06438/00110_id06752_PYYIloTJiH0_id03985_wavtolip.mp4,00110_id06752_PYYIloTJiH0_id03985_wavtolip.mp4,FakeAVCeleb,FakeVideo-FakeAudio,AUDIO_VISUAL_MANIPULATION,1,1,3,id06438,Asian (South),women,110,id06752;id03985,wav2lip,4,calibration
fac_32f9ebb4a8bc,data/raw/fakeavceleb/FakeAVCeleb_v1.2/FakeAVCeleb_v1.2/FakeVideo-FakeAudio/Asian (South)/women/id06438/00110_id07686_wavtolip.mp4,00110_id07686_wavtolip.mp4,FakeAVCeleb,FakeVideo-FakeAudio,AUDIO_VISUAL_MANIPULATION,1,1,3,id06438,Asian (South),women,110,id07686,wav2lip,4,calibration
fac_f15f6fabd207,data/raw/fakeavceleb/FakeAVCeleb_v1.2/FakeAVCeleb_v1.2/FakeVideo-FakeAudio/Asian (South)/women/id06438/00110_id07689_2ie0g83JkgA_id07377_wavtolip.mp4,00110_id07689_2ie0g83JkgA_id07377_wavtolip.mp4,FakeAVCeleb,FakeVideo-FakeAudio,AUDIO_VISUAL_MANIPULATION,1,1,3,id06438,Asian (South),women,110,id07689;id07377,wav2lip,4,calibration
fac_adf8f43173c5,data/raw/fakeavceleb/FakeAVCeleb_v1.2/FakeAVCeleb_v1.2/FakeVideo-FakeAudio/Asian (South)/women/id06439/00118_id00417_GhIZam3v09g_faceswap_id00235_wavtolip.mp4,00118_id00417_GhIZam3v09g_faceswap_id00235_wavtolip.mp4,FakeAVCeleb,FakeVideo-FakeAudio,AUDIO_VISUAL_MANIPULATION,1,1,3,id06439,Asian (South),women,118,id00417;id00235,faceswap,4,calibration
fac_0498732974e0,data/raw/fakeavceleb/FakeAVCeleb_v1.2/FakeAVCeleb_v1.2/FakeVideo-FakeAudio/Asian (South)/women/id06439/00118_id00417_GhIZam3v09g_faceswap_id03815_wavtolip.mp4,00118_id00417_GhIZam3v09g_faceswap_id03815_wavtolip.mp4,FakeAVCeleb,FakeVideo-FakeAudio,AUDIO_VISUAL_MANIPULATION,1,1,3,id06439,Asian (South),women,118,id00417;id03815,faceswap,4,calibration
fac_58bc56a405c7,data/raw/fakeavceleb/FakeAVCeleb_v1.2/FakeAVCeleb_v1.2/FakeVideo-FakeAudio/Asian (South)/women/id06439/00118_id00417_GhIZam3v09g_faceswap_id04564_wavtolip.mp4,00118_id00417_GhIZam3v09g_faceswap_id04564_wavtolip.mp4,FakeAVCeleb,FakeVideo-FakeAudio,AUDIO_VISUAL_MANIPULATION,1,1,3,id06439,Asian (South),women,118,id00417;id04564,faceswap,4,calibration
fac_f2e16acdbab3,data/raw/fakeavceleb/FakeAVCeleb_v1.2/FakeAVCeleb_v1.2/FakeVideo-FakeAudio/Asian (South)/women/id06439/00118_id00417_GhIZam3v09g_faceswap_id05931_wavtolip.mp4,00118_id00417_GhIZam3v09g_faceswap_id05931_wavtolip.mp4,FakeAVCeleb,FakeVideo-FakeAudio,AUDIO_VISUAL_MANIPULATION,1,1,3,id06439,Asian (South),women,118,id00417;id05931,faceswap,4,calibration
fac_d0ad94215468,data/raw/fakeavceleb/FakeAVCeleb_v1.2/FakeAVCeleb_v1.2/FakeVideo-FakeAudio/Asian (South)/women/id06439/00118_id00417_GhIZam3v09g_faceswap_id07049_wavtolip.mp4,00118_id00417_GhIZam3v09g_faceswap_id07049_wavtolip.mp4,FakeAVCeleb,FakeVideo-FakeAudio,AUDIO_VISUAL_MANIPULATION,1,1,3,id06439,Asian (South),women,118,id00417;id07049,faceswap,4,calibration
fac_ec61d4b07483,data/raw/fakeavceleb/FakeAVCeleb_v1.2/FakeAVCeleb_v1.2/FakeVideo-FakeAudio/Asian (South)/women/id06439/00118_id00417_GhIZam3v09g_id00488_wavtolip.mp4,00118_id00417_GhIZam3v09g_id00488_wavtolip.mp4,FakeAVCeleb,FakeVideo-FakeAudio,AUDIO_VISUAL_MANIPULATION,1,1,3,id06439,Asian (South),women,118,id00417;id00488,wav2lip,4,calibration
fac_30946fd0d557,data/raw/fakeavceleb/FakeAVCeleb_v1.2/FakeAVCeleb_v1.2/FakeVideo-FakeAudio/Asian (South)/women/id06439/00118_id01026_wavtolip.mp4,00118_id01026_wavtolip.mp4,FakeAVCeleb,FakeVideo-FakeAudio,AUDIO_VISUAL_MANIPULATION,1,1,3,id06439,Asian (South),women,118,id01026,wav2lip,4,calibration
fac_5c5b9585752b,data/raw/fakeavceleb/FakeAVCeleb_v1.2/FakeAVCeleb_v1.2/FakeVideo-FakeAudio/Asian (South)/women/id06439/00118_id03897_wavtolip.mp4,00118_id03897_wavtolip.mp4,FakeAVCeleb,FakeVideo-FakeAudio,AUDIO_VISUAL_MANIPULATION,1,1,3,id06439,Asian (South),women,118,id03897,wav2lip,4,calibration
fac_4a240632d4ad,data/raw/fakeavceleb/FakeAVCeleb_v1.2/FakeAVCeleb_v1.2/FakeVideo-FakeAudio/Asian (South)/women/id06439/00118_id04070_wavtolip.mp4,00118_id04070_wavtolip.mp4,FakeAVCeleb,FakeVideo-FakeAudio,AUDIO_VISUAL_MANIPULATION,1,1,3,id06439,Asian (South),women,118,id04070,wav2lip,4,calibration
fac_51334ccd0632,data/raw/fakeavceleb/FakeAVCeleb_v1.2/FakeAVCeleb_v1.2/FakeVideo-FakeAudio/Asian (South)/women/id06439/00118_id04529_wavtolip.mp4,00118_id04529_wavtolip.mp4,FakeAVCeleb,FakeVideo-FakeAudio,AUDIO_VISUAL_MANIPULATION,1,1,3,id06439,Asian (South),women,118,id04529,wav2lip,4,calibration
fac_cd9aca839990,data/raw/fakeavceleb/FakeAVCeleb_v1.2/FakeAVCeleb_v1.2/FakeVideo-FakeAudio/Asian (South)/women/id06439/00118_id04583_wavtolip.mp4,00118_id04583_wavtolip.mp4,FakeAVCeleb,FakeVideo-FakeAudio,AUDIO_VISUAL_MANIPULATION,1,1,3,id06439,Asian (South),women,118,id04583,wav2lip,4,calibration
fac_88b656d60813,data/raw/fakeavceleb/FakeAVCeleb_v1.2/FakeAVCeleb_v1.2/FakeVideo-FakeAudio/Asian (South)/women/id06439/00118_id04927_wavtolip.mp4,00118_id04927_wavtolip.mp4,FakeAVCeleb,FakeVideo-FakeAudio,AUDIO_VISUAL_MANIPULATION,1,1,3,id06439,Asian (South),women,118,id04927,wav2lip,4,calibration
fac_589708c76432,data/raw/fakeavceleb/FakeAVCeleb_v1.2/FakeAVCeleb_v1.2/FakeVideo-FakeAudio/Asian (South)/women/id06439/00118_id05478_VJkjRzPt-Jw_id00461_wavtolip.mp4,00118_id05478_VJkjRzPt-Jw_id00461_wavtolip.mp4,FakeAVCeleb,FakeVideo-FakeAudio,AUDIO_VISUAL_MANIPULATION,1,1,3,id06439,Asian (South),women,118,id05478;id00461,wav2lip,4,calibration
fac_363d113c9473,data/raw/fakeavceleb/FakeAVCeleb_v1.2/FakeAVCeleb_v1.2/FakeVideo-FakeAudio/Asian (South)/women/id06439/00118_id05478_wavtolip.mp4,00118_id05478_wavtolip.mp4,FakeAVCeleb,FakeVideo-FakeAudio,AUDIO_VISUAL_MANIPULATION,1,1,3,id06439,Asian (South),women,118,id05478,wav2lip,4,calibration
fac_4a1ec85eb0e3,data/raw/fakeavceleb/FakeAVCeleb_v1.2/FakeAVCeleb_v1.2/FakeVideo-FakeAudio/Asian (South)/women/id06439/00118_id06254_wavtolip.mp4,00118_id06254_wavtolip.mp4,FakeAVCeleb,FakeVideo-FakeAudio,AUDIO_VISUAL_MANIPULATION,1,1,3,id06439,Asian (South),women,118,id06254,wav2lip,4,calibration
fac_c6cfbde65e19,data/raw/fakeavceleb/FakeAVCeleb_v1.2/FakeAVCeleb_v1.2/FakeVideo-FakeAudio/Asian (South)/women/id06439/00118_id06428_A9nvRKd1afA_id05845_wavtolip.mp4,00118_id06428_A9nvRKd1afA_id05845_wavtolip.mp4,FakeAVCeleb,FakeVideo-FakeAudio,AUDIO_VISUAL_MANIPULATION,1,1,3,id06439,Asian (South),women,118,id06428;id05845,wav2lip,4,calibration
fac_5395ed890471,data/raw/fakeavceleb/FakeAVCeleb_v1.2/FakeAVCeleb_v1.2/FakeVideo-FakeAudio/Asian (South)/women/id06439/00118_id06438_wavtolip.mp4,00118_id06438_wavtolip.mp4,FakeAVCeleb,FakeVideo-FakeAudio,AUDIO_VISUAL_MANIPULATION,1,1,3,id06439,Asian (South),women,118,id06438,wav2lip,4,calibration
fac_99c8ac04fcb0,data/raw/fakeavceleb/FakeAVCeleb_v1.2/FakeAVCeleb_v1.2/FakeVideo-FakeAudio/Asian (South)/women/id06439/00118_id06445_NWtdqOxEbDY_id00417_wavtolip.mp4,00118_id06445_NWtdqOxEbDY_id00417_wavtolip.mp4,FakeAVCeleb,FakeVideo-FakeAudio,AUDIO_VISUAL_MANIPULATION,1,1,3,id06439,Asian (South),women,118,id06445;id00417,wav2lip,4,calibration
fac_50c61bacc8a9,data/raw/fakeavceleb/FakeAVCeleb_v1.2/FakeAVCeleb_v1.2/FakeVideo-FakeAudio/Asian (South)/women/id06439/00118_id07049_wavtolip.mp4,00118_id07049_wavtolip.mp4,FakeAVCeleb,FakeVideo-FakeAudio,AUDIO_VISUAL_MANIPULATION,1,1,3,id06439,Asian (South),women,118,id07049,wav2lip,4,calibration
fac_3ea489ea495e,data/raw/fakeavceleb/FakeAVCeleb_v1.2/FakeAVCeleb_v1.2/FakeVideo-FakeAudio/Asian (South)/women/id06439/00118_id07136_4e43eS5p3_M_id04070_wavtolip.mp4,00118_id07136_4e43eS5p3_M_id04070_wavtolip.mp4,FakeAVCeleb,FakeVideo-FakeAudio,AUDIO_VISUAL_MANIPULATION,1,1,3,id06439,Asian (South),women,118,id07136;id04070,wav2lip,4,calibration
fac_2a2c544246b9,data/raw/fakeavceleb/FakeAVCeleb_v1.2/FakeAVCeleb_v1.2/FakeVideo-FakeAudio/Asian (South)/women/id06439/00118_id07377_FGNavKcGANA_id03985_wavtolip.mp4,00118_id07377_FGNavKcGANA_id03985_wavtolip.mp4,FakeAVCeleb,FakeVideo-FakeAudio,AUDIO_VISUAL_MANIPULATION,1,1,3,id06439,Asian (South),women,118,id07377;id03985,wav2lip,4,calibration
fac_3f1d957c0718,data/raw/fakeavceleb/FakeAVCeleb_v1.2/FakeAVCeleb_v1.2/FakeVideo-FakeAudio/Asian (South)/women/id06439/00118_id07689_2ie0g83JkgA_id00739_wavtolip.mp4,00118_id07689_2ie0g83JkgA_id00739_wavtolip.mp4,FakeAVCeleb,FakeVideo-FakeAudio,AUDIO_VISUAL_MANIPULATION,1,1,3,id06439,Asian (South),women,118,id07689;id00739,wav2lip,4,calibration
fac_48306a007af6,data/raw/fakeavceleb/FakeAVCeleb_v1.2/FakeAVCeleb_v1.2/FakeVideo-FakeAudio/Asian (South)/women/id06445/00150_id00043_DxY87QyzDN8_id03897_wavtolip.mp4,00150_id00043_DxY87QyzDN8_id03897_wavtolip.mp4,FakeAVCeleb,FakeVideo-FakeAudio,AUDIO_VISUAL_MANIPULATION,1,1,3,id06445,Asian (South),women,150,id00043;id03897,wav2lip,4,calibration
fac_d1bc5d82c978,data/raw/fakeavceleb/FakeAVCeleb_v1.2/FakeAVCeleb_v1.2/FakeVideo-FakeAudio/Asian (South)/women/id06445/00150_id00080_wavtolip.mp4,00150_id00080_wavtolip.mp4,FakeAVCeleb,FakeVideo-FakeAudio,AUDIO_VISUAL_MANIPULATION,1,1,3,id06445,Asian (South),women,150,id00080,wav2lip,4,calibration
fac_98fb47babda4,data/raw/fakeavceleb/FakeAVCeleb_v1.2/FakeAVCeleb_v1.2/FakeVideo-FakeAudio/Asian (South)/women/id06445/00150_id00235_wavtolip.mp4,00150_id00235_wavtolip.mp4,FakeAVCeleb,FakeVideo-FakeAudio,AUDIO_VISUAL_MANIPULATION,1,1,3,id06445,Asian (South),women,150,id00235,wav2lip,4,calibration
fac_f5ca6cba6348,data/raw/fakeavceleb/FakeAVCeleb_v1.2/FakeAVCeleb_v1.2/FakeVideo-FakeAudio/Asian (South)/women/id06445/00150_id00417_wavtolip.mp4,00150_id00417_wavtolip.mp4,FakeAVCeleb,FakeVideo-FakeAudio,AUDIO_VISUAL_MANIPULATION,1,1,3,id06445,Asian (South),women,150,id00417,wav2lip,4,calibration
fac_1ec1784d6c65,data/raw/fakeavceleb/FakeAVCeleb_v1.2/FakeAVCeleb_v1.2/FakeVideo-FakeAudio/Asian (South)/women/id06445/00150_id00461_Ort9NW3SJU4_id07236_wavtolip.mp4,00150_id00461_Ort9NW3SJU4_id07236_wavtolip.mp4,FakeAVCeleb,FakeVideo-FakeAudio,AUDIO_VISUAL_MANIPULATION,1,1,3,id06445,Asian (South),women,150,id00461;id07236,wav2lip,4,calibration
fac_be528c7e345b,data/raw/fakeavceleb/FakeAVCeleb_v1.2/FakeAVCeleb_v1.2/FakeVideo-FakeAudio/Asian (South)/women/id06445/00150_id00461_wavtolip.mp4,00150_id00461_wavtolip.mp4,FakeAVCeleb,FakeVideo-FakeAudio,AUDIO_VISUAL_MANIPULATION,1,1,3,id06445,Asian (South),women,150,id00461,wav2lip,4,calibration
fac_e695c3530fe3,data/raw/fakeavceleb/FakeAVCeleb_v1.2/FakeAVCeleb_v1.2/FakeVideo-FakeAudio/Asian (South)/women/id06445/00150_id03897_wavtolip.mp4,00150_id03897_wavtolip.mp4,FakeAVCeleb,FakeVideo-FakeAudio,AUDIO_VISUAL_MANIPULATION,1,1,3,id06445,Asian (South),women,150,id03897,wav2lip,4,calibration
fac_06023ff6a4a2,data/raw/fakeavceleb/FakeAVCeleb_v1.2/FakeAVCeleb_v1.2/FakeVideo-FakeAudio/Asian (South)/women/id06445/00150_id04530_wavtolip.mp4,00150_id04530_wavtolip.mp4,FakeAVCeleb,FakeVideo-FakeAudio,AUDIO_VISUAL_MANIPULATION,1,1,3,id06445,Asian (South),women,150,id04530,wav2lip,4,calibration
fac_96b8346aa7ff,data/raw/fakeavceleb/FakeAVCeleb_v1.2/FakeAVCeleb_v1.2/FakeVideo-FakeAudio/Asian (South)/women/id06445/00150_id04582_Pm9dX-TxNx0_faceswap_id00417_wavtolip.mp4,00150_id04582_Pm9dX-TxNx0_faceswap_id00417_wavtolip.mp4,FakeAVCeleb,FakeVideo-FakeAudio,AUDIO_VISUAL_MANIPULATION,1,1,3,id06445,Asian (South),women,150,id04582;id00417,faceswap,4,calibration
fac_3f0cd9824490,data/raw/fakeavceleb/FakeAVCeleb_v1.2/FakeAVCeleb_v1.2/FakeVideo-FakeAudio/Asian (South)/women/id06445/00150_id04582_Pm9dX-TxNx0_faceswap_id00488_wavtolip.mp4,00150_id04582_Pm9dX-TxNx0_faceswap_id00488_wavtolip.mp4,FakeAVCeleb,FakeVideo-FakeAudio,AUDIO_VISUAL_MANIPULATION,1,1,3,id06445,Asian (South),women,150,id04582;id00488,faceswap,4,calibration
fac_78594e8366a6,data/raw/fakeavceleb/FakeAVCeleb_v1.2/FakeAVCeleb_v1.2/FakeVideo-FakeAudio/Asian (South)/women/id06445/00150_id04582_Pm9dX-TxNx0_faceswap_id06438_wavtolip.mp4,00150_id04582_Pm9dX-TxNx0_faceswap_id06438_wavtolip.mp4,FakeAVCeleb,FakeVideo-FakeAudio,AUDIO_VISUAL_MANIPULATION,1,1,3,id06445,Asian (South),women,150,id04582;id06438,faceswap,4,calibration
fac_6b7ade1251f0,data/raw/fakeavceleb/FakeAVCeleb_v1.2/FakeAVCeleb_v1.2/FakeVideo-FakeAudio/Asian (South)/women/id06445/00150_id04582_Pm9dX-TxNx0_faceswap_id07051_wavtolip.mp4,00150_id04582_Pm9dX-TxNx0_faceswap_id07051_wavtolip.mp4,FakeAVCeleb,FakeVideo-FakeAudio,AUDIO_VISUAL_MANIPULATION,1,1,3,id06445,Asian (South),women,150,id04582;id07051,faceswap,4,calibration
fac_3c1bd254ea7b,data/raw/fakeavceleb/FakeAVCeleb_v1.2/FakeAVCeleb_v1.2/FakeVideo-FakeAudio/Asian (South)/women/id06445/00150_id04582_Pm9dX-TxNx0_faceswap_id07377_wavtolip.mp4,00150_id04582_Pm9dX-TxNx0_faceswap_id07377_wavtolip.mp4,FakeAVCeleb,FakeVideo-FakeAudio,AUDIO_VISUAL_MANIPULATION,1,1,3,id06445,Asian (South),women,150,id04582;id07377,faceswap,4,calibration
fac_181ae244e7bb,data/raw/fakeavceleb/FakeAVCeleb_v1.2/FakeAVCeleb_v1.2/FakeVideo-FakeAudio/Asian (South)/women/id06445/00150_id04582_Pm9dX-TxNx0_id00080_wavtolip.mp4,00150_id04582_Pm9dX-TxNx0_id00080_wavtolip.mp4,FakeAVCeleb,FakeVideo-FakeAudio,AUDIO_VISUAL_MANIPULATION,1,1,3,id06445,Asian (South),women,150,id04582;id00080,wav2lip,4,calibration
fac_07e4eb2e2487,data/raw/fakeavceleb/FakeAVCeleb_v1.2/FakeAVCeleb_v1.2/FakeVideo-FakeAudio/Asian (South)/women/id06445/00150_id05434_6p7kCmdOjDQ_id01026_wavtolip.mp4,00150_id05434_6p7kCmdOjDQ_id01026_wavtolip.mp4,FakeAVCeleb,FakeVideo-FakeAudio,AUDIO_VISUAL_MANIPULATION,1,1,3,id06445,Asian (South),women,150,id05434;id01026,wav2lip,4,calibration
fac_fef247997588,data/raw/fakeavceleb/FakeAVCeleb_v1.2/FakeAVCeleb_v1.2/FakeVideo-FakeAudio/Asian (South)/women/id06445/00150_id05435_wavtolip.mp4,00150_id05435_wavtolip.mp4,FakeAVCeleb,FakeVideo-FakeAudio,AUDIO_VISUAL_MANIPULATION,1,1,3,id06445,Asian (South),women,150,id05435,wav2lip,4,calibration
fac_65247dc726c4,data/raw/fakeavceleb/FakeAVCeleb_v1.2/FakeAVCeleb_v1.2/FakeVideo-FakeAudio/Asian (South)/women/id06445/00150_id06343__Tf30YR4M3w_id07686_wavtolip.mp4,00150_id06343__Tf30YR4M3w_id07686_wavtolip.mp4,FakeAVCeleb,FakeVideo-FakeAudio,AUDIO_VISUAL_MANIPULATION,1,1,3,id06445,Asian (South),women,150,id06343;id07686,wav2lip,4,calibration
fac_afcba13f3d31,data/raw/fakeavceleb/FakeAVCeleb_v1.2/FakeAVCeleb_v1.2/FakeVideo-FakeAudio/Asian (South)/women/id06445/00150_id06343_wavtolip.mp4,00150_id06343_wavtolip.mp4,FakeAVCeleb,FakeVideo-FakeAudio,AUDIO_VISUAL_MANIPULATION,1,1,3,id06445,Asian (South),women,150,id06343,wav2lip,4,calibration
fac_6f3ea615f51c,data/raw/fakeavceleb/FakeAVCeleb_v1.2/FakeAVCeleb_v1.2/FakeVideo-FakeAudio/Asian (South)/women/id06445/00150_id07008_wavtolip.mp4,00150_id07008_wavtolip.mp4,FakeAVCeleb,FakeVideo-FakeAudio,AUDIO_VISUAL_MANIPULATION,1,1,3,id06445,Asian (South),women,150,id07008,wav2lip,4,calibration
fac_7ec7485e59de,data/raw/fakeavceleb/FakeAVCeleb_v1.2/FakeAVCeleb_v1.2/FakeVideo-FakeAudio/Asian (South)/women/id06445/00150_id07078_sLVbTD3Dtgw_id07051_wavtolip.mp4,00150_id07078_sLVbTD3Dtgw_id07051_wavtolip.mp4,FakeAVCeleb,FakeVideo-FakeAudio,AUDIO_VISUAL_MANIPULATION,1,1,3,id06445,Asian (South),women,150,id07078;id07051,wav2lip,4,calibration
fac_46a3a151a9d8,data/raw/fakeavceleb/FakeAVCeleb_v1.2/FakeAVCeleb_v1.2/FakeVideo-FakeAudio/Asian (South)/women/id06445/00150_id07136_4e43eS5p3_M_id07686_wavtolip.mp4,00150_id07136_4e43eS5p3_M_id07686_wavtolip.mp4,FakeAVCeleb,FakeVideo-FakeAudio,AUDIO_VISUAL_MANIPULATION,1,1,3,id06445,Asian (South),women,150,id07136;id07686,wav2lip,4,calibration
fac_364f2edfe5bf,data/raw/fakeavceleb/FakeAVCeleb_v1.2/FakeAVCeleb_v1.2/FakeVideo-FakeAudio/Asian (South)/women/id06445/00150_id07377_FGNavKcGANA_id01026_wavtolip.mp4,00150_id07377_FGNavKcGANA_id01026_wavtolip.mp4,FakeAVCeleb,FakeVideo-FakeAudio,AUDIO_VISUAL_MANIPULATION,1,1,3,id06445,Asian (South),women,150,id07377;id01026,wav2lip,4,calibration
fac_442b68a46ec1,data/raw/fakeavceleb/FakeAVCeleb_v1.2/FakeAVCeleb_v1.2/FakeVideo-FakeAudio/Asian (South)/women/id06752/00221_0_id00747_wavtolip.mp4,00221_0_id00747_wavtolip.mp4,FakeAVCeleb,FakeVideo-FakeAudio,AUDIO_VISUAL_MANIPULATION,1,1,3,id06752,Asian (South),women,221,id00747,wav2lip,4,calibration
fac_1bfc83bb922c,data/raw/fakeavceleb/FakeAVCeleb_v1.2/FakeAVCeleb_v1.2/FakeVideo-FakeAudio/Asian (South)/women/id06752/00221_0_id05478_wavtolip.mp4,00221_0_id05478_wavtolip.mp4,FakeAVCeleb,FakeVideo-FakeAudio,AUDIO_VISUAL_MANIPULATION,1,1,3,id06752,Asian (South),women,221,id05478,wav2lip,4,calibration
fac_ea86e4838fd0,data/raw/fakeavceleb/FakeAVCeleb_v1.2/FakeAVCeleb_v1.2/FakeVideo-FakeAudio/Asian (South)/women/id06752/00221_0_id06232_wavtolip.mp4,00221_0_id06232_wavtolip.mp4,FakeAVCeleb,FakeVideo-FakeAudio,AUDIO_VISUAL_MANIPULATION,1,1,3,id06752,Asian (South),women,221,id06232,wav2lip,4,calibration
fac_400a7b773fd0,data/raw/fakeavceleb/FakeAVCeleb_v1.2/FakeAVCeleb_v1.2/FakeVideo-FakeAudio/Asian (South)/women/id06752/00221_2_id00417_wavtolip.mp4,00221_2_id00417_wavtolip.mp4,FakeAVCeleb,FakeVideo-FakeAudio,AUDIO_VISUAL_MANIPULATION,1,1,3,id06752,Asian (South),women,221,id00417,wav2lip,4,calibration
fac_dbb806b74951,data/raw/fakeavceleb/FakeAVCeleb_v1.2/FakeAVCeleb_v1.2/FakeVideo-FakeAudio/Asian (South)/women/id06752/00221_2_id02310_wavtolip.mp4,00221_2_id02310_wavtolip.mp4,FakeAVCeleb,FakeVideo-FakeAudio,AUDIO_VISUAL_MANIPULATION,1,1,3,id06752,Asian (South),women,221,id02310,wav2lip,4,calibration
fac_8e0e9debe90c,data/raw/fakeavceleb/FakeAVCeleb_v1.2/FakeAVCeleb_v1.2/FakeVideo-FakeAudio/Asian (South)/women/id06752/00221_2_id04530_wavtolip.mp4,00221_2_id04530_wavtolip.mp4,FakeAVCeleb,FakeVideo-FakeAudio,AUDIO_VISUAL_MANIPULATION,1,1,3,id06752,Asian (South),women,221,id04530,wav2lip,4,calibration
fac_fa9bfa85ea82,data/raw/fakeavceleb/FakeAVCeleb_v1.2/FakeAVCeleb_v1.2/FakeVideo-FakeAudio/Asian (South)/women/id06752/00221_2_id06268_wavtolip.mp4,00221_2_id06268_wavtolip.mp4,FakeAVCeleb,FakeVideo-FakeAudio,AUDIO_VISUAL_MANIPULATION,1,1,3,id06752,Asian (South),women,221,id06268,wav2lip,4,calibration
fac_e5fe66a53eac,data/raw/fakeavceleb/FakeAVCeleb_v1.2/FakeAVCeleb_v1.2/FakeVideo-FakeAudio/Asian (South)/women/id06752/00221_2_id07689_wavtolip.mp4,00221_2_id07689_wavtolip.mp4,FakeAVCeleb,FakeVideo-FakeAudio,AUDIO_VISUAL_MANIPULATION,1,1,3,id06752,Asian (South),women,221,id07689,wav2lip,4,calibration
fac_4ea17d1dcabf,data/raw/fakeavceleb/FakeAVCeleb_v1.2/FakeAVCeleb_v1.2/FakeVideo-FakeAudio/Asian (South)/women/id06752/00221_3_id00739_wavtolip.mp4,00221_3_id00739_wavtolip.mp4,FakeAVCeleb,FakeVideo-FakeAudio,AUDIO_VISUAL_MANIPULATION,1,1,3,id06752,Asian (South),women,221,id00739,wav2lip,4,calibration
fac_d02956291845,data/raw/fakeavceleb/FakeAVCeleb_v1.2/FakeAVCeleb_v1.2/FakeVideo-FakeAudio/Asian (South)/women/id06752/00221_3_id00747_wavtolip.mp4,00221_3_id00747_wavtolip.mp4,FakeAVCeleb,FakeVideo-FakeAudio,AUDIO_VISUAL_MANIPULATION,1,1,3,id06752,Asian (South),women,221,id00747,wav2lip,4,calibration
fac_864db81e4bb5,data/raw/fakeavceleb/FakeAVCeleb_v1.2/FakeAVCeleb_v1.2/FakeVideo-FakeAudio/Asian (South)/women/id06752/00221_3_id02619_wavtolip.mp4,00221_3_id02619_wavtolip.mp4,FakeAVCeleb,FakeVideo-FakeAudio,AUDIO_VISUAL_MANIPULATION,1,1,3,id06752,Asian (South),women,221,id02619,wav2lip,4,calibration
fac_25c577aa2828,data/raw/fakeavceleb/FakeAVCeleb_v1.2/FakeAVCeleb_v1.2/FakeVideo-FakeAudio/Asian (South)/women/id06752/00221_3_id06438_wavtolip.mp4,00221_3_id06438_wavtolip.mp4,FakeAVCeleb,FakeVideo-FakeAudio,AUDIO_VISUAL_MANIPULATION,1,1,3,id06752,Asian (South),women,221,id06438,wav2lip,4,calibration
fac_1896f9a91fbe,data/raw/fakeavceleb/FakeAVCeleb_v1.2/FakeAVCeleb_v1.2/FakeVideo-FakeAudio/Asian (South)/women/id06752/00221_3_id07689_wavtolip.mp4,00221_3_id07689_wavtolip.mp4,FakeAVCeleb,FakeVideo-FakeAudio,AUDIO_VISUAL_MANIPULATION,1,1,3,id06752,Asian (South),women,221,id07689,wav2lip,4,calibration
fac_c343e4e4dbc5,data/raw/fakeavceleb/FakeAVCeleb_v1.2/FakeAVCeleb_v1.2/FakeVideo-FakeAudio/Asian (South)/women/id06752/00221_id00043_wavtolip.mp4,00221_id00043_wavtolip.mp4,FakeAVCeleb,FakeVideo-FakeAudio,AUDIO_VISUAL_MANIPULATION,1,1,3,id06752,Asian (South),women,221,id00043,wav2lip,4,calibration
fac_92a64432ebe0,data/raw/fakeavceleb/FakeAVCeleb_v1.2/FakeAVCeleb_v1.2/FakeVideo-FakeAudio/Asian (South)/women/id06752/00221_id00149_wavtolip.mp4,00221_id00149_wavtolip.mp4,FakeAVCeleb,FakeVideo-FakeAudio,AUDIO_VISUAL_MANIPULATION,1,1,3,id06752,Asian (South),women,221,id00149,wav2lip,4,calibration
fac_709d1963b8f7,data/raw/fakeavceleb/FakeAVCeleb_v1.2/FakeAVCeleb_v1.2/FakeVideo-FakeAudio/Asian (South)/women/id06752/00221_id00747_wavtolip.mp4,00221_id00747_wavtolip.mp4,FakeAVCeleb,FakeVideo-FakeAudio,AUDIO_VISUAL_MANIPULATION,1,1,3,id06752,Asian (South),women,221,id00747,wav2lip,4,calibration
fac_9a3273617683,data/raw/fakeavceleb/FakeAVCeleb_v1.2/FakeAVCeleb_v1.2/FakeVideo-FakeAudio/Asian (South)/women/id06752/00221_id04070_wavtolip.mp4,00221_id04070_wavtolip.mp4,FakeAVCeleb,FakeVideo-FakeAudio,AUDIO_VISUAL_MANIPULATION,1,1,3,id06752,Asian (South),women,221,id04070,wav2lip,4,calibration
fac_e71fa50cc7c8,data/raw/fakeavceleb/FakeAVCeleb_v1.2/FakeAVCeleb_v1.2/FakeVideo-FakeAudio/Asian (South)/women/id06752/00221_id04490_wavtolip.mp4,00221_id04490_wavtolip.mp4,FakeAVCeleb,FakeVideo-FakeAudio,AUDIO_VISUAL_MANIPULATION,1,1,3,id06752,Asian (South),women,221,id04490,wav2lip,4,calibration
fac_575aa3c3ba8d,data/raw/fakeavceleb/FakeAVCeleb_v1.2/FakeAVCeleb_v1.2/FakeVideo-FakeAudio/Asian (South)/women/id06752/00221_id04583_wavtolip.mp4,00221_id04583_wavtolip.mp4,FakeAVCeleb,FakeVideo-FakeAudio,AUDIO_VISUAL_MANIPULATION,1,1,3,id06752,Asian (South),women,221,id04583,wav2lip,4,calibration
fac_945955fece32,data/raw/fakeavceleb/FakeAVCeleb_v1.2/FakeAVCeleb_v1.2/FakeVideo-FakeAudio/Asian (South)/women/id06752/00221_id05435_wavtolip.mp4,00221_id05435_wavtolip.mp4,FakeAVCeleb,FakeVideo-FakeAudio,AUDIO_VISUAL_MANIPULATION,1,1,3,id06752,Asian (South),women,221,id05435,wav2lip,4,calibration
fac_da08ec61e1ec,data/raw/fakeavceleb/FakeAVCeleb_v1.2/FakeAVCeleb_v1.2/FakeVideo-FakeAudio/Asian (South)/women/id06752/00221_id05845_XfMHm6CEwPw_id02619_wavtolip.mp4,00221_id05845_XfMHm6CEwPw_id02619_wavtolip.mp4,FakeAVCeleb,FakeVideo-FakeAudio,AUDIO_VISUAL_MANIPULATION,1,1,3,id06752,Asian (South),women,221,id05845;id02619,wav2lip,4,calibration
fac_4a04be923058,data/raw/fakeavceleb/FakeAVCeleb_v1.2/FakeAVCeleb_v1.2/FakeVideo-FakeAudio/Asian (South)/women/id06752/00221_id05931_bFqu86NV3hk_id04529_wavtolip.mp4,00221_id05931_bFqu86NV3hk_id04529_wavtolip.mp4,FakeAVCeleb,FakeVideo-FakeAudio,AUDIO_VISUAL_MANIPULATION,1,1,3,id06752,Asian (South),women,221,id05931;id04529,wav2lip,4,calibration
fac_ed05d2b4c805,data/raw/fakeavceleb/FakeAVCeleb_v1.2/FakeAVCeleb_v1.2/FakeVideo-FakeAudio/Asian (South)/women/id06752/00221_id06254_8VSfI86Fua4_faceswap_id00488_wavtolip.mp4,00221_id06254_8VSfI86Fua4_faceswap_id00488_wavtolip.mp4,FakeAVCeleb,FakeVideo-FakeAudio,AUDIO_VISUAL_MANIPULATION,1,1,3,id06752,Asian (South),women,221,id06254;id00488,faceswap,4,calibration
fac_14844222377f,data/raw/fakeavceleb/FakeAVCeleb_v1.2/FakeAVCeleb_v1.2/FakeVideo-FakeAudio/Asian (South)/women/id06752/00221_id06254_8VSfI86Fua4_faceswap_id03897_wavtolip.mp4,00221_id06254_8VSfI86Fua4_faceswap_id03897_wavtolip.mp4,FakeAVCeleb,FakeVideo-FakeAudio,AUDIO_VISUAL_MANIPULATION,1,1,3,id06752,Asian (South),women,221,id06254;id03897,faceswap,4,calibration
fac_a8384f040df8,data/raw/fakeavceleb/FakeAVCeleb_v1.2/FakeAVCeleb_v1.2/FakeVideo-FakeAudio/Asian (South)/women/id06752/00221_id06254_8VSfI86Fua4_faceswap_id04582_wavtolip.mp4,00221_id06254_8VSfI86Fua4_faceswap_id04582_wavtolip.mp4,FakeAVCeleb,FakeVideo-FakeAudio,AUDIO_VISUAL_MANIPULATION,1,1,3,id06752,Asian (South),women,221,id06254;id04582,faceswap,4,calibration
fac_68cd06ad4c34,data/raw/fakeavceleb/FakeAVCeleb_v1.2/FakeAVCeleb_v1.2/FakeVideo-FakeAudio/Asian (South)/women/id06752/00221_id06254_8VSfI86Fua4_id05931_wavtolip.mp4,00221_id06254_8VSfI86Fua4_id05931_wavtolip.mp4,FakeAVCeleb,FakeVideo-FakeAudio,AUDIO_VISUAL_MANIPULATION,1,1,3,id06752,Asian (South),women,221,id06254;id05931,wav2lip,4,calibration
fac_751ed0dbf5b3,data/raw/fakeavceleb/FakeAVCeleb_v1.2/FakeAVCeleb_v1.2/FakeVideo-FakeAudio/Asian (South)/women/id06752/00221_id06268_wavtolip.mp4,00221_id06268_wavtolip.mp4,FakeAVCeleb,FakeVideo-FakeAudio,AUDIO_VISUAL_MANIPULATION,1,1,3,id06752,Asian (South),women,221,id06268,wav2lip,4,calibration
fac_1c741a0d98d3,data/raw/fakeavceleb/FakeAVCeleb_v1.2/FakeAVCeleb_v1.2/FakeVideo-FakeAudio/Asian (South)/women/id06752/00221_id06343__Tf30YR4M3w_id06437_wavtolip.mp4,00221_id06343__Tf30YR4M3w_id06437_wavtolip.mp4,FakeAVCeleb,FakeVideo-FakeAudio,AUDIO_VISUAL_MANIPULATION,1,1,3,id06752,Asian (South),women,221,id06343;id06437,wav2lip,4,calibration
fac_7272d5782a93,data/raw/fakeavceleb/FakeAVCeleb_v1.2/FakeAVCeleb_v1.2/FakeVideo-FakeAudio/Asian (South)/women/id06752/00221_id06437_wavtolip.mp4,00221_id06437_wavtolip.mp4,FakeAVCeleb,FakeVideo-FakeAudio,AUDIO_VISUAL_MANIPULATION,1,1,3,id06752,Asian (South),women,221,id06437,wav2lip,4,calibration
fac_44f7ea2dc637,data/raw/fakeavceleb/FakeAVCeleb_v1.2/FakeAVCeleb_v1.2/FakeVideo-FakeAudio/Asian (South)/women/id06752/00221_id06438_vf3xBVgYqYA_id05931_wavtolip.mp4,00221_id06438_vf3xBVgYqYA_id05931_wavtolip.mp4,FakeAVCeleb,FakeVideo-FakeAudio,AUDIO_VISUAL_MANIPULATION,1,1,3,id06752,Asian (South),women,221,id06438;id05931,wav2lip,4,calibration
fac_8cb77e26e5a6,data/raw/fakeavceleb/FakeAVCeleb_v1.2/FakeAVCeleb_v1.2/FakeVideo-FakeAudio/Asian (South)/women/id06752/00221_id07008_hbwmyKv9Hio_id06254_wavtolip.mp4,00221_id07008_hbwmyKv9Hio_id06254_wavtolip.mp4,FakeAVCeleb,FakeVideo-FakeAudio,AUDIO_VISUAL_MANIPULATION,1,1,3,id06752,Asian (South),women,221,id07008;id06254,wav2lip,4,calibration
fac_86544ad52643,data/raw/fakeavceleb/FakeAVCeleb_v1.2/FakeAVCeleb_v1.2/FakeVideo-FakeAudio/Asian (South)/women/id06752/00221_id07049_BiljgZcyWI4_id06254_wavtolip.mp4,00221_id07049_BiljgZcyWI4_id06254_wavtolip.mp4,FakeAVCeleb,FakeVideo-FakeAudio,AUDIO_VISUAL_MANIPULATION,1,1,3,id06752,Asian (South),women,221,id07049;id06254,wav2lip,4,calibration
fac_12d246e79132,data/raw/fakeavceleb/FakeAVCeleb_v1.2/FakeAVCeleb_v1.2/FakeVideo-FakeAudio/Asian (South)/women/id06752/00221_id07136_4e43eS5p3_M_id00417_wavtolip.mp4,00221_id07136_4e43eS5p3_M_id00417_wavtolip.mp4,FakeAVCeleb,FakeVideo-FakeAudio,AUDIO_VISUAL_MANIPULATION,1,1,3,id06752,Asian (South),women,221,id07136;id00417,wav2lip,4,calibration
fac_0f0a170466ff,data/raw/fakeavceleb/FakeAVCeleb_v1.2/FakeAVCeleb_v1.2/FakeVideo-FakeAudio/Asian (South)/women/id07008/00175_id00080_wavtolip.mp4,00175_id00080_wavtolip.mp4,FakeAVCeleb,FakeVideo-FakeAudio,AUDIO_VISUAL_MANIPULATION,1,1,3,id07008,Asian (South),women,175,id00080,wav2lip,4,calibration
fac_9b305e3b303a,data/raw/fakeavceleb/FakeAVCeleb_v1.2/FakeAVCeleb_v1.2/FakeVideo-FakeAudio/Asian (South)/women/id07008/00175_id00080_y29QtxBTASE_id07686_wavtolip.mp4,00175_id00080_y29QtxBTASE_id07686_wavtolip.mp4,FakeAVCeleb,FakeVideo-FakeAudio,AUDIO_VISUAL_MANIPULATION,1,1,3,id07008,Asian (South),women,175,id00080;id07686,wav2lip,4,calibration
fac_30802c51c927,data/raw/fakeavceleb/FakeAVCeleb_v1.2/FakeAVCeleb_v1.2/FakeVideo-FakeAudio/Asian (South)/women/id07008/00175_id01026_wavtolip.mp4,00175_id01026_wavtolip.mp4,FakeAVCeleb,FakeVideo-FakeAudio,AUDIO_VISUAL_MANIPULATION,1,1,3,id07008,Asian (South),women,175,id01026,wav2lip,4,calibration
fac_d014864ef577,data/raw/fakeavceleb/FakeAVCeleb_v1.2/FakeAVCeleb_v1.2/FakeVideo-FakeAudio/Asian (South)/women/id07008/00175_id02089_ZC5FjKDazrM_id02619_wavtolip.mp4,00175_id02089_ZC5FjKDazrM_id02619_wavtolip.mp4,FakeAVCeleb,FakeVideo-FakeAudio,AUDIO_VISUAL_MANIPULATION,1,1,3,id07008,Asian (South),women,175,id02089;id02619,wav2lip,4,calibration
fac_2b260182c50c,data/raw/fakeavceleb/FakeAVCeleb_v1.2/FakeAVCeleb_v1.2/FakeVideo-FakeAudio/Asian (South)/women/id07008/00175_id02310_wavtolip.mp4,00175_id02310_wavtolip.mp4,FakeAVCeleb,FakeVideo-FakeAudio,AUDIO_VISUAL_MANIPULATION,1,1,3,id07008,Asian (South),women,175,id02310,wav2lip,4,calibration
fac_3d4a65494a99,data/raw/fakeavceleb/FakeAVCeleb_v1.2/FakeAVCeleb_v1.2/FakeVideo-FakeAudio/Asian (South)/women/id07008/00175_id02619_wavtolip.mp4,00175_id02619_wavtolip.mp4,FakeAVCeleb,FakeVideo-FakeAudio,AUDIO_VISUAL_MANIPULATION,1,1,3,id07008,Asian (South),women,175,id02619,wav2lip,4,calibration
fac_7fd8cd83a460,data/raw/fakeavceleb/FakeAVCeleb_v1.2/FakeAVCeleb_v1.2/FakeVideo-FakeAudio/Asian (South)/women/id07008/00175_id03815_wavtolip.mp4,00175_id03815_wavtolip.mp4,FakeAVCeleb,FakeVideo-FakeAudio,AUDIO_VISUAL_MANIPULATION,1,1,3,id07008,Asian (South),women,175,id03815,wav2lip,4,calibration
fac_9673a4137526,data/raw/fakeavceleb/FakeAVCeleb_v1.2/FakeAVCeleb_v1.2/FakeVideo-FakeAudio/Asian (South)/women/id07008/00175_id04070_wavtolip.mp4,00175_id04070_wavtolip.mp4,FakeAVCeleb,FakeVideo-FakeAudio,AUDIO_VISUAL_MANIPULATION,1,1,3,id07008,Asian (South),women,175,id04070,wav2lip,4,calibration
fac_62eb40a233c6,data/raw/fakeavceleb/FakeAVCeleb_v1.2/FakeAVCeleb_v1.2/FakeVideo-FakeAudio/Asian (South)/women/id07008/00175_id04490_wavtolip.mp4,00175_id04490_wavtolip.mp4,FakeAVCeleb,FakeVideo-FakeAudio,AUDIO_VISUAL_MANIPULATION,1,1,3,id07008,Asian (South),women,175,id04490,wav2lip,4,calibration
fac_b45cd3590c5e,data/raw/fakeavceleb/FakeAVCeleb_v1.2/FakeAVCeleb_v1.2/FakeVideo-FakeAudio/Asian (South)/women/id07008/00175_id04529_S92uo-UShxE_id07236_wavtolip.mp4,00175_id04529_S92uo-UShxE_id07236_wavtolip.mp4,FakeAVCeleb,FakeVideo-FakeAudio,AUDIO_VISUAL_MANIPULATION,1,1,3,id07008,Asian (South),women,175,id04529;id07236,wav2lip,4,calibration
fac_122f661fd9de,data/raw/fakeavceleb/FakeAVCeleb_v1.2/FakeAVCeleb_v1.2/FakeVideo-FakeAudio/Asian (South)/women/id07008/00175_id04530_wavtolip.mp4,00175_id04530_wavtolip.mp4,FakeAVCeleb,FakeVideo-FakeAudio,AUDIO_VISUAL_MANIPULATION,1,1,3,id07008,Asian (South),women,175,id04530,wav2lip,4,calibration
fac_3752da2a96c8,data/raw/fakeavceleb/FakeAVCeleb_v1.2/FakeAVCeleb_v1.2/FakeVideo-FakeAudio/Asian (South)/women/id07008/00175_id04564_xUz03LwKRtQ_id07686_wavtolip.mp4,00175_id04564_xUz03LwKRtQ_id07686_wavtolip.mp4,FakeAVCeleb,FakeVideo-FakeAudio,AUDIO_VISUAL_MANIPULATION,1,1,3,id07008,Asian (South),women,175,id04564;id07686,wav2lip,4,calibration
fac_3615910ef2ed,data/raw/fakeavceleb/FakeAVCeleb_v1.2/FakeAVCeleb_v1.2/FakeVideo-FakeAudio/Asian (South)/women/id07008/00175_id04583_M10zZFjuAb0_id07689_wavtolip.mp4,00175_id04583_M10zZFjuAb0_id07689_wavtolip.mp4,FakeAVCeleb,FakeVideo-FakeAudio,AUDIO_VISUAL_MANIPULATION,1,1,3,id07008,Asian (South),women,175,id04583;id07689,wav2lip,4,calibration
fac_515a8b9a361b,data/raw/fakeavceleb/FakeAVCeleb_v1.2/FakeAVCeleb_v1.2/FakeVideo-FakeAudio/Asian (South)/women/id07008/00175_id05434_6p7kCmdOjDQ_faceswap_id00080_wavtolip.mp4,00175_id05434_6p7kCmdOjDQ_faceswap_id00080_wavtolip.mp4,FakeAVCeleb,FakeVideo-FakeAudio,AUDIO_VISUAL_MANIPULATION,1,1,3,id07008,Asian (South),women,175,id05434;id00080,faceswap,4,calibration
fac_aab9bc994243,data/raw/fakeavceleb/FakeAVCeleb_v1.2/FakeAVCeleb_v1.2/FakeVideo-FakeAudio/Asian (South)/women/id07008/00175_id05434_6p7kCmdOjDQ_faceswap_id00235_wavtolip.mp4,00175_id05434_6p7kCmdOjDQ_faceswap_id00235_wavtolip.mp4,FakeAVCeleb,FakeVideo-FakeAudio,AUDIO_VISUAL_MANIPULATION,1,1,3,id07008,Asian (South),women,175,id05434;id00235,faceswap,4,calibration
fac_ebcbeaa390fb,data/raw/fakeavceleb/FakeAVCeleb_v1.2/FakeAVCeleb_v1.2/FakeVideo-FakeAudio/Asian (South)/women/id07008/00175_id05434_6p7kCmdOjDQ_faceswap_id04070_wavtolip.mp4,00175_id05434_6p7kCmdOjDQ_faceswap_id04070_wavtolip.mp4,FakeAVCeleb,FakeVideo-FakeAudio,AUDIO_VISUAL_MANIPULATION,1,1,3,id07008,Asian (South),women,175,id05434;id04070,faceswap,4,calibration
fac_908e0a764190,data/raw/fakeavceleb/FakeAVCeleb_v1.2/FakeAVCeleb_v1.2/FakeVideo-FakeAudio/Asian (South)/women/id07008/00175_id05434_6p7kCmdOjDQ_faceswap_id04583_wavtolip.mp4,00175_id05434_6p7kCmdOjDQ_faceswap_id04583_wavtolip.mp4,FakeAVCeleb,FakeVideo-FakeAudio,AUDIO_VISUAL_MANIPULATION,1,1,3,id07008,Asian (South),women,175,id05434;id04583,faceswap,4,calibration
fac_28d8b5344360,data/raw/fakeavceleb/FakeAVCeleb_v1.2/FakeAVCeleb_v1.2/FakeVideo-FakeAudio/Asian (South)/women/id07008/00175_id05434_6p7kCmdOjDQ_faceswap_id06232_wavtolip.mp4,00175_id05434_6p7kCmdOjDQ_faceswap_id06232_wavtolip.mp4,FakeAVCeleb,FakeVideo-FakeAudio,AUDIO_VISUAL_MANIPULATION,1,1,3,id07008,Asian (South),women,175,id05434;id06232,faceswap,4,calibration
fac_7fa45c0e0b8d,data/raw/fakeavceleb/FakeAVCeleb_v1.2/FakeAVCeleb_v1.2/FakeVideo-FakeAudio/Asian (South)/women/id07008/00175_id05434_6p7kCmdOjDQ_id00080_wavtolip.mp4,00175_id05434_6p7kCmdOjDQ_id00080_wavtolip.mp4,FakeAVCeleb,FakeVideo-FakeAudio,AUDIO_VISUAL_MANIPULATION,1,1,3,id07008,Asian (South),women,175,id05434;id00080,wav2lip,4,calibration
fac_1921a6b841d8,data/raw/fakeavceleb/FakeAVCeleb_v1.2/FakeAVCeleb_v1.2/FakeVideo-FakeAudio/Asian (South)/women/id07008/00175_id06268_wavtolip.mp4,00175_id06268_wavtolip.mp4,FakeAVCeleb,FakeVideo-FakeAudio,AUDIO_VISUAL_MANIPULATION,1,1,3,id07008,Asian (South),women,175,id06268,wav2lip,4,calibration
fac_50ec33d1c55b,data/raw/fakeavceleb/FakeAVCeleb_v1.2/FakeAVCeleb_v1.2/FakeVideo-FakeAudio/Asian (South)/women/id07008/00175_id06439_wavtolip.mp4,00175_id06439_wavtolip.mp4,FakeAVCeleb,FakeVideo-FakeAudio,AUDIO_VISUAL_MANIPULATION,1,1,3,id07008,Asian (South),women,175,id06439,wav2lip,4,calibration
fac_91cd7ebabedd,data/raw/fakeavceleb/FakeAVCeleb_v1.2/FakeAVCeleb_v1.2/FakeVideo-FakeAudio/Asian (South)/women/id07008/00175_id07051_d1c0Pl2aP_4_id06437_wavtolip.mp4,00175_id07051_d1c0Pl2aP_4_id06437_wavtolip.mp4,FakeAVCeleb,FakeVideo-FakeAudio,AUDIO_VISUAL_MANIPULATION,1,1,3,id07008,Asian (South),women,175,id07051;id06437,wav2lip,4,calibration
fac_179ca452d720,data/raw/fakeavceleb/FakeAVCeleb_v1.2/FakeAVCeleb_v1.2/FakeVideo-FakeAudio/Asian (South)/women/id07008/00175_id07136_4e43eS5p3_M_id07008_wavtolip.mp4,00175_id07136_4e43eS5p3_M_id07008_wavtolip.mp4,FakeAVCeleb,FakeVideo-FakeAudio,AUDIO_VISUAL_MANIPULATION,1,1,3,id07008,Asian (South),women,175,id07136;id07008,wav2lip,4,calibration
fac_f37512416162,data/raw/fakeavceleb/FakeAVCeleb_v1.2/FakeAVCeleb_v1.2/FakeVideo-FakeAudio/Asian (South)/women/id07049/00043_id00080_wavtolip.mp4,00043_id00080_wavtolip.mp4,FakeAVCeleb,FakeVideo-FakeAudio,AUDIO_VISUAL_MANIPULATION,1,1,3,id07049,Asian (South),women,43,id00080,wav2lip,4,calibration
fac_6415b2797254,data/raw/fakeavceleb/FakeAVCeleb_v1.2/FakeAVCeleb_v1.2/FakeVideo-FakeAudio/Asian (South)/women/id07049/00043_id00149_wavtolip.mp4,00043_id00149_wavtolip.mp4,FakeAVCeleb,FakeVideo-FakeAudio,AUDIO_VISUAL_MANIPULATION,1,1,3,id07049,Asian (South),women,43,id00149,wav2lip,4,calibration
fac_8af559b8ba99,data/raw/fakeavceleb/FakeAVCeleb_v1.2/FakeAVCeleb_v1.2/FakeVideo-FakeAudio/Asian (South)/women/id07049/00043_id00417_wavtolip.mp4,00043_id00417_wavtolip.mp4,FakeAVCeleb,FakeVideo-FakeAudio,AUDIO_VISUAL_MANIPULATION,1,1,3,id07049,Asian (South),women,43,id00417,wav2lip,4,calibration
fac_de5d490e3884,data/raw/fakeavceleb/FakeAVCeleb_v1.2/FakeAVCeleb_v1.2/FakeVideo-FakeAudio/Asian (South)/women/id07049/00043_id01026_rM4ZERt7oM0_id07051_wavtolip.mp4,00043_id01026_rM4ZERt7oM0_id07051_wavtolip.mp4,FakeAVCeleb,FakeVideo-FakeAudio,AUDIO_VISUAL_MANIPULATION,1,1,3,id07049,Asian (South),women,43,id01026;id07051,wav2lip,4,calibration
fac_6d66abb005e2,data/raw/fakeavceleb/FakeAVCeleb_v1.2/FakeAVCeleb_v1.2/FakeVideo-FakeAudio/Asian (South)/women/id07049/00043_id02310_wavtolip.mp4,00043_id02310_wavtolip.mp4,FakeAVCeleb,FakeVideo-FakeAudio,AUDIO_VISUAL_MANIPULATION,1,1,3,id07049,Asian (South),women,43,id02310,wav2lip,4,calibration
fac_5cb124671645,data/raw/fakeavceleb/FakeAVCeleb_v1.2/FakeAVCeleb_v1.2/FakeVideo-FakeAudio/Asian (South)/women/id07049/00043_id03815_wavtolip.mp4,00043_id03815_wavtolip.mp4,FakeAVCeleb,FakeVideo-FakeAudio,AUDIO_VISUAL_MANIPULATION,1,1,3,id07049,Asian (South),women,43,id03815,wav2lip,4,calibration
fac_c5ab4e1b52c2,data/raw/fakeavceleb/FakeAVCeleb_v1.2/FakeAVCeleb_v1.2/FakeVideo-FakeAudio/Asian (South)/women/id07049/00043_id03985_01aVtyjfVFM_id07377_wavtolip.mp4,00043_id03985_01aVtyjfVFM_id07377_wavtolip.mp4,FakeAVCeleb,FakeVideo-FakeAudio,AUDIO_VISUAL_MANIPULATION,1,1,3,id07049,Asian (South),women,43,id03985;id07377,wav2lip,4,calibration
fac_0cf6604bbae4,data/raw/fakeavceleb/FakeAVCeleb_v1.2/FakeAVCeleb_v1.2/FakeVideo-FakeAudio/Asian (South)/women/id07049/00043_id05435_wavtolip.mp4,00043_id05435_wavtolip.mp4,FakeAVCeleb,FakeVideo-FakeAudio,AUDIO_VISUAL_MANIPULATION,1,1,3,id07049,Asian (South),women,43,id05435,wav2lip,4,calibration
fac_045293627212,data/raw/fakeavceleb/FakeAVCeleb_v1.2/FakeAVCeleb_v1.2/FakeVideo-FakeAudio/Asian (South)/women/id07049/00043_id05920_LuLTJu54joo_id03815_wavtolip.mp4,00043_id05920_LuLTJu54joo_id03815_wavtolip.mp4,FakeAVCeleb,FakeVideo-FakeAudio,AUDIO_VISUAL_MANIPULATION,1,1,3,id07049,Asian (South),women,43,id05920;id03815,wav2lip,4,calibration
fac_037517539021,data/raw/fakeavceleb/FakeAVCeleb_v1.2/FakeAVCeleb_v1.2/FakeVideo-FakeAudio/Asian (South)/women/id07049/00043_id06254_wavtolip.mp4,00043_id06254_wavtolip.mp4,FakeAVCeleb,FakeVideo-FakeAudio,AUDIO_VISUAL_MANIPULATION,1,1,3,id07049,Asian (South),women,43,id06254,wav2lip,4,calibration
fac_af3c4fd51c37,data/raw/fakeavceleb/FakeAVCeleb_v1.2/FakeAVCeleb_v1.2/FakeVideo-FakeAudio/Asian (South)/women/id07049/00043_id06438_wavtolip.mp4,00043_id06438_wavtolip.mp4,FakeAVCeleb,FakeVideo-FakeAudio,AUDIO_VISUAL_MANIPULATION,1,1,3,id07049,Asian (South),women,43,id06438,wav2lip,4,calibration
fac_2b856c970e3a,data/raw/fakeavceleb/FakeAVCeleb_v1.2/FakeAVCeleb_v1.2/FakeVideo-FakeAudio/Asian (South)/women/id07049/00043_id06439_h6KjOx7n15A_id02310_wavtolip.mp4,00043_id06439_h6KjOx7n15A_id02310_wavtolip.mp4,FakeAVCeleb,FakeVideo-FakeAudio,AUDIO_VISUAL_MANIPULATION,1,1,3,id07049,Asian (South),women,43,id06439;id02310,wav2lip,4,calibration
fac_ca0922906982,data/raw/fakeavceleb/FakeAVCeleb_v1.2/FakeAVCeleb_v1.2/FakeVideo-FakeAudio/Asian (South)/women/id07049/00043_id06752_wavtolip.mp4,00043_id06752_wavtolip.mp4,FakeAVCeleb,FakeVideo-FakeAudio,AUDIO_VISUAL_MANIPULATION,1,1,3,id07049,Asian (South),women,43,id06752,wav2lip,4,calibration
fac_ae60f4e395f1,data/raw/fakeavceleb/FakeAVCeleb_v1.2/FakeAVCeleb_v1.2/FakeVideo-FakeAudio/Asian (South)/women/id07049/00043_id07008_hbwmyKv9Hio_faceswap_id00747_wavtolip.mp4,00043_id07008_hbwmyKv9Hio_faceswap_id00747_wavtolip.mp4,FakeAVCeleb,FakeVideo-FakeAudio,AUDIO_VISUAL_MANIPULATION,1,1,3,id07049,Asian (South),women,43,id07008;id00747,faceswap,4,calibration
fac_3ba29e03cf5f,data/raw/fakeavceleb/FakeAVCeleb_v1.2/FakeAVCeleb_v1.2/FakeVideo-FakeAudio/Asian (South)/women/id07049/00043_id07008_hbwmyKv9Hio_faceswap_id05435_wavtolip.mp4,00043_id07008_hbwmyKv9Hio_faceswap_id05435_wavtolip.mp4,FakeAVCeleb,FakeVideo-FakeAudio,AUDIO_VISUAL_MANIPULATION,1,1,3,id07049,Asian (South),women,43,id07008;id05435,faceswap,4,calibration
fac_ea3f5b1fa2ed,data/raw/fakeavceleb/FakeAVCeleb_v1.2/FakeAVCeleb_v1.2/FakeVideo-FakeAudio/Asian (South)/women/id07049/00043_id07008_hbwmyKv9Hio_faceswap_id05920_wavtolip.mp4,00043_id07008_hbwmyKv9Hio_faceswap_id05920_wavtolip.mp4,FakeAVCeleb,FakeVideo-FakeAudio,AUDIO_VISUAL_MANIPULATION,1,1,3,id07049,Asian (South),women,43,id07008;id05920,faceswap,4,calibration
fac_be47c11dab19,data/raw/fakeavceleb/FakeAVCeleb_v1.2/FakeAVCeleb_v1.2/FakeVideo-FakeAudio/Asian (South)/women/id07049/00043_id07008_hbwmyKv9Hio_faceswap_id06232_wavtolip.mp4,00043_id07008_hbwmyKv9Hio_faceswap_id06232_wavtolip.mp4,FakeAVCeleb,FakeVideo-FakeAudio,AUDIO_VISUAL_MANIPULATION,1,1,3,id07049,Asian (South),women,43,id07008;id06232,faceswap,4,calibration
fac_c55a669bf2e5,data/raw/fakeavceleb/FakeAVCeleb_v1.2/FakeAVCeleb_v1.2/FakeVideo-FakeAudio/Asian (South)/women/id07049/00043_id07008_hbwmyKv9Hio_id06428_wavtolip.mp4,00043_id07008_hbwmyKv9Hio_id06428_wavtolip.mp4,FakeAVCeleb,FakeVideo-FakeAudio,AUDIO_VISUAL_MANIPULATION,1,1,3,id07049,Asian (South),women,43,id07008;id06428,wav2lip,4,calibration
fac_5a73fed7fba3,data/raw/fakeavceleb/FakeAVCeleb_v1.2/FakeAVCeleb_v1.2/FakeVideo-FakeAudio/Asian (South)/women/id07049/00043_id07078_sLVbTD3Dtgw_id03815_wavtolip.mp4,00043_id07078_sLVbTD3Dtgw_id03815_wavtolip.mp4,FakeAVCeleb,FakeVideo-FakeAudio,AUDIO_VISUAL_MANIPULATION,1,1,3,id07049,Asian (South),women,43,id07078;id03815,wav2lip,4,calibration
fac_659e9332b803,data/raw/fakeavceleb/FakeAVCeleb_v1.2/FakeAVCeleb_v1.2/FakeVideo-FakeAudio/Asian (South)/women/id07051/00083_id00461_Ort9NW3SJU4_id07689_wavtolip.mp4,00083_id00461_Ort9NW3SJU4_id07689_wavtolip.mp4,FakeAVCeleb,FakeVideo-FakeAudio,AUDIO_VISUAL_MANIPULATION,1,1,3,id07051,Asian (South),women,83,id00461;id07689,wav2lip,4,calibration
fac_3321f2f991de,data/raw/fakeavceleb/FakeAVCeleb_v1.2/FakeAVCeleb_v1.2/FakeVideo-FakeAudio/Asian (South)/women/id07051/00083_id00461_wavtolip.mp4,00083_id00461_wavtolip.mp4,FakeAVCeleb,FakeVideo-FakeAudio,AUDIO_VISUAL_MANIPULATION,1,1,3,id07051,Asian (South),women,83,id00461,wav2lip,4,calibration
fac_3934c1dd9b31,data/raw/fakeavceleb/FakeAVCeleb_v1.2/FakeAVCeleb_v1.2/FakeVideo-FakeAudio/Asian (South)/women/id07051/00083_id02089_wavtolip.mp4,00083_id02089_wavtolip.mp4,FakeAVCeleb,FakeVideo-FakeAudio,AUDIO_VISUAL_MANIPULATION,1,1,3,id07051,Asian (South),women,83,id02089,wav2lip,4,calibration
fac_ded9d480e9b2,data/raw/fakeavceleb/FakeAVCeleb_v1.2/FakeAVCeleb_v1.2/FakeVideo-FakeAudio/Asian (South)/women/id07051/00083_id03559_pgetxl1qbzM_id05931_wavtolip.mp4,00083_id03559_pgetxl1qbzM_id05931_wavtolip.mp4,FakeAVCeleb,FakeVideo-FakeAudio,AUDIO_VISUAL_MANIPULATION,1,1,3,id07051,Asian (South),women,83,id03559;id05931,wav2lip,4,calibration
fac_f646c1756ac6,data/raw/fakeavceleb/FakeAVCeleb_v1.2/FakeAVCeleb_v1.2/FakeVideo-FakeAudio/Asian (South)/women/id07051/00083_id03815_wavtolip.mp4,00083_id03815_wavtolip.mp4,FakeAVCeleb,FakeVideo-FakeAudio,AUDIO_VISUAL_MANIPULATION,1,1,3,id07051,Asian (South),women,83,id03815,wav2lip,4,calibration
fac_6855f3bdc39c,data/raw/fakeavceleb/FakeAVCeleb_v1.2/FakeAVCeleb_v1.2/FakeVideo-FakeAudio/Asian (South)/women/id07051/00083_id04529_wavtolip.mp4,00083_id04529_wavtolip.mp4,FakeAVCeleb,FakeVideo-FakeAudio,AUDIO_VISUAL_MANIPULATION,1,1,3,id07051,Asian (South),women,83,id04529,wav2lip,4,calibration
fac_8690d15431b5,data/raw/fakeavceleb/FakeAVCeleb_v1.2/FakeAVCeleb_v1.2/FakeVideo-FakeAudio/Asian (South)/women/id07051/00083_id04530_W5-PTTL9HzU_id04582_wavtolip.mp4,00083_id04530_W5-PTTL9HzU_id04582_wavtolip.mp4,FakeAVCeleb,FakeVideo-FakeAudio,AUDIO_VISUAL_MANIPULATION,1,1,3,id07051,Asian (South),women,83,id04530;id04582,wav2lip,4,calibration
fac_7078c7be3a8b,data/raw/fakeavceleb/FakeAVCeleb_v1.2/FakeAVCeleb_v1.2/FakeVideo-FakeAudio/Asian (South)/women/id07051/00083_id04530_wavtolip.mp4,00083_id04530_wavtolip.mp4,FakeAVCeleb,FakeVideo-FakeAudio,AUDIO_VISUAL_MANIPULATION,1,1,3,id07051,Asian (South),women,83,id04530,wav2lip,4,calibration
fac_4f92d7803f98,data/raw/fakeavceleb/FakeAVCeleb_v1.2/FakeAVCeleb_v1.2/FakeVideo-FakeAudio/Asian (South)/women/id07051/00083_id04564_xUz03LwKRtQ_id00043_wavtolip.mp4,00083_id04564_xUz03LwKRtQ_id00043_wavtolip.mp4,FakeAVCeleb,FakeVideo-FakeAudio,AUDIO_VISUAL_MANIPULATION,1,1,3,id07051,Asian (South),women,83,id04564;id00043,wav2lip,4,calibration
fac_daeb0d299771,data/raw/fakeavceleb/FakeAVCeleb_v1.2/FakeAVCeleb_v1.2/FakeVideo-FakeAudio/Asian (South)/women/id07051/00083_id04583_M10zZFjuAb0_id00080_wavtolip.mp4,00083_id04583_M10zZFjuAb0_id00080_wavtolip.mp4,FakeAVCeleb,FakeVideo-FakeAudio,AUDIO_VISUAL_MANIPULATION,1,1,3,id07051,Asian (South),women,83,id04583;id00080,wav2lip,4,calibration
fac_ea2c18aaf085,data/raw/fakeavceleb/FakeAVCeleb_v1.2/FakeAVCeleb_v1.2/FakeVideo-FakeAudio/Asian (South)/women/id07051/00083_id05435_OvX-Jv_whcU_id00488_wavtolip.mp4,00083_id05435_OvX-Jv_whcU_id00488_wavtolip.mp4,FakeAVCeleb,FakeVideo-FakeAudio,AUDIO_VISUAL_MANIPULATION,1,1,3,id07051,Asian (South),women,83,id05435;id00488,wav2lip,4,calibration
fac_dc08e503a2a9,data/raw/fakeavceleb/FakeAVCeleb_v1.2/FakeAVCeleb_v1.2/FakeVideo-FakeAudio/Asian (South)/women/id07051/00083_id06254_wavtolip.mp4,00083_id06254_wavtolip.mp4,FakeAVCeleb,FakeVideo-FakeAudio,AUDIO_VISUAL_MANIPULATION,1,1,3,id07051,Asian (South),women,83,id06254,wav2lip,4,calibration
fac_a0ac6291e64f,data/raw/fakeavceleb/FakeAVCeleb_v1.2/FakeAVCeleb_v1.2/FakeVideo-FakeAudio/Asian (South)/women/id07051/00083_id06428_A9nvRKd1afA_faceswap_id00488_wavtolip.mp4,00083_id06428_A9nvRKd1afA_faceswap_id00488_wavtolip.mp4,FakeAVCeleb,FakeVideo-FakeAudio,AUDIO_VISUAL_MANIPULATION,1,1,3,id07051,Asian (South),women,83,id06428;id00488,faceswap,4,calibration
fac_3ff2360ceeae,data/raw/fakeavceleb/FakeAVCeleb_v1.2/FakeAVCeleb_v1.2/FakeVideo-FakeAudio/Asian (South)/women/id07051/00083_id06428_A9nvRKd1afA_faceswap_id03559_wavtolip.mp4,00083_id06428_A9nvRKd1afA_faceswap_id03559_wavtolip.mp4,FakeAVCeleb,FakeVideo-FakeAudio,AUDIO_VISUAL_MANIPULATION,1,1,3,id07051,Asian (South),women,83,id06428;id03559,faceswap,4,calibration
fac_32f7567eb0d9,data/raw/fakeavceleb/FakeAVCeleb_v1.2/FakeAVCeleb_v1.2/FakeVideo-FakeAudio/Asian (South)/women/id07051/00083_id06428_A9nvRKd1afA_faceswap_id04070_wavtolip.mp4,00083_id06428_A9nvRKd1afA_faceswap_id04070_wavtolip.mp4,FakeAVCeleb,FakeVideo-FakeAudio,AUDIO_VISUAL_MANIPULATION,1,1,3,id07051,Asian (South),women,83,id06428;id04070,faceswap,4,calibration
fac_49ba09fce58c,data/raw/fakeavceleb/FakeAVCeleb_v1.2/FakeAVCeleb_v1.2/FakeVideo-FakeAudio/Asian (South)/women/id07051/00083_id06428_A9nvRKd1afA_faceswap_id05434_wavtolip.mp4,00083_id06428_A9nvRKd1afA_faceswap_id05434_wavtolip.mp4,FakeAVCeleb,FakeVideo-FakeAudio,AUDIO_VISUAL_MANIPULATION,1,1,3,id07051,Asian (South),women,83,id06428;id05434,faceswap,4,calibration
fac_e041f86312ce,data/raw/fakeavceleb/FakeAVCeleb_v1.2/FakeAVCeleb_v1.2/FakeVideo-FakeAudio/Asian (South)/women/id07051/00083_id06428_A9nvRKd1afA_faceswap_id06428_wavtolip.mp4,00083_id06428_A9nvRKd1afA_faceswap_id06428_wavtolip.mp4,FakeAVCeleb,FakeVideo-FakeAudio,AUDIO_VISUAL_MANIPULATION,1,1,3,id07051,Asian (South),women,83,id06428;id06428,faceswap,4,calibration
fac_70173ff0f3cd,data/raw/fakeavceleb/FakeAVCeleb_v1.2/FakeAVCeleb_v1.2/FakeVideo-FakeAudio/Asian (South)/women/id07051/00083_id06428_A9nvRKd1afA_id00417_wavtolip.mp4,00083_id06428_A9nvRKd1afA_id00417_wavtolip.mp4,FakeAVCeleb,FakeVideo-FakeAudio,AUDIO_VISUAL_MANIPULATION,1,1,3,id07051,Asian (South),women,83,id06428;id00417,wav2lip,4,calibration
fac_64c3d05d8254,data/raw/fakeavceleb/FakeAVCeleb_v1.2/FakeAVCeleb_v1.2/FakeVideo-FakeAudio/Asian (South)/women/id07051/00083_id06428_wavtolip.mp4,00083_id06428_wavtolip.mp4,FakeAVCeleb,FakeVideo-FakeAudio,AUDIO_VISUAL_MANIPULATION,1,1,3,id07051,Asian (South),women,83,id06428,wav2lip,4,calibration
fac_e24bbbb79206,data/raw/fakeavceleb/FakeAVCeleb_v1.2/FakeAVCeleb_v1.2/FakeVideo-FakeAudio/Asian (South)/women/id07051/00083_id07008_wavtolip.mp4,00083_id07008_wavtolip.mp4,FakeAVCeleb,FakeVideo-FakeAudio,AUDIO_VISUAL_MANIPULATION,1,1,3,id07051,Asian (South),women,83,id07008,wav2lip,4,calibration
fac_173ada7c4297,data/raw/fakeavceleb/FakeAVCeleb_v1.2/FakeAVCeleb_v1.2/FakeVideo-FakeAudio/Asian (South)/women/id07051/00083_id07136_4e43eS5p3_M_id00488_wavtolip.mp4,00083_id07136_4e43eS5p3_M_id00488_wavtolip.mp4,FakeAVCeleb,FakeVideo-FakeAudio,AUDIO_VISUAL_MANIPULATION,1,1,3,id07051,Asian (South),women,83,id07136;id00488,wav2lip,4,calibration
fac_5ff472ff0614,data/raw/fakeavceleb/FakeAVCeleb_v1.2/FakeAVCeleb_v1.2/FakeVideo-FakeAudio/Asian (South)/women/id07051/00083_id07236_wavtolip.mp4,00083_id07236_wavtolip.mp4,FakeAVCeleb,FakeVideo-FakeAudio,AUDIO_VISUAL_MANIPULATION,1,1,3,id07051,Asian (South),women,83,id07236,wav2lip,4,calibration
fac_fb7f445ef0bb,data/raw/fakeavceleb/FakeAVCeleb_v1.2/FakeAVCeleb_v1.2/FakeVideo-FakeAudio/Asian (South)/women/id07078/00405_0_id00488_wavtolip.mp4,00405_0_id00488_wavtolip.mp4,FakeAVCeleb,FakeVideo-FakeAudio,AUDIO_VISUAL_MANIPULATION,1,1,3,id07078,Asian (South),women,405,id00488,wav2lip,4,calibration
fac_29b26e0f7724,data/raw/fakeavceleb/FakeAVCeleb_v1.2/FakeAVCeleb_v1.2/FakeVideo-FakeAudio/Asian (South)/women/id07078/00405_0_id06268_wavtolip.mp4,00405_0_id06268_wavtolip.mp4,FakeAVCeleb,FakeVideo-FakeAudio,AUDIO_VISUAL_MANIPULATION,1,1,3,id07078,Asian (South),women,405,id06268,wav2lip,4,calibration
fac_7a5eb35063d9,data/raw/fakeavceleb/FakeAVCeleb_v1.2/FakeAVCeleb_v1.2/FakeVideo-FakeAudio/Asian (South)/women/id07078/00405_0_id07051_wavtolip.mp4,00405_0_id07051_wavtolip.mp4,FakeAVCeleb,FakeVideo-FakeAudio,AUDIO_VISUAL_MANIPULATION,1,1,3,id07078,Asian (South),women,405,id07051,wav2lip,4,calibration
fac_e1af716627ea,data/raw/fakeavceleb/FakeAVCeleb_v1.2/FakeAVCeleb_v1.2/FakeVideo-FakeAudio/Asian (South)/women/id07078/00405_0_id07377_wavtolip.mp4,00405_0_id07377_wavtolip.mp4,FakeAVCeleb,FakeVideo-FakeAudio,AUDIO_VISUAL_MANIPULATION,1,1,3,id07078,Asian (South),women,405,id07377,wav2lip,4,calibration
fac_1b0c3fc97bf7,data/raw/fakeavceleb/FakeAVCeleb_v1.2/FakeAVCeleb_v1.2/FakeVideo-FakeAudio/Asian (South)/women/id07078/00405_1_id01026_wavtolip.mp4,00405_1_id01026_wavtolip.mp4,FakeAVCeleb,FakeVideo-FakeAudio,AUDIO_VISUAL_MANIPULATION,1,1,3,id07078,Asian (South),women,405,id01026,wav2lip,4,calibration
fac_3b9a27b54f86,data/raw/fakeavceleb/FakeAVCeleb_v1.2/FakeAVCeleb_v1.2/FakeVideo-FakeAudio/Asian (South)/women/id07078/00405_1_id02310_wavtolip.mp4,00405_1_id02310_wavtolip.mp4,FakeAVCeleb,FakeVideo-FakeAudio,AUDIO_VISUAL_MANIPULATION,1,1,3,id07078,Asian (South),women,405,id02310,wav2lip,4,calibration
fac_f81a0ca1f271,data/raw/fakeavceleb/FakeAVCeleb_v1.2/FakeAVCeleb_v1.2/FakeVideo-FakeAudio/Asian (South)/women/id07078/00405_1_id04530_wavtolip.mp4,00405_1_id04530_wavtolip.mp4,FakeAVCeleb,FakeVideo-FakeAudio,AUDIO_VISUAL_MANIPULATION,1,1,3,id07078,Asian (South),women,405,id04530,wav2lip,4,calibration
fac_3be76a6c56fd,data/raw/fakeavceleb/FakeAVCeleb_v1.2/FakeAVCeleb_v1.2/FakeVideo-FakeAudio/Asian (South)/women/id07078/00405_1_id06752_wavtolip.mp4,00405_1_id06752_wavtolip.mp4,FakeAVCeleb,FakeVideo-FakeAudio,AUDIO_VISUAL_MANIPULATION,1,1,3,id07078,Asian (South),women,405,id06752,wav2lip,4,calibration
fac_ec5acf17a4e4,data/raw/fakeavceleb/FakeAVCeleb_v1.2/FakeAVCeleb_v1.2/FakeVideo-FakeAudio/Asian (South)/women/id07078/00405_1_id07051_wavtolip.mp4,00405_1_id07051_wavtolip.mp4,FakeAVCeleb,FakeVideo-FakeAudio,AUDIO_VISUAL_MANIPULATION,1,1,3,id07078,Asian (South),women,405,id07051,wav2lip,4,calibration
fac_85d197b40021,data/raw/fakeavceleb/FakeAVCeleb_v1.2/FakeAVCeleb_v1.2/FakeVideo-FakeAudio/Asian (South)/women/id07078/00405_3_id04529_wavtolip.mp4,00405_3_id04529_wavtolip.mp4,FakeAVCeleb,FakeVideo-FakeAudio,AUDIO_VISUAL_MANIPULATION,1,1,3,id07078,Asian (South),women,405,id04529,wav2lip,4,calibration
fac_9fda3dace53c,data/raw/fakeavceleb/FakeAVCeleb_v1.2/FakeAVCeleb_v1.2/FakeVideo-FakeAudio/Asian (South)/women/id07078/00405_3_id05434_wavtolip.mp4,00405_3_id05434_wavtolip.mp4,FakeAVCeleb,FakeVideo-FakeAudio,AUDIO_VISUAL_MANIPULATION,1,1,3,id07078,Asian (South),women,405,id05434,wav2lip,4,calibration
fac_50bac1f8eb96,data/raw/fakeavceleb/FakeAVCeleb_v1.2/FakeAVCeleb_v1.2/FakeVideo-FakeAudio/Asian (South)/women/id07078/00405_3_id06232_wavtolip.mp4,00405_3_id06232_wavtolip.mp4,FakeAVCeleb,FakeVideo-FakeAudio,AUDIO_VISUAL_MANIPULATION,1,1,3,id07078,Asian (South),women,405,id06232,wav2lip,4,calibration
fac_8c7019e7f64f,data/raw/fakeavceleb/FakeAVCeleb_v1.2/FakeAVCeleb_v1.2/FakeVideo-FakeAudio/Asian (South)/women/id07078/00405_3_id06437_wavtolip.mp4,00405_3_id06437_wavtolip.mp4,FakeAVCeleb,FakeVideo-FakeAudio,AUDIO_VISUAL_MANIPULATION,1,1,3,id07078,Asian (South),women,405,id06437,wav2lip,4,calibration
fac_91e29e352ff3,data/raw/fakeavceleb/FakeAVCeleb_v1.2/FakeAVCeleb_v1.2/FakeVideo-FakeAudio/Asian (South)/women/id07078/00405_id00235_wavtolip.mp4,00405_id00235_wavtolip.mp4,FakeAVCeleb,FakeVideo-FakeAudio,AUDIO_VISUAL_MANIPULATION,1,1,3,id07078,Asian (South),women,405,id00235,wav2lip,4,calibration
fac_1d2a7fd486b4,data/raw/fakeavceleb/FakeAVCeleb_v1.2/FakeAVCeleb_v1.2/FakeVideo-FakeAudio/Asian (South)/women/id07078/00405_id00417_wavtolip.mp4,00405_id00417_wavtolip.mp4,FakeAVCeleb,FakeVideo-FakeAudio,AUDIO_VISUAL_MANIPULATION,1,1,3,id07078,Asian (South),women,405,id00417,wav2lip,4,calibration
fac_d0b9bec4eef6,data/raw/fakeavceleb/FakeAVCeleb_v1.2/FakeAVCeleb_v1.2/FakeVideo-FakeAudio/Asian (South)/women/id07078/00405_id02089_wavtolip.mp4,00405_id02089_wavtolip.mp4,FakeAVCeleb,FakeVideo-FakeAudio,AUDIO_VISUAL_MANIPULATION,1,1,3,id07078,Asian (South),women,405,id02089,wav2lip,4,calibration
fac_f12b6b5b9ef1,data/raw/fakeavceleb/FakeAVCeleb_v1.2/FakeAVCeleb_v1.2/FakeVideo-FakeAudio/Asian (South)/women/id07078/00405_id03559_wavtolip.mp4,00405_id03559_wavtolip.mp4,FakeAVCeleb,FakeVideo-FakeAudio,AUDIO_VISUAL_MANIPULATION,1,1,3,id07078,Asian (South),women,405,id03559,wav2lip,4,calibration
fac_48be9e7eddaa,data/raw/fakeavceleb/FakeAVCeleb_v1.2/FakeAVCeleb_v1.2/FakeVideo-FakeAudio/Asian (South)/women/id07078/00405_id04070_F3CgrqRjcgw_faceswap_id00149_wavtolip.mp4,00405_id04070_F3CgrqRjcgw_faceswap_id00149_wavtolip.mp4,FakeAVCeleb,FakeVideo-FakeAudio,AUDIO_VISUAL_MANIPULATION,1,1,3,id07078,Asian (South),women,405,id04070;id00149,faceswap,4,calibration
fac_701391e588b9,data/raw/fakeavceleb/FakeAVCeleb_v1.2/FakeAVCeleb_v1.2/FakeVideo-FakeAudio/Asian (South)/women/id07078/00405_id04070_F3CgrqRjcgw_faceswap_id00417_wavtolip.mp4,00405_id04070_F3CgrqRjcgw_faceswap_id00417_wavtolip.mp4,FakeAVCeleb,FakeVideo-FakeAudio,AUDIO_VISUAL_MANIPULATION,1,1,3,id07078,Asian (South),women,405,id04070;id00417,faceswap,4,calibration
fac_2774472b8170,data/raw/fakeavceleb/FakeAVCeleb_v1.2/FakeAVCeleb_v1.2/FakeVideo-FakeAudio/Asian (South)/women/id07078/00405_id04070_F3CgrqRjcgw_faceswap_id01026_wavtolip.mp4,00405_id04070_F3CgrqRjcgw_faceswap_id01026_wavtolip.mp4,FakeAVCeleb,FakeVideo-FakeAudio,AUDIO_VISUAL_MANIPULATION,1,1,3,id07078,Asian (South),women,405,id04070;id01026,faceswap,4,calibration
fac_d952a6266551,data/raw/fakeavceleb/FakeAVCeleb_v1.2/FakeAVCeleb_v1.2/FakeVideo-FakeAudio/Asian (South)/women/id07078/00405_id04070_F3CgrqRjcgw_faceswap_id02619_wavtolip.mp4,00405_id04070_F3CgrqRjcgw_faceswap_id02619_wavtolip.mp4,FakeAVCeleb,FakeVideo-FakeAudio,AUDIO_VISUAL_MANIPULATION,1,1,3,id07078,Asian (South),women,405,id04070;id02619,faceswap,4,calibration
fac_baada6e66e77,data/raw/fakeavceleb/FakeAVCeleb_v1.2/FakeAVCeleb_v1.2/FakeVideo-FakeAudio/Asian (South)/women/id07078/00405_id04070_F3CgrqRjcgw_faceswap_id06268_wavtolip.mp4,00405_id04070_F3CgrqRjcgw_faceswap_id06268_wavtolip.mp4,FakeAVCeleb,FakeVideo-FakeAudio,AUDIO_VISUAL_MANIPULATION,1,1,3,id07078,Asian (South),women,405,id04070;id06268,faceswap,4,calibration
fac_a4dee1dcfe39,data/raw/fakeavceleb/FakeAVCeleb_v1.2/FakeAVCeleb_v1.2/FakeVideo-FakeAudio/Asian (South)/women/id07078/00405_id04070_F3CgrqRjcgw_id04582_wavtolip.mp4,00405_id04070_F3CgrqRjcgw_id04582_wavtolip.mp4,FakeAVCeleb,FakeVideo-FakeAudio,AUDIO_VISUAL_MANIPULATION,1,1,3,id07078,Asian (South),women,405,id04070;id04582,wav2lip,4,calibration
fac_042eca19dbdb,data/raw/fakeavceleb/FakeAVCeleb_v1.2/FakeAVCeleb_v1.2/FakeVideo-FakeAudio/Asian (South)/women/id07078/00405_id04529_wavtolip.mp4,00405_id04529_wavtolip.mp4,FakeAVCeleb,FakeVideo-FakeAudio,AUDIO_VISUAL_MANIPULATION,1,1,3,id07078,Asian (South),women,405,id04529,wav2lip,4,calibration
fac_e29870ca3c9b,data/raw/fakeavceleb/FakeAVCeleb_v1.2/FakeAVCeleb_v1.2/FakeVideo-FakeAudio/Asian (South)/women/id07078/00405_id04927_8MD618FRyfA_id03559_wavtolip.mp4,00405_id04927_8MD618FRyfA_id03559_wavtolip.mp4,FakeAVCeleb,FakeVideo-FakeAudio,AUDIO_VISUAL_MANIPULATION,1,1,3,id07078,Asian (South),women,405,id04927;id03559,wav2lip,4,calibration
fac_4f9bff7bdebc,data/raw/fakeavceleb/FakeAVCeleb_v1.2/FakeAVCeleb_v1.2/FakeVideo-FakeAudio/Asian (South)/women/id07078/00405_id05434_6p7kCmdOjDQ_id05478_wavtolip.mp4,00405_id05434_6p7kCmdOjDQ_id05478_wavtolip.mp4,FakeAVCeleb,FakeVideo-FakeAudio,AUDIO_VISUAL_MANIPULATION,1,1,3,id07078,Asian (South),women,405,id05434;id05478,wav2lip,4,calibration
fac_cd4ee4bb5d2e,data/raw/fakeavceleb/FakeAVCeleb_v1.2/FakeAVCeleb_v1.2/FakeVideo-FakeAudio/Asian (South)/women/id07078/00405_id05435_wavtolip.mp4,00405_id05435_wavtolip.mp4,FakeAVCeleb,FakeVideo-FakeAudio,AUDIO_VISUAL_MANIPULATION,1,1,3,id07078,Asian (South),women,405,id05435,wav2lip,4,calibration
fac_6bbabe50cf6d,data/raw/fakeavceleb/FakeAVCeleb_v1.2/FakeAVCeleb_v1.2/FakeVideo-FakeAudio/Asian (South)/women/id07078/00405_id05920_LuLTJu54joo_id04070_wavtolip.mp4,00405_id05920_LuLTJu54joo_id04070_wavtolip.mp4,FakeAVCeleb,FakeVideo-FakeAudio,AUDIO_VISUAL_MANIPULATION,1,1,3,id07078,Asian (South),women,405,id05920;id04070,wav2lip,4,calibration
fac_c369d03eb2b5,data/raw/fakeavceleb/FakeAVCeleb_v1.2/FakeAVCeleb_v1.2/FakeVideo-FakeAudio/Asian (South)/women/id07078/00405_id05931_wavtolip.mp4,00405_id05931_wavtolip.mp4,FakeAVCeleb,FakeVideo-FakeAudio,AUDIO_VISUAL_MANIPULATION,1,1,3,id07078,Asian (South),women,405,id05931,wav2lip,4,calibration
fac_6f5bd859d125,data/raw/fakeavceleb/FakeAVCeleb_v1.2/FakeAVCeleb_v1.2/FakeVideo-FakeAudio/Asian (South)/women/id07078/00405_id06439_wavtolip.mp4,00405_id06439_wavtolip.mp4,FakeAVCeleb,FakeVideo-FakeAudio,AUDIO_VISUAL_MANIPULATION,1,1,3,id07078,Asian (South),women,405,id06439,wav2lip,4,calibration
fac_8c79e7ae9d8e,data/raw/fakeavceleb/FakeAVCeleb_v1.2/FakeAVCeleb_v1.2/FakeVideo-FakeAudio/Asian (South)/women/id07078/00405_id06445_NWtdqOxEbDY_id07686_wavtolip.mp4,00405_id06445_NWtdqOxEbDY_id07686_wavtolip.mp4,FakeAVCeleb,FakeVideo-FakeAudio,AUDIO_VISUAL_MANIPULATION,1,1,3,id07078,Asian (South),women,405,id06445;id07686,wav2lip,4,calibration
fac_2af1a55956eb,data/raw/fakeavceleb/FakeAVCeleb_v1.2/FakeAVCeleb_v1.2/FakeVideo-FakeAudio/Asian (South)/women/id07078/00405_id07049_BiljgZcyWI4_id06752_wavtolip.mp4,00405_id07049_BiljgZcyWI4_id06752_wavtolip.mp4,FakeAVCeleb,FakeVideo-FakeAudio,AUDIO_VISUAL_MANIPULATION,1,1,3,id07078,Asian (South),women,405,id07049;id06752,wav2lip,4,calibration
fac_04790f6ff077,data/raw/fakeavceleb/FakeAVCeleb_v1.2/FakeAVCeleb_v1.2/FakeVideo-FakeAudio/Asian (South)/women/id07078/00405_id07236_wavtolip.mp4,00405_id07236_wavtolip.mp4,FakeAVCeleb,FakeVideo-FakeAudio,AUDIO_VISUAL_MANIPULATION,1,1,3,id07078,Asian (South),women,405,id07236,wav2lip,4,calibration
fac_15280454d0f6,data/raw/fakeavceleb/FakeAVCeleb_v1.2/FakeAVCeleb_v1.2/FakeVideo-FakeAudio/Asian (South)/women/id07078/00405_id07377_wavtolip.mp4,00405_id07377_wavtolip.mp4,FakeAVCeleb,FakeVideo-FakeAudio,AUDIO_VISUAL_MANIPULATION,1,1,3,id07078,Asian (South),women,405,id07377,wav2lip,4,calibration
fac_ca4546c6e492,data/raw/fakeavceleb/FakeAVCeleb_v1.2/FakeAVCeleb_v1.2/FakeVideo-FakeAudio/Asian (South)/women/id07078/00405_id07686_lwSGz24c1Bs_id04490_wavtolip.mp4,00405_id07686_lwSGz24c1Bs_id04490_wavtolip.mp4,FakeAVCeleb,FakeVideo-FakeAudio,AUDIO_VISUAL_MANIPULATION,1,1,3,id07078,Asian (South),women,405,id07686;id04490,wav2lip,4,calibration
fac_c0c96e9c8b03,data/raw/fakeavceleb/FakeAVCeleb_v1.2/FakeAVCeleb_v1.2/FakeVideo-FakeAudio/Asian (South)/women/id07136/00052_0_id00488_wavtolip.mp4,00052_0_id00488_wavtolip.mp4,FakeAVCeleb,FakeVideo-FakeAudio,AUDIO_VISUAL_MANIPULATION,1,1,3,id07136,Asian (South),women,52,id00488,wav2lip,4,calibration
fac_af4a75b7a7ee,data/raw/fakeavceleb/FakeAVCeleb_v1.2/FakeAVCeleb_v1.2/FakeVideo-FakeAudio/Asian (South)/women/id07136/00052_0_id00739_wavtolip.mp4,00052_0_id00739_wavtolip.mp4,FakeAVCeleb,FakeVideo-FakeAudio,AUDIO_VISUAL_MANIPULATION,1,1,3,id07136,Asian (South),women,52,id00739,wav2lip,4,calibration
fac_490586cd3784,data/raw/fakeavceleb/FakeAVCeleb_v1.2/FakeAVCeleb_v1.2/FakeVideo-FakeAudio/Asian (South)/women/id07136/00052_0_id05478_wavtolip.mp4,00052_0_id05478_wavtolip.mp4,FakeAVCeleb,FakeVideo-FakeAudio,AUDIO_VISUAL_MANIPULATION,1,1,3,id07136,Asian (South),women,52,id05478,wav2lip,4,calibration
fac_cfe8d251ff63,data/raw/fakeavceleb/FakeAVCeleb_v1.2/FakeAVCeleb_v1.2/FakeVideo-FakeAudio/Asian (South)/women/id07136/00052_0_id05845_wavtolip.mp4,00052_0_id05845_wavtolip.mp4,FakeAVCeleb,FakeVideo-FakeAudio,AUDIO_VISUAL_MANIPULATION,1,1,3,id07136,Asian (South),women,52,id05845,wav2lip,4,calibration
fac_497726b05a9e,data/raw/fakeavceleb/FakeAVCeleb_v1.2/FakeAVCeleb_v1.2/FakeVideo-FakeAudio/Asian (South)/women/id07136/00052_0_id07008_wavtolip.mp4,00052_0_id07008_wavtolip.mp4,FakeAVCeleb,FakeVideo-FakeAudio,AUDIO_VISUAL_MANIPULATION,1,1,3,id07136,Asian (South),women,52,id07008,wav2lip,4,calibration
fac_39eea92a17c3,data/raw/fakeavceleb/FakeAVCeleb_v1.2/FakeAVCeleb_v1.2/FakeVideo-FakeAudio/Asian (South)/women/id07136/00052_1_id00043_wavtolip.mp4,00052_1_id00043_wavtolip.mp4,FakeAVCeleb,FakeVideo-FakeAudio,AUDIO_VISUAL_MANIPULATION,1,1,3,id07136,Asian (South),women,52,id00043,wav2lip,4,calibration
fac_02c96da80158,data/raw/fakeavceleb/FakeAVCeleb_v1.2/FakeAVCeleb_v1.2/FakeVideo-FakeAudio/Asian (South)/women/id07136/00052_1_id01026_wavtolip.mp4,00052_1_id01026_wavtolip.mp4,FakeAVCeleb,FakeVideo-FakeAudio,AUDIO_VISUAL_MANIPULATION,1,1,3,id07136,Asian (South),women,52,id01026,wav2lip,4,calibration
fac_e0e02cb208bd,data/raw/fakeavceleb/FakeAVCeleb_v1.2/FakeAVCeleb_v1.2/FakeVideo-FakeAudio/Asian (South)/women/id07136/00052_1_id04927_wavtolip.mp4,00052_1_id04927_wavtolip.mp4,FakeAVCeleb,FakeVideo-FakeAudio,AUDIO_VISUAL_MANIPULATION,1,1,3,id07136,Asian (South),women,52,id04927,wav2lip,4,calibration
fac_22f3fc903d38,data/raw/fakeavceleb/FakeAVCeleb_v1.2/FakeAVCeleb_v1.2/FakeVideo-FakeAudio/Asian (South)/women/id07136/00052_1_id05845_wavtolip.mp4,00052_1_id05845_wavtolip.mp4,FakeAVCeleb,FakeVideo-FakeAudio,AUDIO_VISUAL_MANIPULATION,1,1,3,id07136,Asian (South),women,52,id05845,wav2lip,4,calibration
fac_2bcc802e9691,data/raw/fakeavceleb/FakeAVCeleb_v1.2/FakeAVCeleb_v1.2/FakeVideo-FakeAudio/Asian (South)/women/id07136/00052_1_id07049_wavtolip.mp4,00052_1_id07049_wavtolip.mp4,FakeAVCeleb,FakeVideo-FakeAudio,AUDIO_VISUAL_MANIPULATION,1,1,3,id07136,Asian (South),women,52,id07049,wav2lip,4,calibration
fac_4737d565a025,data/raw/fakeavceleb/FakeAVCeleb_v1.2/FakeAVCeleb_v1.2/FakeVideo-FakeAudio/Asian (South)/women/id07136/00052_2_id03559_wavtolip.mp4,00052_2_id03559_wavtolip.mp4,FakeAVCeleb,FakeVideo-FakeAudio,AUDIO_VISUAL_MANIPULATION,1,1,3,id07136,Asian (South),women,52,id03559,wav2lip,4,calibration
fac_0094424cab2d,data/raw/fakeavceleb/FakeAVCeleb_v1.2/FakeAVCeleb_v1.2/FakeVideo-FakeAudio/Asian (South)/women/id07136/00052_2_id03985_wavtolip.mp4,00052_2_id03985_wavtolip.mp4,FakeAVCeleb,FakeVideo-FakeAudio,AUDIO_VISUAL_MANIPULATION,1,1,3,id07136,Asian (South),women,52,id03985,wav2lip,4,calibration
fac_6ae9b5ef8d9f,data/raw/fakeavceleb/FakeAVCeleb_v1.2/FakeAVCeleb_v1.2/FakeVideo-FakeAudio/Asian (South)/women/id07136/00052_2_id04490_wavtolip.mp4,00052_2_id04490_wavtolip.mp4,FakeAVCeleb,FakeVideo-FakeAudio,AUDIO_VISUAL_MANIPULATION,1,1,3,id07136,Asian (South),women,52,id04490,wav2lip,4,calibration
fac_265495dc9cc7,data/raw/fakeavceleb/FakeAVCeleb_v1.2/FakeAVCeleb_v1.2/FakeVideo-FakeAudio/Asian (South)/women/id07136/00052_2_id06438_wavtolip.mp4,00052_2_id06438_wavtolip.mp4,FakeAVCeleb,FakeVideo-FakeAudio,AUDIO_VISUAL_MANIPULATION,1,1,3,id07136,Asian (South),women,52,id06438,wav2lip,4,calibration
fac_fdac59b74a0e,data/raw/fakeavceleb/FakeAVCeleb_v1.2/FakeAVCeleb_v1.2/FakeVideo-FakeAudio/Asian (South)/women/id07136/00052_2_id06445_wavtolip.mp4,00052_2_id06445_wavtolip.mp4,FakeAVCeleb,FakeVideo-FakeAudio,AUDIO_VISUAL_MANIPULATION,1,1,3,id07136,Asian (South),women,52,id06445,wav2lip,4,calibration
fac_9b0455d4bb70,data/raw/fakeavceleb/FakeAVCeleb_v1.2/FakeAVCeleb_v1.2/FakeVideo-FakeAudio/Asian (South)/women/id07136/00052_id00739_wavtolip.mp4,00052_id00739_wavtolip.mp4,FakeAVCeleb,FakeVideo-FakeAudio,AUDIO_VISUAL_MANIPULATION,1,1,3,id07136,Asian (South),women,52,id00739,wav2lip,4,calibration
fac_2ff7b19bf53f,data/raw/fakeavceleb/FakeAVCeleb_v1.2/FakeAVCeleb_v1.2/FakeVideo-FakeAudio/Asian (South)/women/id07136/00052_id01026_rM4ZERt7oM0_id00043_wavtolip.mp4,00052_id01026_rM4ZERt7oM0_id00043_wavtolip.mp4,FakeAVCeleb,FakeVideo-FakeAudio,AUDIO_VISUAL_MANIPULATION,1,1,3,id07136,Asian (South),women,52,id01026;id00043,wav2lip,4,calibration
fac_7108aca1dc15,data/raw/fakeavceleb/FakeAVCeleb_v1.2/FakeAVCeleb_v1.2/FakeVideo-FakeAudio/Asian (South)/women/id07136/00052_id02310_zA-8Pw0SvZg_id06428_wavtolip.mp4,00052_id02310_zA-8Pw0SvZg_id06428_wavtolip.mp4,FakeAVCeleb,FakeVideo-FakeAudio,AUDIO_VISUAL_MANIPULATION,1,1,3,id07136,Asian (South),women,52,id02310;id06428,wav2lip,4,calibration
fac_ab8ab97cd082,data/raw/fakeavceleb/FakeAVCeleb_v1.2/FakeAVCeleb_v1.2/FakeVideo-FakeAudio/Asian (South)/women/id07136/00052_id03815_hw41YlLps4w_id00747_wavtolip.mp4,00052_id03815_hw41YlLps4w_id00747_wavtolip.mp4,FakeAVCeleb,FakeVideo-FakeAudio,AUDIO_VISUAL_MANIPULATION,1,1,3,id07136,Asian (South),women,52,id03815;id00747,wav2lip,4,calibration
fac_8c910e46c889,data/raw/fakeavceleb/FakeAVCeleb_v1.2/FakeAVCeleb_v1.2/FakeVideo-FakeAudio/Asian (South)/women/id07136/00052_id04070_wavtolip.mp4,00052_id04070_wavtolip.mp4,FakeAVCeleb,FakeVideo-FakeAudio,AUDIO_VISUAL_MANIPULATION,1,1,3,id07136,Asian (South),women,52,id04070,wav2lip,4,calibration
fac_d63e15a8721d,data/raw/fakeavceleb/FakeAVCeleb_v1.2/FakeAVCeleb_v1.2/FakeVideo-FakeAudio/Asian (South)/women/id07136/00052_id04582_wavtolip.mp4,00052_id04582_wavtolip.mp4,FakeAVCeleb,FakeVideo-FakeAudio,AUDIO_VISUAL_MANIPULATION,1,1,3,id07136,Asian (South),women,52,id04582,wav2lip,4,calibration
fac_2df0db04a103,data/raw/fakeavceleb/FakeAVCeleb_v1.2/FakeAVCeleb_v1.2/FakeVideo-FakeAudio/Asian (South)/women/id07136/00052_id04583_M10zZFjuAb0_faceswap_id03559_wavtolip.mp4,00052_id04583_M10zZFjuAb0_faceswap_id03559_wavtolip.mp4,FakeAVCeleb,FakeVideo-FakeAudio,AUDIO_VISUAL_MANIPULATION,1,1,3,id07136,Asian (South),women,52,id04583;id03559,faceswap,4,calibration
fac_17027da71ccb,data/raw/fakeavceleb/FakeAVCeleb_v1.2/FakeAVCeleb_v1.2/FakeVideo-FakeAudio/Asian (South)/women/id07136/00052_id04583_M10zZFjuAb0_faceswap_id03815_wavtolip.mp4,00052_id04583_M10zZFjuAb0_faceswap_id03815_wavtolip.mp4,FakeAVCeleb,FakeVideo-FakeAudio,AUDIO_VISUAL_MANIPULATION,1,1,3,id07136,Asian (South),women,52,id04583;id03815,faceswap,4,calibration
fac_8d305bc8fd4a,data/raw/fakeavceleb/FakeAVCeleb_v1.2/FakeAVCeleb_v1.2/FakeVideo-FakeAudio/Asian (South)/women/id07136/00052_id04583_M10zZFjuAb0_faceswap_id04070_wavtolip.mp4,00052_id04583_M10zZFjuAb0_faceswap_id04070_wavtolip.mp4,FakeAVCeleb,FakeVideo-FakeAudio,AUDIO_VISUAL_MANIPULATION,1,1,3,id07136,Asian (South),women,52,id04583;id04070,faceswap,4,calibration
fac_3338d925473e,data/raw/fakeavceleb/FakeAVCeleb_v1.2/FakeAVCeleb_v1.2/FakeVideo-FakeAudio/Asian (South)/women/id07136/00052_id04583_M10zZFjuAb0_faceswap_id04490_wavtolip.mp4,00052_id04583_M10zZFjuAb0_faceswap_id04490_wavtolip.mp4,FakeAVCeleb,FakeVideo-FakeAudio,AUDIO_VISUAL_MANIPULATION,1,1,3,id07136,Asian (South),women,52,id04583;id04490,faceswap,4,calibration
fac_1f48de0b12cc,data/raw/fakeavceleb/FakeAVCeleb_v1.2/FakeAVCeleb_v1.2/FakeVideo-FakeAudio/Asian (South)/women/id07136/00052_id04583_M10zZFjuAb0_faceswap_id06437_wavtolip.mp4,00052_id04583_M10zZFjuAb0_faceswap_id06437_wavtolip.mp4,FakeAVCeleb,FakeVideo-FakeAudio,AUDIO_VISUAL_MANIPULATION,1,1,3,id07136,Asian (South),women,52,id04583;id06437,faceswap,4,calibration
fac_0ee90577eae6,data/raw/fakeavceleb/FakeAVCeleb_v1.2/FakeAVCeleb_v1.2/FakeVideo-FakeAudio/Asian (South)/women/id07136/00052_id04583_M10zZFjuAb0_id01026_wavtolip.mp4,00052_id04583_M10zZFjuAb0_id01026_wavtolip.mp4,FakeAVCeleb,FakeVideo-FakeAudio,AUDIO_VISUAL_MANIPULATION,1,1,3,id07136,Asian (South),women,52,id04583;id01026,wav2lip,4,calibration
fac_b0dac1965d56,data/raw/fakeavceleb/FakeAVCeleb_v1.2/FakeAVCeleb_v1.2/FakeVideo-FakeAudio/Asian (South)/women/id07136/00052_id06232_wavtolip.mp4,00052_id06232_wavtolip.mp4,FakeAVCeleb,FakeVideo-FakeAudio,AUDIO_VISUAL_MANIPULATION,1,1,3,id07136,Asian (South),women,52,id06232,wav2lip,4,calibration
fac_0c02c89e6c4c,data/raw/fakeavceleb/FakeAVCeleb_v1.2/FakeAVCeleb_v1.2/FakeVideo-FakeAudio/Asian (South)/women/id07136/00052_id06439_wavtolip.mp4,00052_id06439_wavtolip.mp4,FakeAVCeleb,FakeVideo-FakeAudio,AUDIO_VISUAL_MANIPULATION,1,1,3,id07136,Asian (South),women,52,id06439,wav2lip,4,calibration
fac_073e91a1721a,data/raw/fakeavceleb/FakeAVCeleb_v1.2/FakeAVCeleb_v1.2/FakeVideo-FakeAudio/Asian (South)/women/id07136/00052_id06445_NWtdqOxEbDY_id05434_wavtolip.mp4,00052_id06445_NWtdqOxEbDY_id05434_wavtolip.mp4,FakeAVCeleb,FakeVideo-FakeAudio,AUDIO_VISUAL_MANIPULATION,1,1,3,id07136,Asian (South),women,52,id06445;id05434,wav2lip,4,calibration
fac_fb53c1638ce5,data/raw/fakeavceleb/FakeAVCeleb_v1.2/FakeAVCeleb_v1.2/FakeVideo-FakeAudio/Asian (South)/women/id07136/00052_id06752_wavtolip.mp4,00052_id06752_wavtolip.mp4,FakeAVCeleb,FakeVideo-FakeAudio,AUDIO_VISUAL_MANIPULATION,1,1,3,id07136,Asian (South),women,52,id06752,wav2lip,4,calibration
fac_8cf9e7a05bb0,data/raw/fakeavceleb/FakeAVCeleb_v1.2/FakeAVCeleb_v1.2/FakeVideo-FakeAudio/Asian (South)/women/id07136/00052_id07008_wavtolip.mp4,00052_id07008_wavtolip.mp4,FakeAVCeleb,FakeVideo-FakeAudio,AUDIO_VISUAL_MANIPULATION,1,1,3,id07136,Asian (South),women,52,id07008,wav2lip,4,calibration
fac_880562b9a4df,data/raw/fakeavceleb/FakeAVCeleb_v1.2/FakeAVCeleb_v1.2/FakeVideo-FakeAudio/Asian (South)/women/id07136/00052_id07051_d1c0Pl2aP_4_id00739_wavtolip.mp4,00052_id07051_d1c0Pl2aP_4_id00739_wavtolip.mp4,FakeAVCeleb,FakeVideo-FakeAudio,AUDIO_VISUAL_MANIPULATION,1,1,3,id07136,Asian (South),women,52,id07051;id00739,wav2lip,4,calibration
fac_640bdabc78ea,data/raw/fakeavceleb/FakeAVCeleb_v1.2/FakeAVCeleb_v1.2/FakeVideo-FakeAudio/Asian (South)/women/id07136/00052_id07051_wavtolip.mp4,00052_id07051_wavtolip.mp4,FakeAVCeleb,FakeVideo-FakeAudio,AUDIO_VISUAL_MANIPULATION,1,1,3,id07136,Asian (South),women,52,id07051,wav2lip,4,calibration
fac_29dc3e8f2afb,data/raw/fakeavceleb/FakeAVCeleb_v1.2/FakeAVCeleb_v1.2/FakeVideo-FakeAudio/Asian (South)/women/id07136/00052_id07377_FGNavKcGANA_id04564_wavtolip.mp4,00052_id07377_FGNavKcGANA_id04564_wavtolip.mp4,FakeAVCeleb,FakeVideo-FakeAudio,AUDIO_VISUAL_MANIPULATION,1,1,3,id07136,Asian (South),women,52,id07377;id04564,wav2lip,4,calibration
fac_070ac48d56d8,data/raw/fakeavceleb/FakeAVCeleb_v1.2/FakeAVCeleb_v1.2/FakeVideo-FakeAudio/Asian (South)/women/id07136/00052_id07377_wavtolip.mp4,00052_id07377_wavtolip.mp4,FakeAVCeleb,FakeVideo-FakeAudio,AUDIO_VISUAL_MANIPULATION,1,1,3,id07136,Asian (South),women,52,id07377,wav2lip,4,calibration
fac_c7207d3291c1,data/raw/fakeavceleb/FakeAVCeleb_v1.2/FakeAVCeleb_v1.2/FakeVideo-FakeAudio/Asian (South)/women/id07136/00052_id07689_wavtolip.mp4,00052_id07689_wavtolip.mp4,FakeAVCeleb,FakeVideo-FakeAudio,AUDIO_VISUAL_MANIPULATION,1,1,3,id07136,Asian (South),women,52,id07689,wav2lip,4,calibration
fac_3a166dd606b8,data/raw/fakeavceleb/FakeAVCeleb_v1.2/FakeAVCeleb_v1.2/FakeVideo-FakeAudio/Asian (South)/women/id07236/00143_id00488_F3YxmZ9CYFw_id04070_wavtolip.mp4,00143_id00488_F3YxmZ9CYFw_id04070_wavtolip.mp4,FakeAVCeleb,FakeVideo-FakeAudio,AUDIO_VISUAL_MANIPULATION,1,1,3,id07236,Asian (South),women,143,id00488;id04070,wav2lip,4,calibration
fac_c9e6cbcc45a0,data/raw/fakeavceleb/FakeAVCeleb_v1.2/FakeAVCeleb_v1.2/FakeVideo-FakeAudio/Asian (South)/women/id07236/00143_id03985_01aVtyjfVFM_id07377_wavtolip.mp4,00143_id03985_01aVtyjfVFM_id07377_wavtolip.mp4,FakeAVCeleb,FakeVideo-FakeAudio,AUDIO_VISUAL_MANIPULATION,1,1,3,id07236,Asian (South),women,143,id03985;id07377,wav2lip,4,calibration
fac_77c751d00ad7,data/raw/fakeavceleb/FakeAVCeleb_v1.2/FakeAVCeleb_v1.2/FakeVideo-FakeAudio/Asian (South)/women/id07236/00143_id04529_wavtolip.mp4,00143_id04529_wavtolip.mp4,FakeAVCeleb,FakeVideo-FakeAudio,AUDIO_VISUAL_MANIPULATION,1,1,3,id07236,Asian (South),women,143,id04529,wav2lip,4,calibration
fac_f9c902588a15,data/raw/fakeavceleb/FakeAVCeleb_v1.2/FakeAVCeleb_v1.2/FakeVideo-FakeAudio/Asian (South)/women/id07236/00143_id04530_W5-PTTL9HzU_id07236_wavtolip.mp4,00143_id04530_W5-PTTL9HzU_id07236_wavtolip.mp4,FakeAVCeleb,FakeVideo-FakeAudio,AUDIO_VISUAL_MANIPULATION,1,1,3,id07236,Asian (South),women,143,id04530;id07236,wav2lip,4,calibration
fac_975048f509c7,data/raw/fakeavceleb/FakeAVCeleb_v1.2/FakeAVCeleb_v1.2/FakeVideo-FakeAudio/Asian (South)/women/id07236/00143_id04530_wavtolip.mp4,00143_id04530_wavtolip.mp4,FakeAVCeleb,FakeVideo-FakeAudio,AUDIO_VISUAL_MANIPULATION,1,1,3,id07236,Asian (South),women,143,id04530,wav2lip,4,calibration
fac_d025e1eb26e9,data/raw/fakeavceleb/FakeAVCeleb_v1.2/FakeAVCeleb_v1.2/FakeVideo-FakeAudio/Asian (South)/women/id07236/00143_id04582_Pm9dX-TxNx0_id04564_wavtolip.mp4,00143_id04582_Pm9dX-TxNx0_id04564_wavtolip.mp4,FakeAVCeleb,FakeVideo-FakeAudio,AUDIO_VISUAL_MANIPULATION,1,1,3,id07236,Asian (South),women,143,id04582;id04564,wav2lip,4,calibration
fac_6c52f9429144,data/raw/fakeavceleb/FakeAVCeleb_v1.2/FakeAVCeleb_v1.2/FakeVideo-FakeAudio/Asian (South)/women/id07236/00143_id04582_wavtolip.mp4,00143_id04582_wavtolip.mp4,FakeAVCeleb,FakeVideo-FakeAudio,AUDIO_VISUAL_MANIPULATION,1,1,3,id07236,Asian (South),women,143,id04582,wav2lip,4,calibration
fac_d2b750543690,data/raw/fakeavceleb/FakeAVCeleb_v1.2/FakeAVCeleb_v1.2/FakeVideo-FakeAudio/Asian (South)/women/id07236/00143_id05435_OvX-Jv_whcU_faceswap_id04529_wavtolip.mp4,00143_id05435_OvX-Jv_whcU_faceswap_id04529_wavtolip.mp4,FakeAVCeleb,FakeVideo-FakeAudio,AUDIO_VISUAL_MANIPULATION,1,1,3,id07236,Asian (South),women,143,id05435;id04529,faceswap,4,calibration
fac_29fcb572f347,data/raw/fakeavceleb/FakeAVCeleb_v1.2/FakeAVCeleb_v1.2/FakeVideo-FakeAudio/Asian (South)/women/id07236/00143_id05435_OvX-Jv_whcU_faceswap_id05435_wavtolip.mp4,00143_id05435_OvX-Jv_whcU_faceswap_id05435_wavtolip.mp4,FakeAVCeleb,FakeVideo-FakeAudio,AUDIO_VISUAL_MANIPULATION,1,1,3,id07236,Asian (South),women,143,id05435;id05435,faceswap,4,calibration
fac_c31c774681e1,data/raw/fakeavceleb/FakeAVCeleb_v1.2/FakeAVCeleb_v1.2/FakeVideo-FakeAudio/Asian (South)/women/id07236/00143_id05435_OvX-Jv_whcU_faceswap_id05920_wavtolip.mp4,00143_id05435_OvX-Jv_whcU_faceswap_id05920_wavtolip.mp4,FakeAVCeleb,FakeVideo-FakeAudio,AUDIO_VISUAL_MANIPULATION,1,1,3,id07236,Asian (South),women,143,id05435;id05920,faceswap,4,calibration
fac_6df4c79587c9,data/raw/fakeavceleb/FakeAVCeleb_v1.2/FakeAVCeleb_v1.2/FakeVideo-FakeAudio/Asian (South)/women/id07236/00143_id05435_OvX-Jv_whcU_faceswap_id06268_wavtolip.mp4,00143_id05435_OvX-Jv_whcU_faceswap_id06268_wavtolip.mp4,FakeAVCeleb,FakeVideo-FakeAudio,AUDIO_VISUAL_MANIPULATION,1,1,3,id07236,Asian (South),women,143,id05435;id06268,faceswap,4,calibration
fac_2a1d144ba328,data/raw/fakeavceleb/FakeAVCeleb_v1.2/FakeAVCeleb_v1.2/FakeVideo-FakeAudio/Asian (South)/women/id07236/00143_id05435_OvX-Jv_whcU_id07049_wavtolip.mp4,00143_id05435_OvX-Jv_whcU_id07049_wavtolip.mp4,FakeAVCeleb,FakeVideo-FakeAudio,AUDIO_VISUAL_MANIPULATION,1,1,3,id07236,Asian (South),women,143,id05435;id07049,wav2lip,4,calibration
fac_2837774ded77,data/raw/fakeavceleb/FakeAVCeleb_v1.2/FakeAVCeleb_v1.2/FakeVideo-FakeAudio/Asian (South)/women/id07236/00143_id05478_wavtolip.mp4,00143_id05478_wavtolip.mp4,FakeAVCeleb,FakeVideo-FakeAudio,AUDIO_VISUAL_MANIPULATION,1,1,3,id07236,Asian (South),women,143,id05478,wav2lip,4,calibration
fac_fe7e2cb82641,data/raw/fakeavceleb/FakeAVCeleb_v1.2/FakeAVCeleb_v1.2/FakeVideo-FakeAudio/Asian (South)/women/id07236/00143_id05931_bFqu86NV3hk_id06428_wavtolip.mp4,00143_id05931_bFqu86NV3hk_id06428_wavtolip.mp4,FakeAVCeleb,FakeVideo-FakeAudio,AUDIO_VISUAL_MANIPULATION,1,1,3,id07236,Asian (South),women,143,id05931;id06428,wav2lip,4,calibration
fac_c2815c7dd9c7,data/raw/fakeavceleb/FakeAVCeleb_v1.2/FakeAVCeleb_v1.2/FakeVideo-FakeAudio/Asian (South)/women/id07236/00143_id06254_8VSfI86Fua4_id06428_wavtolip.mp4,00143_id06254_8VSfI86Fua4_id06428_wavtolip.mp4,FakeAVCeleb,FakeVideo-FakeAudio,AUDIO_VISUAL_MANIPULATION,1,1,3,id07236,Asian (South),women,143,id06254;id06428,wav2lip,4,calibration
fac_2db501cb8501,data/raw/fakeavceleb/FakeAVCeleb_v1.2/FakeAVCeleb_v1.2/FakeVideo-FakeAudio/Asian (South)/women/id07236/00143_id06268_wavtolip.mp4,00143_id06268_wavtolip.mp4,FakeAVCeleb,FakeVideo-FakeAudio,AUDIO_VISUAL_MANIPULATION,1,1,3,id07236,Asian (South),women,143,id06268,wav2lip,4,calibration
fac_2c01fe486093,data/raw/fakeavceleb/FakeAVCeleb_v1.2/FakeAVCeleb_v1.2/FakeVideo-FakeAudio/Asian (South)/women/id07236/00143_id06439_wavtolip.mp4,00143_id06439_wavtolip.mp4,FakeAVCeleb,FakeVideo-FakeAudio,AUDIO_VISUAL_MANIPULATION,1,1,3,id07236,Asian (South),women,143,id06439,wav2lip,4,calibration
fac_7573504cb825,data/raw/fakeavceleb/FakeAVCeleb_v1.2/FakeAVCeleb_v1.2/FakeVideo-FakeAudio/Asian (South)/women/id07236/00143_id07008_wavtolip.mp4,00143_id07008_wavtolip.mp4,FakeAVCeleb,FakeVideo-FakeAudio,AUDIO_VISUAL_MANIPULATION,1,1,3,id07236,Asian (South),women,143,id07008,wav2lip,4,calibration
fac_6e8fb6e40074,data/raw/fakeavceleb/FakeAVCeleb_v1.2/FakeAVCeleb_v1.2/FakeVideo-FakeAudio/Asian (South)/women/id07236/00143_id07051_d1c0Pl2aP_4_id01026_wavtolip.mp4,00143_id07051_d1c0Pl2aP_4_id01026_wavtolip.mp4,FakeAVCeleb,FakeVideo-FakeAudio,AUDIO_VISUAL_MANIPULATION,1,1,3,id07236,Asian (South),women,143,id07051;id01026,wav2lip,4,calibration
fac_7ac04207e9e6,data/raw/fakeavceleb/FakeAVCeleb_v1.2/FakeAVCeleb_v1.2/FakeVideo-FakeAudio/Asian (South)/women/id07236/00143_id07689_wavtolip.mp4,00143_id07689_wavtolip.mp4,FakeAVCeleb,FakeVideo-FakeAudio,AUDIO_VISUAL_MANIPULATION,1,1,3,id07236,Asian (South),women,143,id07689,wav2lip,4,calibration
fac_909d3cac5df8,data/raw/fakeavceleb/FakeAVCeleb_v1.2/FakeAVCeleb_v1.2/FakeVideo-FakeAudio/Asian (South)/women/id07377/00025_id00080_y29QtxBTASE_id01026_wavtolip.mp4,00025_id00080_y29QtxBTASE_id01026_wavtolip.mp4,FakeAVCeleb,FakeVideo-FakeAudio,AUDIO_VISUAL_MANIPULATION,1,1,3,id07377,Asian (South),women,25,id00080;id01026,wav2lip,4,calibration
fac_80e9b567046a,data/raw/fakeavceleb/FakeAVCeleb_v1.2/FakeAVCeleb_v1.2/FakeVideo-FakeAudio/Asian (South)/women/id07377/00025_id00149_s2evR-nUhVY_id06254_wavtolip.mp4,00025_id00149_s2evR-nUhVY_id06254_wavtolip.mp4,FakeAVCeleb,FakeVideo-FakeAudio,AUDIO_VISUAL_MANIPULATION,1,1,3,id07377,Asian (South),women,25,id00149;id06254,wav2lip,4,calibration
fac_333e3716ada1,data/raw/fakeavceleb/FakeAVCeleb_v1.2/FakeAVCeleb_v1.2/FakeVideo-FakeAudio/Asian (South)/women/id07377/00025_id01026_rM4ZERt7oM0_faceswap_id02310_wavtolip.mp4,00025_id01026_rM4ZERt7oM0_faceswap_id02310_wavtolip.mp4,FakeAVCeleb,FakeVideo-FakeAudio,AUDIO_VISUAL_MANIPULATION,1,1,3,id07377,Asian (South),women,25,id01026;id02310,faceswap,4,calibration
fac_127cabfb9ada,data/raw/fakeavceleb/FakeAVCeleb_v1.2/FakeAVCeleb_v1.2/FakeVideo-FakeAudio/Asian (South)/women/id07377/00025_id01026_rM4ZERt7oM0_faceswap_id04564_wavtolip.mp4,00025_id01026_rM4ZERt7oM0_faceswap_id04564_wavtolip.mp4,FakeAVCeleb,FakeVideo-FakeAudio,AUDIO_VISUAL_MANIPULATION,1,1,3,id07377,Asian (South),women,25,id01026;id04564,faceswap,4,calibration
fac_eca53774018a,data/raw/fakeavceleb/FakeAVCeleb_v1.2/FakeAVCeleb_v1.2/FakeVideo-FakeAudio/Asian (South)/women/id07377/00025_id01026_rM4ZERt7oM0_faceswap_id04583_wavtolip.mp4,00025_id01026_rM4ZERt7oM0_faceswap_id04583_wavtolip.mp4,FakeAVCeleb,FakeVideo-FakeAudio,AUDIO_VISUAL_MANIPULATION,1,1,3,id07377,Asian (South),women,25,id01026;id04583,faceswap,4,calibration
fac_5d8bea096d20,data/raw/fakeavceleb/FakeAVCeleb_v1.2/FakeAVCeleb_v1.2/FakeVideo-FakeAudio/Asian (South)/women/id07377/00025_id01026_rM4ZERt7oM0_faceswap_id05435_wavtolip.mp4,00025_id01026_rM4ZERt7oM0_faceswap_id05435_wavtolip.mp4,FakeAVCeleb,FakeVideo-FakeAudio,AUDIO_VISUAL_MANIPULATION,1,1,3,id07377,Asian (South),women,25,id01026;id05435,faceswap,4,calibration
fac_d1e8cbebb6d0,data/raw/fakeavceleb/FakeAVCeleb_v1.2/FakeAVCeleb_v1.2/FakeVideo-FakeAudio/Asian (South)/women/id07377/00025_id01026_wavtolip.mp4,00025_id01026_wavtolip.mp4,FakeAVCeleb,FakeVideo-FakeAudio,AUDIO_VISUAL_MANIPULATION,1,1,3,id07377,Asian (South),women,25,id01026,wav2lip,4,calibration
fac_a4170c0a3c82,data/raw/fakeavceleb/FakeAVCeleb_v1.2/FakeAVCeleb_v1.2/FakeVideo-FakeAudio/Asian (South)/women/id07377/00025_id02310_wavtolip.mp4,00025_id02310_wavtolip.mp4,FakeAVCeleb,FakeVideo-FakeAudio,AUDIO_VISUAL_MANIPULATION,1,1,3,id07377,Asian (South),women,25,id02310,wav2lip,4,calibration
fac_94a974f4bbbc,data/raw/fakeavceleb/FakeAVCeleb_v1.2/FakeAVCeleb_v1.2/FakeVideo-FakeAudio/Asian (South)/women/id07377/00025_id03815_hw41YlLps4w_id06254_wavtolip.mp4,00025_id03815_hw41YlLps4w_id06254_wavtolip.mp4,FakeAVCeleb,FakeVideo-FakeAudio,AUDIO_VISUAL_MANIPULATION,1,1,3,id07377,Asian (South),women,25,id03815;id06254,wav2lip,4,calibration
fac_15be1184f386,data/raw/fakeavceleb/FakeAVCeleb_v1.2/FakeAVCeleb_v1.2/FakeVideo-FakeAudio/Asian (South)/women/id07377/00025_id03897_wavtolip.mp4,00025_id03897_wavtolip.mp4,FakeAVCeleb,FakeVideo-FakeAudio,AUDIO_VISUAL_MANIPULATION,1,1,3,id07377,Asian (South),women,25,id03897,wav2lip,4,calibration
fac_ebb6fee0b242,data/raw/fakeavceleb/FakeAVCeleb_v1.2/FakeAVCeleb_v1.2/FakeVideo-FakeAudio/Asian (South)/women/id07377/00025_id03985_01aVtyjfVFM_id04490_wavtolip.mp4,00025_id03985_01aVtyjfVFM_id04490_wavtolip.mp4,FakeAVCeleb,FakeVideo-FakeAudio,AUDIO_VISUAL_MANIPULATION,1,1,3,id07377,Asian (South),women,25,id03985;id04490,wav2lip,4,calibration
fac_923db8cdacff,data/raw/fakeavceleb/FakeAVCeleb_v1.2/FakeAVCeleb_v1.2/FakeVideo-FakeAudio/Asian (South)/women/id07377/00025_id04490_wavtolip.mp4,00025_id04490_wavtolip.mp4,FakeAVCeleb,FakeVideo-FakeAudio,AUDIO_VISUAL_MANIPULATION,1,1,3,id07377,Asian (South),women,25,id04490,wav2lip,4,calibration
fac_9fef884658e5,data/raw/fakeavceleb/FakeAVCeleb_v1.2/FakeAVCeleb_v1.2/FakeVideo-FakeAudio/Asian (South)/women/id07377/00025_id05845_XfMHm6CEwPw_id05920_wavtolip.mp4,00025_id05845_XfMHm6CEwPw_id05920_wavtolip.mp4,FakeAVCeleb,FakeVideo-FakeAudio,AUDIO_VISUAL_MANIPULATION,1,1,3,id07377,Asian (South),women,25,id05845;id05920,wav2lip,4,calibration
fac_ba52255b4041,data/raw/fakeavceleb/FakeAVCeleb_v1.2/FakeAVCeleb_v1.2/FakeVideo-FakeAudio/Asian (South)/women/id07377/00025_id06254_wavtolip.mp4,00025_id06254_wavtolip.mp4,FakeAVCeleb,FakeVideo-FakeAudio,AUDIO_VISUAL_MANIPULATION,1,1,3,id07377,Asian (South),women,25,id06254,wav2lip,4,calibration
fac_6e315e201560,data/raw/fakeavceleb/FakeAVCeleb_v1.2/FakeAVCeleb_v1.2/FakeVideo-FakeAudio/Asian (South)/women/id07377/00025_id06428_A9nvRKd1afA_id07236_wavtolip.mp4,00025_id06428_A9nvRKd1afA_id07236_wavtolip.mp4,FakeAVCeleb,FakeVideo-FakeAudio,AUDIO_VISUAL_MANIPULATION,1,1,3,id07377,Asian (South),women,25,id06428;id07236,wav2lip,4,calibration
fac_02278b911dd8,data/raw/fakeavceleb/FakeAVCeleb_v1.2/FakeAVCeleb_v1.2/FakeVideo-FakeAudio/Asian (South)/women/id07377/00025_id06437_wavtolip.mp4,00025_id06437_wavtolip.mp4,FakeAVCeleb,FakeVideo-FakeAudio,AUDIO_VISUAL_MANIPULATION,1,1,3,id07377,Asian (South),women,25,id06437,wav2lip,4,calibration
fac_874aa85ce29f,data/raw/fakeavceleb/FakeAVCeleb_v1.2/FakeAVCeleb_v1.2/FakeVideo-FakeAudio/Asian (South)/women/id07377/00025_id06438_wavtolip.mp4,00025_id06438_wavtolip.mp4,FakeAVCeleb,FakeVideo-FakeAudio,AUDIO_VISUAL_MANIPULATION,1,1,3,id07377,Asian (South),women,25,id06438,wav2lip,4,calibration
fac_2e9e9927e3d4,data/raw/fakeavceleb/FakeAVCeleb_v1.2/FakeAVCeleb_v1.2/FakeVideo-FakeAudio/Asian (South)/women/id07377/00025_id06445_NWtdqOxEbDY_id06438_wavtolip.mp4,00025_id06445_NWtdqOxEbDY_id06438_wavtolip.mp4,FakeAVCeleb,FakeVideo-FakeAudio,AUDIO_VISUAL_MANIPULATION,1,1,3,id07377,Asian (South),women,25,id06445;id06438,wav2lip,4,calibration
fac_459285a523f1,data/raw/fakeavceleb/FakeAVCeleb_v1.2/FakeAVCeleb_v1.2/FakeVideo-FakeAudio/Asian (South)/women/id07377/00025_id07051_wavtolip.mp4,00025_id07051_wavtolip.mp4,FakeAVCeleb,FakeVideo-FakeAudio,AUDIO_VISUAL_MANIPULATION,1,1,3,id07377,Asian (South),women,25,id07051,wav2lip,4,calibration
fac_62f9dc33b061,data/raw/fakeavceleb/FakeAVCeleb_v1.2/FakeAVCeleb_v1.2/FakeVideo-FakeAudio/Asian (South)/women/id07377/00025_id07236_wavtolip.mp4,00025_id07236_wavtolip.mp4,FakeAVCeleb,FakeVideo-FakeAudio,AUDIO_VISUAL_MANIPULATION,1,1,3,id07377,Asian (South),women,25,id07236,wav2lip,4,calibration
fac_cd1622bef410,data/raw/fakeavceleb/FakeAVCeleb_v1.2/FakeAVCeleb_v1.2/FakeVideo-FakeAudio/Asian (South)/women/id07377/00025_id07686_wavtolip.mp4,00025_id07686_wavtolip.mp4,FakeAVCeleb,FakeVideo-FakeAudio,AUDIO_VISUAL_MANIPULATION,1,1,3,id07377,Asian (South),women,25,id07686,wav2lip,4,calibration
fac_a895217f9034,data/raw/fakeavceleb/FakeAVCeleb_v1.2/FakeAVCeleb_v1.2/FakeVideo-FakeAudio/Asian (South)/women/id07686/00254_id00417_GhIZam3v09g_id06343_wavtolip.mp4,00254_id00417_GhIZam3v09g_id06343_wavtolip.mp4,FakeAVCeleb,FakeVideo-FakeAudio,AUDIO_VISUAL_MANIPULATION,1,1,3,id07686,Asian (South),women,254,id00417;id06343,wav2lip,4,calibration
fac_b566eb1bbccb,data/raw/fakeavceleb/FakeAVCeleb_v1.2/FakeAVCeleb_v1.2/FakeVideo-FakeAudio/Asian (South)/women/id07686/00254_id00417_wavtolip.mp4,00254_id00417_wavtolip.mp4,FakeAVCeleb,FakeVideo-FakeAudio,AUDIO_VISUAL_MANIPULATION,1,1,3,id07686,Asian (South),women,254,id00417,wav2lip,4,calibration
fac_843d12a5fac4,data/raw/fakeavceleb/FakeAVCeleb_v1.2/FakeAVCeleb_v1.2/FakeVideo-FakeAudio/Asian (South)/women/id07686/00254_id02310_wavtolip.mp4,00254_id02310_wavtolip.mp4,FakeAVCeleb,FakeVideo-FakeAudio,AUDIO_VISUAL_MANIPULATION,1,1,3,id07686,Asian (South),women,254,id02310,wav2lip,4,calibration
fac_78142476f1ae,data/raw/fakeavceleb/FakeAVCeleb_v1.2/FakeAVCeleb_v1.2/FakeVideo-FakeAudio/Asian (South)/women/id07686/00254_id03897_wavtolip.mp4,00254_id03897_wavtolip.mp4,FakeAVCeleb,FakeVideo-FakeAudio,AUDIO_VISUAL_MANIPULATION,1,1,3,id07686,Asian (South),women,254,id03897,wav2lip,4,calibration
fac_ed3392a6b5a1,data/raw/fakeavceleb/FakeAVCeleb_v1.2/FakeAVCeleb_v1.2/FakeVideo-FakeAudio/Asian (South)/women/id07686/00254_id03985_01aVtyjfVFM_faceswap_id00043_wavtolip.mp4,00254_id03985_01aVtyjfVFM_faceswap_id00043_wavtolip.mp4,FakeAVCeleb,FakeVideo-FakeAudio,AUDIO_VISUAL_MANIPULATION,1,1,3,id07686,Asian (South),women,254,id03985;id00043,faceswap,4,calibration
fac_1b3682110188,data/raw/fakeavceleb/FakeAVCeleb_v1.2/FakeAVCeleb_v1.2/FakeVideo-FakeAudio/Asian (South)/women/id07686/00254_id03985_01aVtyjfVFM_faceswap_id01026_wavtolip.mp4,00254_id03985_01aVtyjfVFM_faceswap_id01026_wavtolip.mp4,FakeAVCeleb,FakeVideo-FakeAudio,AUDIO_VISUAL_MANIPULATION,1,1,3,id07686,Asian (South),women,254,id03985;id01026,faceswap,4,calibration
fac_78fb41d2b63e,data/raw/fakeavceleb/FakeAVCeleb_v1.2/FakeAVCeleb_v1.2/FakeVideo-FakeAudio/Asian (South)/women/id07686/00254_id03985_01aVtyjfVFM_faceswap_id03897_wavtolip.mp4,00254_id03985_01aVtyjfVFM_faceswap_id03897_wavtolip.mp4,FakeAVCeleb,FakeVideo-FakeAudio,AUDIO_VISUAL_MANIPULATION,1,1,3,id07686,Asian (South),women,254,id03985;id03897,faceswap,4,calibration
fac_b084ce3403a5,data/raw/fakeavceleb/FakeAVCeleb_v1.2/FakeAVCeleb_v1.2/FakeVideo-FakeAudio/Asian (South)/women/id07686/00254_id03985_01aVtyjfVFM_faceswap_id04070_wavtolip.mp4,00254_id03985_01aVtyjfVFM_faceswap_id04070_wavtolip.mp4,FakeAVCeleb,FakeVideo-FakeAudio,AUDIO_VISUAL_MANIPULATION,1,1,3,id07686,Asian (South),women,254,id03985;id04070,faceswap,4,calibration
fac_559854d6cbd5,data/raw/fakeavceleb/FakeAVCeleb_v1.2/FakeAVCeleb_v1.2/FakeVideo-FakeAudio/Asian (South)/women/id07686/00254_id03985_01aVtyjfVFM_faceswap_id04490_wavtolip.mp4,00254_id03985_01aVtyjfVFM_faceswap_id04490_wavtolip.mp4,FakeAVCeleb,FakeVideo-FakeAudio,AUDIO_VISUAL_MANIPULATION,1,1,3,id07686,Asian (South),women,254,id03985;id04490,faceswap,4,calibration
fac_4c2b7d42c948,data/raw/fakeavceleb/FakeAVCeleb_v1.2/FakeAVCeleb_v1.2/FakeVideo-FakeAudio/Asian (South)/women/id07686/00254_id03985_01aVtyjfVFM_id07377_wavtolip.mp4,00254_id03985_01aVtyjfVFM_id07377_wavtolip.mp4,FakeAVCeleb,FakeVideo-FakeAudio,AUDIO_VISUAL_MANIPULATION,1,1,3,id07686,Asian (South),women,254,id03985;id07377,wav2lip,4,calibration
fac_e3b8fbd42811,data/raw/fakeavceleb/FakeAVCeleb_v1.2/FakeAVCeleb_v1.2/FakeVideo-FakeAudio/Asian (South)/women/id07686/00254_id04564_xUz03LwKRtQ_id07008_wavtolip.mp4,00254_id04564_xUz03LwKRtQ_id07008_wavtolip.mp4,FakeAVCeleb,FakeVideo-FakeAudio,AUDIO_VISUAL_MANIPULATION,1,1,3,id07686,Asian (South),women,254,id04564;id07008,wav2lip,4,calibration
fac_b60e7fd0f09c,data/raw/fakeavceleb/FakeAVCeleb_v1.2/FakeAVCeleb_v1.2/FakeVideo-FakeAudio/Asian (South)/women/id07686/00254_id05434_wavtolip.mp4,00254_id05434_wavtolip.mp4,FakeAVCeleb,FakeVideo-FakeAudio,AUDIO_VISUAL_MANIPULATION,1,1,3,id07686,Asian (South),women,254,id05434,wav2lip,4,calibration
fac_ae15b368ccd9,data/raw/fakeavceleb/FakeAVCeleb_v1.2/FakeAVCeleb_v1.2/FakeVideo-FakeAudio/Asian (South)/women/id07686/00254_id05478_wavtolip.mp4,00254_id05478_wavtolip.mp4,FakeAVCeleb,FakeVideo-FakeAudio,AUDIO_VISUAL_MANIPULATION,1,1,3,id07686,Asian (South),women,254,id05478,wav2lip,4,calibration
fac_b3930a41b2bb,data/raw/fakeavceleb/FakeAVCeleb_v1.2/FakeAVCeleb_v1.2/FakeVideo-FakeAudio/Asian (South)/women/id07686/00254_id06232_wavtolip.mp4,00254_id06232_wavtolip.mp4,FakeAVCeleb,FakeVideo-FakeAudio,AUDIO_VISUAL_MANIPULATION,1,1,3,id07686,Asian (South),women,254,id06232,wav2lip,4,calibration
fac_43ebd2f04208,data/raw/fakeavceleb/FakeAVCeleb_v1.2/FakeAVCeleb_v1.2/FakeVideo-FakeAudio/Asian (South)/women/id07686/00254_id06254_8VSfI86Fua4_id06254_wavtolip.mp4,00254_id06254_8VSfI86Fua4_id06254_wavtolip.mp4,FakeAVCeleb,FakeVideo-FakeAudio,AUDIO_VISUAL_MANIPULATION,1,1,3,id07686,Asian (South),women,254,id06254;id06254,wav2lip,4,calibration
fac_12a90ead871f,data/raw/fakeavceleb/FakeAVCeleb_v1.2/FakeAVCeleb_v1.2/FakeVideo-FakeAudio/Asian (South)/women/id07686/00254_id06254_wavtolip.mp4,00254_id06254_wavtolip.mp4,FakeAVCeleb,FakeVideo-FakeAudio,AUDIO_VISUAL_MANIPULATION,1,1,3,id07686,Asian (South),women,254,id06254,wav2lip,4,calibration
fac_ad6e69aa042a,data/raw/fakeavceleb/FakeAVCeleb_v1.2/FakeAVCeleb_v1.2/FakeVideo-FakeAudio/Asian (South)/women/id07686/00254_id06268_wavtolip.mp4,00254_id06268_wavtolip.mp4,FakeAVCeleb,FakeVideo-FakeAudio,AUDIO_VISUAL_MANIPULATION,1,1,3,id07686,Asian (South),women,254,id06268,wav2lip,4,calibration
fac_c9a90a76cab8,data/raw/fakeavceleb/FakeAVCeleb_v1.2/FakeAVCeleb_v1.2/FakeVideo-FakeAudio/Asian (South)/women/id07686/00254_id06437_3BZvvzBhj8s_id00043_wavtolip.mp4,00254_id06437_3BZvvzBhj8s_id00043_wavtolip.mp4,FakeAVCeleb,FakeVideo-FakeAudio,AUDIO_VISUAL_MANIPULATION,1,1,3,id07686,Asian (South),women,254,id06437;id00043,wav2lip,4,calibration
fac_ebd8678d613d,data/raw/fakeavceleb/FakeAVCeleb_v1.2/FakeAVCeleb_v1.2/FakeVideo-FakeAudio/Asian (South)/women/id07686/00254_id06437_wavtolip.mp4,00254_id06437_wavtolip.mp4,FakeAVCeleb,FakeVideo-FakeAudio,AUDIO_VISUAL_MANIPULATION,1,1,3,id07686,Asian (South),women,254,id06437,wav2lip,4,calibration
fac_02fa2660a9ce,data/raw/fakeavceleb/FakeAVCeleb_v1.2/FakeAVCeleb_v1.2/FakeVideo-FakeAudio/Asian (South)/women/id07686/00254_id06439_wavtolip.mp4,00254_id06439_wavtolip.mp4,FakeAVCeleb,FakeVideo-FakeAudio,AUDIO_VISUAL_MANIPULATION,1,1,3,id07686,Asian (South),women,254,id06439,wav2lip,4,calibration
fac_7b3070988a0a,data/raw/fakeavceleb/FakeAVCeleb_v1.2/FakeAVCeleb_v1.2/FakeVideo-FakeAudio/Asian (South)/women/id07686/00254_id07078_sLVbTD3Dtgw_id02619_wavtolip.mp4,00254_id07078_sLVbTD3Dtgw_id02619_wavtolip.mp4,FakeAVCeleb,FakeVideo-FakeAudio,AUDIO_VISUAL_MANIPULATION,1,1,3,id07686,Asian (South),women,254,id07078;id02619,wav2lip,4,calibration
fac_72ed351850ee,data/raw/fakeavceleb/FakeAVCeleb_v1.2/FakeAVCeleb_v1.2/FakeVideo-FakeAudio/Asian (South)/women/id07689/00028_1_id00235_wavtolip.mp4,00028_1_id00235_wavtolip.mp4,FakeAVCeleb,FakeVideo-FakeAudio,AUDIO_VISUAL_MANIPULATION,1,1,3,id07689,Asian (South),women,28,id00235,wav2lip,4,calibration
fac_c8f78532dca7,data/raw/fakeavceleb/FakeAVCeleb_v1.2/FakeAVCeleb_v1.2/FakeVideo-FakeAudio/Asian (South)/women/id07689/00028_1_id03897_wavtolip.mp4,00028_1_id03897_wavtolip.mp4,FakeAVCeleb,FakeVideo-FakeAudio,AUDIO_VISUAL_MANIPULATION,1,1,3,id07689,Asian (South),women,28,id03897,wav2lip,4,calibration
fac_0fea14410b3c,data/raw/fakeavceleb/FakeAVCeleb_v1.2/FakeAVCeleb_v1.2/FakeVideo-FakeAudio/Asian (South)/women/id07689/00028_1_id04582_wavtolip.mp4,00028_1_id04582_wavtolip.mp4,FakeAVCeleb,FakeVideo-FakeAudio,AUDIO_VISUAL_MANIPULATION,1,1,3,id07689,Asian (South),women,28,id04582,wav2lip,4,calibration
fac_dc394efe5991,data/raw/fakeavceleb/FakeAVCeleb_v1.2/FakeAVCeleb_v1.2/FakeVideo-FakeAudio/Asian (South)/women/id07689/00028_1_id05435_wavtolip.mp4,00028_1_id05435_wavtolip.mp4,FakeAVCeleb,FakeVideo-FakeAudio,AUDIO_VISUAL_MANIPULATION,1,1,3,id07689,Asian (South),women,28,id05435,wav2lip,4,calibration
fac_15f318768038,data/raw/fakeavceleb/FakeAVCeleb_v1.2/FakeAVCeleb_v1.2/FakeVideo-FakeAudio/Asian (South)/women/id07689/00028_1_id07136_wavtolip.mp4,00028_1_id07136_wavtolip.mp4,FakeAVCeleb,FakeVideo-FakeAudio,AUDIO_VISUAL_MANIPULATION,1,1,3,id07689,Asian (South),women,28,id07136,wav2lip,4,calibration
fac_2e3946292a46,data/raw/fakeavceleb/FakeAVCeleb_v1.2/FakeAVCeleb_v1.2/FakeVideo-FakeAudio/Asian (South)/women/id07689/00028_2_id00043_wavtolip.mp4,00028_2_id00043_wavtolip.mp4,FakeAVCeleb,FakeVideo-FakeAudio,AUDIO_VISUAL_MANIPULATION,1,1,3,id07689,Asian (South),women,28,id00043,wav2lip,4,calibration
fac_1648baaa26ad,data/raw/fakeavceleb/FakeAVCeleb_v1.2/FakeAVCeleb_v1.2/FakeVideo-FakeAudio/Asian (South)/women/id07689/00028_2_id03559_wavtolip.mp4,00028_2_id03559_wavtolip.mp4,FakeAVCeleb,FakeVideo-FakeAudio,AUDIO_VISUAL_MANIPULATION,1,1,3,id07689,Asian (South),women,28,id03559,wav2lip,4,calibration
fac_36dda53f8d2d,data/raw/fakeavceleb/FakeAVCeleb_v1.2/FakeAVCeleb_v1.2/FakeVideo-FakeAudio/Asian (South)/women/id07689/00028_2_id05435_wavtolip.mp4,00028_2_id05435_wavtolip.mp4,FakeAVCeleb,FakeVideo-FakeAudio,AUDIO_VISUAL_MANIPULATION,1,1,3,id07689,Asian (South),women,28,id05435,wav2lip,4,calibration
fac_5d41c03a9536,data/raw/fakeavceleb/FakeAVCeleb_v1.2/FakeAVCeleb_v1.2/FakeVideo-FakeAudio/Asian (South)/women/id07689/00028_2_id06439_wavtolip.mp4,00028_2_id06439_wavtolip.mp4,FakeAVCeleb,FakeVideo-FakeAudio,AUDIO_VISUAL_MANIPULATION,1,1,3,id07689,Asian (South),women,28,id06439,wav2lip,4,calibration
fac_7a1b0e29b4b2,data/raw/fakeavceleb/FakeAVCeleb_v1.2/FakeAVCeleb_v1.2/FakeVideo-FakeAudio/Asian (South)/women/id07689/00028_2_id07686_wavtolip.mp4,00028_2_id07686_wavtolip.mp4,FakeAVCeleb,FakeVideo-FakeAudio,AUDIO_VISUAL_MANIPULATION,1,1,3,id07689,Asian (South),women,28,id07686,wav2lip,4,calibration
fac_cde18e2473b0,data/raw/fakeavceleb/FakeAVCeleb_v1.2/FakeAVCeleb_v1.2/FakeVideo-FakeAudio/Asian (South)/women/id07689/00028_3_id00235_wavtolip.mp4,00028_3_id00235_wavtolip.mp4,FakeAVCeleb,FakeVideo-FakeAudio,AUDIO_VISUAL_MANIPULATION,1,1,3,id07689,Asian (South),women,28,id00235,wav2lip,4,calibration
fac_e90216e6427e,data/raw/fakeavceleb/FakeAVCeleb_v1.2/FakeAVCeleb_v1.2/FakeVideo-FakeAudio/Asian (South)/women/id07689/00028_3_id04564_wavtolip.mp4,00028_3_id04564_wavtolip.mp4,FakeAVCeleb,FakeVideo-FakeAudio,AUDIO_VISUAL_MANIPULATION,1,1,3,id07689,Asian (South),women,28,id04564,wav2lip,4,calibration
fac_0f2ad400a52b,data/raw/fakeavceleb/FakeAVCeleb_v1.2/FakeAVCeleb_v1.2/FakeVideo-FakeAudio/Asian (South)/women/id07689/00028_3_id06438_wavtolip.mp4,00028_3_id06438_wavtolip.mp4,FakeAVCeleb,FakeVideo-FakeAudio,AUDIO_VISUAL_MANIPULATION,1,1,3,id07689,Asian (South),women,28,id06438,wav2lip,4,calibration
fac_9dbad83bc7ce,data/raw/fakeavceleb/FakeAVCeleb_v1.2/FakeAVCeleb_v1.2/FakeVideo-FakeAudio/Asian (South)/women/id07689/00028_3_id07686_wavtolip.mp4,00028_3_id07686_wavtolip.mp4,FakeAVCeleb,FakeVideo-FakeAudio,AUDIO_VISUAL_MANIPULATION,1,1,3,id07689,Asian (South),women,28,id07686,wav2lip,4,calibration
fac_f1fd8731716b,data/raw/fakeavceleb/FakeAVCeleb_v1.2/FakeAVCeleb_v1.2/FakeVideo-FakeAudio/Asian (South)/women/id07689/00028_3_id07689_wavtolip.mp4,00028_3_id07689_wavtolip.mp4,FakeAVCeleb,FakeVideo-FakeAudio,AUDIO_VISUAL_MANIPULATION,1,1,3,id07689,Asian (South),women,28,id07689,wav2lip,4,calibration
fac_f601ba8684b6,data/raw/fakeavceleb/FakeAVCeleb_v1.2/FakeAVCeleb_v1.2/FakeVideo-FakeAudio/Asian (South)/women/id07689/00028_id00747_wavtolip.mp4,00028_id00747_wavtolip.mp4,FakeAVCeleb,FakeVideo-FakeAudio,AUDIO_VISUAL_MANIPULATION,1,1,3,id07689,Asian (South),women,28,id00747,wav2lip,4,calibration
fac_82840d59d652,data/raw/fakeavceleb/FakeAVCeleb_v1.2/FakeAVCeleb_v1.2/FakeVideo-FakeAudio/Asian (South)/women/id07689/00028_id02310_wavtolip.mp4,00028_id02310_wavtolip.mp4,FakeAVCeleb,FakeVideo-FakeAudio,AUDIO_VISUAL_MANIPULATION,1,1,3,id07689,Asian (South),women,28,id02310,wav2lip,4,calibration
fac_fb5b454d036f,data/raw/fakeavceleb/FakeAVCeleb_v1.2/FakeAVCeleb_v1.2/FakeVideo-FakeAudio/Asian (South)/women/id07689/00028_id03985_01aVtyjfVFM_faceswap_id04529_wavtolip.mp4,00028_id03985_01aVtyjfVFM_faceswap_id04529_wavtolip.mp4,FakeAVCeleb,FakeVideo-FakeAudio,AUDIO_VISUAL_MANIPULATION,1,1,3,id07689,Asian (South),women,28,id03985;id04529,faceswap,4,calibration
fac_bb42cf554e3e,data/raw/fakeavceleb/FakeAVCeleb_v1.2/FakeAVCeleb_v1.2/FakeVideo-FakeAudio/Asian (South)/women/id07689/00028_id03985_01aVtyjfVFM_faceswap_id06254_wavtolip.mp4,00028_id03985_01aVtyjfVFM_faceswap_id06254_wavtolip.mp4,FakeAVCeleb,FakeVideo-FakeAudio,AUDIO_VISUAL_MANIPULATION,1,1,3,id07689,Asian (South),women,28,id03985;id06254,faceswap,4,calibration
fac_74adc0591e9b,data/raw/fakeavceleb/FakeAVCeleb_v1.2/FakeAVCeleb_v1.2/FakeVideo-FakeAudio/Asian (South)/women/id07689/00028_id03985_01aVtyjfVFM_faceswap_id06343_wavtolip.mp4,00028_id03985_01aVtyjfVFM_faceswap_id06343_wavtolip.mp4,FakeAVCeleb,FakeVideo-FakeAudio,AUDIO_VISUAL_MANIPULATION,1,1,3,id07689,Asian (South),women,28,id03985;id06343,faceswap,4,calibration
fac_9238b556466a,data/raw/fakeavceleb/FakeAVCeleb_v1.2/FakeAVCeleb_v1.2/FakeVideo-FakeAudio/Asian (South)/women/id07689/00028_id03985_01aVtyjfVFM_faceswap_id06437_wavtolip.mp4,00028_id03985_01aVtyjfVFM_faceswap_id06437_wavtolip.mp4,FakeAVCeleb,FakeVideo-FakeAudio,AUDIO_VISUAL_MANIPULATION,1,1,3,id07689,Asian (South),women,28,id03985;id06437,faceswap,4,calibration
fac_16b0f7b94d41,data/raw/fakeavceleb/FakeAVCeleb_v1.2/FakeAVCeleb_v1.2/FakeVideo-FakeAudio/Asian (South)/women/id07689/00028_id03985_01aVtyjfVFM_faceswap_id07236_wavtolip.mp4,00028_id03985_01aVtyjfVFM_faceswap_id07236_wavtolip.mp4,FakeAVCeleb,FakeVideo-FakeAudio,AUDIO_VISUAL_MANIPULATION,1,1,3,id07689,Asian (South),women,28,id03985;id07236,faceswap,4,calibration
fac_612798546d8d,data/raw/fakeavceleb/FakeAVCeleb_v1.2/FakeAVCeleb_v1.2/FakeVideo-FakeAudio/Asian (South)/women/id07689/00028_id03985_01aVtyjfVFM_id06438_wavtolip.mp4,00028_id03985_01aVtyjfVFM_id06438_wavtolip.mp4,FakeAVCeleb,FakeVideo-FakeAudio,AUDIO_VISUAL_MANIPULATION,1,1,3,id07689,Asian (South),women,28,id03985;id06438,wav2lip,4,calibration
fac_5b8252e5d813,data/raw/fakeavceleb/FakeAVCeleb_v1.2/FakeAVCeleb_v1.2/FakeVideo-FakeAudio/Asian (South)/women/id07689/00028_id04070_wavtolip.mp4,00028_id04070_wavtolip.mp4,FakeAVCeleb,FakeVideo-FakeAudio,AUDIO_VISUAL_MANIPULATION,1,1,3,id07689,Asian (South),women,28,id04070,wav2lip,4,calibration
fac_35f4c5fc878a,data/raw/fakeavceleb/FakeAVCeleb_v1.2/FakeAVCeleb_v1.2/FakeVideo-FakeAudio/Asian (South)/women/id07689/00028_id04530_wavtolip.mp4,00028_id04530_wavtolip.mp4,FakeAVCeleb,FakeVideo-FakeAudio,AUDIO_VISUAL_MANIPULATION,1,1,3,id07689,Asian (South),women,28,id04530,wav2lip,4,calibration
fac_20253d81b4a2,data/raw/fakeavceleb/FakeAVCeleb_v1.2/FakeAVCeleb_v1.2/FakeVideo-FakeAudio/Asian (South)/women/id07689/00028_id05434_6p7kCmdOjDQ_id06428_wavtolip.mp4,00028_id05434_6p7kCmdOjDQ_id06428_wavtolip.mp4,FakeAVCeleb,FakeVideo-FakeAudio,AUDIO_VISUAL_MANIPULATION,1,1,3,id07689,Asian (South),women,28,id05434;id06428,wav2lip,4,calibration
fac_c3cb6846988b,data/raw/fakeavceleb/FakeAVCeleb_v1.2/FakeAVCeleb_v1.2/FakeVideo-FakeAudio/Asian (South)/women/id07689/00028_id05435_OvX-Jv_whcU_id05435_wavtolip.mp4,00028_id05435_OvX-Jv_whcU_id05435_wavtolip.mp4,FakeAVCeleb,FakeVideo-FakeAudio,AUDIO_VISUAL_MANIPULATION,1,1,3,id07689,Asian (South),women,28,id05435;id05435,wav2lip,4,calibration
fac_1b79d7546637,data/raw/fakeavceleb/FakeAVCeleb_v1.2/FakeAVCeleb_v1.2/FakeVideo-FakeAudio/Asian (South)/women/id07689/00028_id05845_XfMHm6CEwPw_id06232_wavtolip.mp4,00028_id05845_XfMHm6CEwPw_id06232_wavtolip.mp4,FakeAVCeleb,FakeVideo-FakeAudio,AUDIO_VISUAL_MANIPULATION,1,1,3,id07689,Asian (South),women,28,id05845;id06232,wav2lip,4,calibration
fac_911998b9efb8,data/raw/fakeavceleb/FakeAVCeleb_v1.2/FakeAVCeleb_v1.2/FakeVideo-FakeAudio/Asian (South)/women/id07689/00028_id05920_LuLTJu54joo_id07051_wavtolip.mp4,00028_id05920_LuLTJu54joo_id07051_wavtolip.mp4,FakeAVCeleb,FakeVideo-FakeAudio,AUDIO_VISUAL_MANIPULATION,1,1,3,id07689,Asian (South),women,28,id05920;id07051,wav2lip,4,calibration
fac_6c6098d13c1b,data/raw/fakeavceleb/FakeAVCeleb_v1.2/FakeAVCeleb_v1.2/FakeVideo-FakeAudio/Asian (South)/women/id07689/00028_id06254_wavtolip.mp4,00028_id06254_wavtolip.mp4,FakeAVCeleb,FakeVideo-FakeAudio,AUDIO_VISUAL_MANIPULATION,1,1,3,id07689,Asian (South),women,28,id06254,wav2lip,4,calibration
fac_d2196c78ba38,data/raw/fakeavceleb/FakeAVCeleb_v1.2/FakeAVCeleb_v1.2/FakeVideo-FakeAudio/Asian (South)/women/id07689/00028_id06343_wavtolip.mp4,00028_id06343_wavtolip.mp4,FakeAVCeleb,FakeVideo-FakeAudio,AUDIO_VISUAL_MANIPULATION,1,1,3,id07689,Asian (South),women,28,id06343,wav2lip,4,calibration
fac_2cc803e7ce57,data/raw/fakeavceleb/FakeAVCeleb_v1.2/FakeAVCeleb_v1.2/FakeVideo-FakeAudio/Asian (South)/women/id07689/00028_id06438_vf3xBVgYqYA_id06232_wavtolip.mp4,00028_id06438_vf3xBVgYqYA_id06232_wavtolip.mp4,FakeAVCeleb,FakeVideo-FakeAudio,AUDIO_VISUAL_MANIPULATION,1,1,3,id07689,Asian (South),women,28,id06438;id06232,wav2lip,4,calibration
fac_d041af2739a6,data/raw/fakeavceleb/FakeAVCeleb_v1.2/FakeAVCeleb_v1.2/FakeVideo-FakeAudio/Asian (South)/women/id07689/00028_id07008_wavtolip.mp4,00028_id07008_wavtolip.mp4,FakeAVCeleb,FakeVideo-FakeAudio,AUDIO_VISUAL_MANIPULATION,1,1,3,id07689,Asian (South),women,28,id07008,wav2lip,4,calibration
fac_25237c808686,data/raw/fakeavceleb/FakeAVCeleb_v1.2/FakeAVCeleb_v1.2/FakeVideo-FakeAudio/Asian (South)/women/id07689/00028_id07136_4e43eS5p3_M_id04582_wavtolip.mp4,00028_id07136_4e43eS5p3_M_id04582_wavtolip.mp4,FakeAVCeleb,FakeVideo-FakeAudio,AUDIO_VISUAL_MANIPULATION,1,1,3,id07689,Asian (South),women,28,id07136;id04582,wav2lip,4,calibration
fac_c70f00a265db,data/raw/fakeavceleb/FakeAVCeleb_v1.2/FakeAVCeleb_v1.2/FakeVideo-FakeAudio/Asian (South)/women/id07689/00028_id07377_wavtolip.mp4,00028_id07377_wavtolip.mp4,FakeAVCeleb,FakeVideo-FakeAudio,AUDIO_VISUAL_MANIPULATION,1,1,3,id07689,Asian (South),women,28,id07377,wav2lip,4,calibration
fac_910b29da3ad6,data/raw/fakeavceleb/FakeAVCeleb_v1.2/FakeAVCeleb_v1.2/FakeVideo-FakeAudio/Asian (South)/women/id07689/00028_id07686_wavtolip.mp4,00028_id07686_wavtolip.mp4,FakeAVCeleb,FakeVideo-FakeAudio,AUDIO_VISUAL_MANIPULATION,1,1,3,id07689,Asian (South),women,28,id07686,wav2lip,4,calibration
